condition,training_seed,evaluation_mode,episode,success,impact_safe,stable_hold,first_contact_peak_force_n,force_exceeded_18n,force_exceeded_36n,emergency_failure,safety_violation,failure_category,failure_reason,hold_time_s,episode_return,final_phase,mass,friction,final_box_speed_mps,actor_residual_abs_mean,policy_command_delta,max_policy_command_delta
D0,7,learned,0,True,True,True,11.764518009161199,False,False,False,False,,,5.009999999999938,0.0,warmup,0.5128083197961336,1.1512648415214817,0.0205309893507609,0.017638211497970836,0.0014308857300356572,0.030857518315315247
D0,7,learned,1,True,True,True,10.840294758455768,False,False,False,False,,,5.009999999999938,0.0,intermediate,0.5583821710176411,1.2738890168815886,0.0215197630547791,0.01742127336666651,0.0013525605782713187,0.033247411251068115
D0,7,learned,2,True,True,True,14.601481849765968,False,False,False,False,,,5.009999999999938,0.0,full,0.42594280942227786,0.9534267532589371,0.018927746819848518,0.017031254573972837,0.0011937255023311325,0.0357624851167202
D0,7,learned,3,True,True,True,11.58050867461877,False,False,False,False,,,5.009999999999938,0.0,warmup,0.509978780669319,1.1525834806578006,0.01975733143466068,0.017617866360748465,0.0014683245163676485,0.032116346061229706
D0,7,learned,4,True,True,True,12.381771541733642,False,False,False,False,,,5.009999999999938,0.0,intermediate,0.5696580900535205,1.2016692008919285,0.022635052652771815,0.017609314591897202,0.001517168495861745,0.03121895156800747
D0,7,learned,5,True,True,True,13.21688198780223,False,False,False,False,,,5.009999999999938,0.0,full,0.4265115823194439,1.437154991672124,0.01959462492737821,0.0177292103872167,0.0011966664329208917,0.026510778814554214
D0,7,learned,6,True,True,True,12.477594230490144,False,False,False,False,,,5.009999999999938,0.0,warmup,0.5075895884587166,1.2407813524535225,0.02012687269391008,0.017652760533609403,0.001468257065748494,0.03128175437450409
D0,7,learned,7,True,True,True,12.30850403788233,False,False,False,False,,,5.009999999999938,0.0,intermediate,0.48690102169905397,1.038737655570714,0.01866533165910469,0.017731859466516862,0.0015203983791857055,0.027488457038998604
D0,7,learned,8,True,True,True,14.250870430782507,False,False,False,False,,,5.009999999999938,0.0,full,0.505785052514625,1.5431761150884702,0.020939120735807983,0.017873664115091014,0.0013634016710867647,0.026917366310954094
D0,7,learned,9,True,True,True,12.796840543829598,False,False,False,False,,,5.009999999999938,0.0,warmup,0.49479990440431754,1.1688952171756082,0.019267619856366464,0.01769101050880469,0.0014523689996340946,0.030018499121069908
D0,7,learned,10,True,True,True,12.295768637181155,False,False,False,False,,,5.009999999999938,0.0,intermediate,0.5579570453338745,1.2889912019305365,0.02132400161261903,0.017645536238455547,0.00137999872719575,0.030535170808434486
D0,7,learned,11,True,True,True,13.483812681920593,False,False,False,False,,,5.009999999999938,0.0,full,0.637714525300757,1.1834188609198721,0.021115625061211056,0.01776268341411656,0.0016505138102209977,0.026625975966453552
D0,7,learned,12,True,True,True,11.878234165588193,False,False,False,False,,,5.009999999999938,0.0,warmup,0.5009263118149376,1.2188247958799947,0.019225199871432893,0.017786741154416738,0.0015272387810940367,0.029660165309906006
D0,7,learned,13,True,True,True,11.137160198318261,False,False,False,False,,,5.009999999999938,0.0,intermediate,0.5721493389616075,1.0132527290956106,0.020722484060694022,0.017390363368305423,0.0014496556302158311,0.03412376344203949
D0,7,learned,14,False,True,False,15.12325098514348,False,False,False,False,unstable box motion,timeout,0.09,0.0,full,0.47084174840317594,1.1668854451158555,0.02639784902144492,0.016993507039334874,0.0012433054695221862,0.03555364906787872
D0,7,learned,15,True,True,True,12.420553129023336,False,False,False,False,,,5.009999999999938,0.0,warmup,0.48738766261608873,1.2336237205624674,0.019556144806942316,0.01768619523824656,0.0014481887316391078,0.030682014301419258
D0,7,learned,16,True,True,True,10.567374794210195,False,False,False,False,,,5.009999999999938,0.0,intermediate,0.44463355547976935,1.2760410585312312,0.020292150458613174,0.017494975309651977,0.0013799513086224506,0.03306819498538971
D0,7,learned,17,True,True,True,15.700370998243223,False,False,False,False,,,5.009999999999938,0.0,full,0.545833674323523,1.1579762526510662,0.017092316413127143,0.01763391721646588,0.001212251350708499,0.025074243545532227
D0,7,learned,18,True,True,True,11.545877133977044,False,False,False,False,,,5.009999999999938,0.0,warmup,0.49298274539423165,1.2346759141610777,0.01918607344801367,0.017779818949891914,0.0015449436534715963,0.029503507539629936
D0,7,learned,19,True,True,True,11.20499085369016,False,False,False,False,,,5.009999999999938,0.0,intermediate,0.4838916734878356,1.3374730526845824,0.02486945321483812,0.017354782748620352,0.0013661546175020764,0.03386259451508522
D0,7,learned,20,True,True,True,13.051836674153943,False,False,False,False,,,5.009999999999938,0.0,full,0.5020057240424289,0.7954649007207342,0.017895005362391435,0.017272319356303776,0.0013083988258872797,0.030665604397654533
D0,7,learned,21,True,True,True,12.708773037008136,False,False,False,False,,,5.009999999999938,0.0,warmup,0.4904104543646842,1.1673474497063143,0.018653292652325917,0.017689596270056757,0.0014441387010702706,0.029997890815138817
D0,7,learned,22,True,True,True,10.702599037946197,False,False,False,False,,,5.009999999999938,0.0,intermediate,0.4526350727341898,1.1252112590506311,0.0185679037727296,0.017698244306075837,0.001547468835861336,0.030690189450979233
D0,7,learned,23,True,True,True,16.508572089083913,False,False,False,False,,,5.009999999999938,0.0,full,0.4904961771661215,1.343875645190756,0.019801841524063682,0.017758091848667886,0.0012419507846286636,0.024869898334145546
D0,7,learned,24,True,True,True,11.448913292120665,False,False,False,False,,,5.009999999999938,0.0,warmup,0.5109693765412465,1.211283449106051,0.01997275161213235,0.017662530846309976,0.0014831127378650906,0.03122098557651043
D0,7,learned,25,True,True,True,11.578801531610816,False,False,False,False,,,5.009999999999938,0.0,intermediate,0.5317344461251952,1.0067531604749642,0.023539859540494215,0.017629222782521742,0.0016397616761351652,0.029703907668590546
D0,7,learned,26,True,True,True,13.78400512103564,False,False,False,False,,,5.009999999999938,0.0,full,0.5135364956319597,0.9791037239291087,0.019102623375208874,0.017320519079634156,0.0012657956139504498,0.027135340496897697
D0,7,learned,27,True,True,True,13.669519562489565,False,False,False,False,,,5.009999999999938,0.0,warmup,0.48896578770858773,1.2364416551319382,0.019641281904954917,0.017720822111862256,0.0014483362916152833,0.03011065162718296
D0,7,learned,28,False,True,False,12.754802580784629,False,False,False,False,unstable box motion,timeout,4.999999999999938,0.0,intermediate,0.46606083056516756,1.0333475627374389,0.018929525643680587,0.017474001413044653,0.0013516836440040996,0.030276235193014145
D0,7,learned,29,True,True,True,12.637007880686411,False,False,False,False,,,5.009999999999938,0.0,full,0.4781300590747878,1.1076903259488948,0.01791600011449228,0.017589264908675663,0.001347930609574685,0.030572861433029175
D0,7,learned,30,True,True,True,12.138512985111216,False,False,False,False,,,5.009999999999938,0.0,warmup,0.500472282046089,1.2042566690466316,0.021382313228644294,0.017742193756382887,0.0014772008645296511,0.029985109344124794
D0,7,learned,31,True,True,True,9.850397994277362,False,False,False,False,,,5.009999999999938,0.0,intermediate,0.42123466907856777,1.253002323925152,0.02089496439690042,0.01757465282041262,0.0014479118244694047,0.032403551042079926
D0,7,learned,32,True,True,True,15.488539662488101,False,False,False,False,,,5.009999999999938,0.0,full,0.49655863214725254,1.0809459611070078,0.020418141655165145,0.01702975118057174,0.0012332763259420485,0.03708796575665474
D0,7,learned,33,True,True,True,12.46842357228082,False,False,False,False,,,5.009999999999938,0.0,warmup,0.4824355574271533,1.21891463319844,0.018721677075357466,0.017701717838315964,0.0014157744017016679,0.029438680037856102
D0,7,learned,34,True,True,True,12.153525994356954,False,False,False,False,,,5.009999999999938,0.0,intermediate,0.5593516103811621,1.3360529847388807,0.024842210791099013,0.017456419915460753,0.0013829385682445987,0.03399218991398811
D0,7,learned,35,True,True,True,13.588931636786668,False,False,False,False,,,5.009999999999938,0.0,full,0.5821520363062294,0.9352893720189832,0.01835607224139419,0.017529555424019138,0.001539901423936841,0.02835935540497303
D0,7,learned,36,True,True,True,13.74724841190392,False,False,False,False,,,5.009999999999938,0.0,warmup,0.49003588725688896,1.1949944693625023,0.017874360304839958,0.017670194443741512,0.0014233626005815641,0.02947125770151615
D0,7,learned,37,True,True,True,11.111969374122442,False,False,False,False,,,5.009999999999938,0.0,intermediate,0.47202966125532003,1.0718062194041447,0.018872765655509823,0.017457508377305996,0.0013793645661508676,0.033006321638822556
D0,7,learned,38,True,True,True,13.896250394266128,False,False,False,False,,,5.009999999999938,0.0,full,0.39720311956649396,1.1780777381288443,0.01642635289518069,0.01754994337251373,0.00114443923606394,0.023855481296777725
D0,7,learned,39,True,True,True,11.552253193696465,False,False,False,False,,,5.009999999999938,0.0,warmup,0.48760734892737573,1.2436457867865334,0.019387595934651242,0.017726033929567488,0.0014769966100862892,0.03058154135942459
D0,7,learned,40,True,True,True,12.100913656367547,False,False,False,False,,,5.009999999999938,0.0,intermediate,0.4697590305539757,1.000828031345263,0.01760496877917209,0.017652817313266213,0.0014240906047758252,0.028706993907690048
D0,7,learned,41,True,True,True,11.512450471680118,False,False,False,False,,,5.009999999999938,0.0,full,0.5399893072381774,1.543457179043201,0.021721553857025795,0.017474901623756464,0.0012576420447568517,0.033455029129981995
D0,7,learned,42,True,True,True,12.923227520768696,False,False,False,False,,,5.009999999999938,0.0,warmup,0.4885757854329753,1.2269349832847654,0.019761571540867783,0.017726455429007065,0.0014667535496005984,0.03001435101032257
D0,7,learned,43,True,True,True,12.553267446839795,False,False,False,False,,,5.009999999999938,0.0,intermediate,0.5760872145672483,1.17039712756378,0.02058679795635258,0.017245885686943855,0.001248812312159438,0.034305162727832794
D0,7,learned,44,False,True,False,15.076671005397795,False,False,False,False,unstable box motion,timeout,4.319999999999952,0.0,full,0.38303639555873803,1.338079672902308,0.024250606495480678,0.01703187552546574,0.0011827395680925942,0.03647144138813019
D0,7,learned,45,True,True,True,11.39328184289247,False,False,False,False,,,5.009999999999938,0.0,warmup,0.49174394141055583,1.2240044962498438,0.0211155902419846,0.017601848604435498,0.0013989031227090612,0.031617362052202225
D0,7,learned,46,True,True,True,12.206923105469318,False,False,False,False,,,5.009999999999938,0.0,intermediate,0.43827127758724876,1.208110249995769,0.01963007292835849,0.017467235915487996,0.0012370746002943634,0.03185231238603592
D0,7,learned,47,True,True,True,12.638951910940996,False,False,False,False,,,5.009999999999938,0.0,full,0.6424065509628292,1.102805538886461,0.022352460729751663,0.01757092706859101,0.001506812023910315,0.03226085007190704
D0,7,learned,48,True,True,True,12.114640555125522,False,False,False,False,,,5.009999999999938,0.0,warmup,0.5085148659503609,1.174116055562226,0.01995842863031746,0.017438448154688306,0.0013896304766216898,0.03198821842670441
D0,7,learned,49,False,True,False,10.900294161382616,False,False,False,False,unstable box motion,timeout,4.87999999999994,0.0,intermediate,0.45103892656726835,1.2464647082307405,0.023417924440544503,0.017379912178404004,0.0013308350665777523,0.03219309449195862
D0,7,learned,50,True,True,True,12.909543261659284,False,False,False,False,,,5.009999999999938,0.0,full,0.3726770816353148,1.4920678302689376,0.01848192800895671,0.01750472899742561,0.0010050591488230238,0.025532564148306847
D0,7,learned,51,True,True,True,12.608520678428604,False,False,False,False,,,5.009999999999938,0.0,warmup,0.5121655145357621,1.2468573748815532,0.021959062458873316,0.017592501234440734,0.0013906251875641267,0.03174448758363724
D0,7,learned,52,True,True,True,11.13673327373991,False,False,False,False,,,5.009999999999938,0.0,intermediate,0.5619201427171274,1.0007040595710093,0.02017043740396642,0.017264256689330505,0.001360241422951742,0.034382887184619904
D0,7,learned,53,False,True,False,10.941739609424447,False,False,False,False,unstable box motion,timeout,0.0,0.0,full,0.5243303082272294,0.9612646556452364,0.02705493634196028,0.01728206619986034,0.001490812137323831,0.032147299498319626
D0,7,learned,54,True,True,True,11.679305776761899,False,False,False,False,,,5.009999999999938,0.0,warmup,0.4863359531545361,1.2434969451900522,0.019504941129054716,0.017742560043462703,0.001464740493862154,0.029933350160717964
D0,7,learned,55,True,True,True,10.533436401603291,False,False,False,False,,,5.009999999999938,0.0,intermediate,0.4252483777736942,1.264293204911614,0.01957558260506273,0.01748819509704922,0.00134545536879529,0.033104248344898224
D0,7,learned,56,True,True,True,15.676276448231054,False,False,False,False,,,5.009999999999938,0.0,full,0.5295575228792385,1.4527831122188495,0.021027809380256127,0.01765468623375662,0.0012000115646966264,0.023874076083302498
D0,7,learned,57,True,True,True,11.692316883394655,False,False,False,False,,,5.009999999999938,0.0,warmup,0.5141180905828481,1.2082259258941315,0.02006999583811596,0.017731435807292136,0.001514566914755216,0.030435964465141296
D0,7,learned,58,True,True,True,12.86446570348743,False,False,False,False,,,5.009999999999938,0.0,intermediate,0.44073145090136284,1.0827524946051303,0.018214256300729485,0.017711864340876456,0.0013841679278099159,0.02811593934893608
D0,7,learned,59,False,True,False,10.78205675075517,False,False,False,False,unstable box motion,timeout,0.0,0.0,full,0.5261049150037435,1.2326145627183616,0.029254757369697158,0.01713296924465495,0.0013643597848879705,0.03395534306764603
D0,7,learned,60,True,True,True,14.086694629430978,False,False,False,False,,,5.009999999999938,0.0,warmup,0.5030441815117926,1.235296079410372,0.01948275542687428,0.01776425988526896,0.0014492696183612968,0.029452072456479073
D0,7,learned,61,True,True,True,11.734033416883053,False,False,False,False,,,5.009999999999938,0.0,intermediate,0.5389551631654701,1.197412975915647,0.021326859474922102,0.017415792380741542,0.001307396668855984,0.03366135060787201
D0,7,learned,62,True,True,True,10.685425707065182,False,False,False,False,,,5.009999999999938,0.0,full,0.37411391740488836,0.778022602554542,0.016785607672102063,0.017696167956550126,0.0014307435929910765,0.026830922812223434
D0,7,learned,63,True,True,True,12.663771905730812,False,False,False,False,,,5.009999999999938,0.0,warmup,0.5180958832674765,1.1775949033705304,0.021350297818784846,0.017513632393068107,0.001337458298229837,0.032077692449092865
D0,7,learned,64,True,True,True,10.988311673493989,False,False,False,False,,,5.009999999999938,0.0,intermediate,0.4319834064826628,1.2497602045329117,0.021166591363729476,0.017543753564792007,0.0012909735969006755,0.0322180837392807
D0,7,learned,65,True,True,True,15.325854594125692,False,False,False,False,,,5.009999999999938,0.0,full,0.46955263519301244,1.3618770382643257,0.019816178913006164,0.017133977871666428,0.0011464113308700208,0.03715145215392113
D0,7,learned,66,True,True,True,12.692316218430872,False,False,False,False,,,5.009999999999938,0.0,warmup,0.5144610774914211,1.2260844704151872,0.0201049556499225,0.017641959200402617,0.0014584148911006652,0.03141001611948013
D0,7,learned,67,True,True,True,11.3060469521969,False,False,False,False,,,5.009999999999938,0.0,intermediate,0.4243514781482216,1.2158876925074258,0.018326756551225967,0.017593772333450688,0.0013171019994461172,0.03121262788772583
D0,7,learned,68,True,True,True,15.300412660948595,False,False,False,False,,,5.009999999999938,0.0,full,0.41267677704972583,0.8528733183238331,0.018886086734182024,0.016872874460412583,0.0011556719589679,0.03758479654788971
D0,7,learned,69,True,True,True,13.054875509401919,False,False,False,False,,,5.009999999999938,0.0,warmup,0.49438308838503003,1.1989058255816771,0.021187243481448653,0.01768961181654884,0.0014203589558491017,0.030193928629159927
D0,7,learned,70,True,True,True,12.063556308318084,False,False,False,False,,,5.009999999999938,0.0,intermediate,0.45607536866522447,1.0072921878164434,0.01929198388644422,0.01746336842826647,0.0013309223654960499,0.030465569347143173
D0,7,learned,71,False,True,False,15.414362853384239,False,False,False,False,unstable box motion,timeout,4.669999999999945,0.0,full,0.4890386342296652,1.3446198045538313,0.022942870822692422,0.017008611526595534,0.0011970157245689604,0.037140797823667526
D0,7,learned,72,True,True,True,11.270971280103051,False,False,False,False,,,5.009999999999938,0.0,warmup,0.5181769401123936,1.2214768875486623,0.021356463582305935,0.017605679076600638,0.0013933912368547343,0.03186662122607231
D0,7,learned,73,True,True,True,12.736603468096263,False,False,False,False,,,5.009999999999938,0.0,intermediate,0.47561330230223386,1.274057400905906,0.019856952523528,0.017728183705337453,0.0015055631794222118,0.029056159779429436
D0,7,learned,74,False,True,False,16.180415165034134,False,False,False,False,unstable box motion,timeout,0.0,0.0,full,0.6302656463012763,1.2363069994594955,14.6327970986575,0.019791783866214753,0.0129219039939926,0.10338595509529114
D0,7,learned,75,True,True,True,11.46328671506398,False,False,False,False,,,5.009999999999938,0.0,warmup,0.5128891502103221,1.1693339809485719,0.021430317067542396,0.01762427206350385,0.0013999565981346399,0.031098902225494385
D0,7,learned,76,True,True,True,13.69060133638699,False,False,False,False,,,5.009999999999938,0.0,intermediate,0.5029775957233502,1.1173203785729031,0.020728214506649086,0.017707662033381887,0.001447717698379186,0.029366038739681244
D0,7,learned,77,True,True,True,13.003672079632441,False,False,False,False,,,5.009999999999938,0.0,full,0.6217022090206814,1.178149402500111,0.02165438332321388,0.01740187690848099,0.001382198506968733,0.03211914747953415
D0,7,learned,78,True,True,True,11.603401880373767,False,False,False,False,,,5.009999999999938,0.0,warmup,0.48107140492051537,1.2237028225935525,0.02094225268285731,0.017652753650588805,0.0013941785402631047,0.031008418649435043
D0,7,learned,79,True,True,True,13.348226280684681,False,False,False,False,,,5.009999999999938,0.0,intermediate,0.5582002597826974,1.2360374228455522,0.022490141471610905,0.017575787210196897,0.001434225075254359,0.03114883229136467
D0,7,learned,80,True,True,True,16.823043832446874,False,False,False,False,,,5.009999999999938,0.0,full,0.5342840136425704,1.0989328427743525,0.019265729967126298,0.017577795031545808,0.001264268696723113,0.02472081407904625
D0,7,learned,81,True,True,True,11.72145821451911,False,False,False,False,,,5.009999999999938,0.0,warmup,0.5198020969208147,1.2222703211615975,0.021301602118081443,0.017624589362232265,0.0014257247808512734,0.03165259584784508
D0,7,learned,82,True,True,True,12.28374615997284,False,False,False,False,,,5.009999999999938,0.0,intermediate,0.5418115409414938,1.2476588704407745,0.02514490619086036,0.017827936128742953,0.001586845916690641,0.028115076944231987
D0,7,learned,83,True,True,True,11.432222569250008,False,False,False,False,,,5.009999999999938,0.0,full,0.48067514698452624,1.3134212480291771,0.019754032003800607,0.017230192314817462,0.001192361483568859,0.034774310886859894
D0,7,learned,84,True,True,True,13.611282964741937,False,False,False,False,,,5.009999999999938,0.0,warmup,0.5182181653316911,1.240184064601315,0.019839720014565077,0.017613893468103346,0.0013813690037286492,0.030546734109520912
D0,7,learned,85,True,True,True,11.362271672435368,False,False,False,False,,,5.009999999999938,0.0,intermediate,0.4215685252329265,1.096261173554801,0.01699362350134657,0.017705093574100585,0.001388796390775945,0.0278557687997818
D0,7,learned,86,True,True,True,13.022657527248013,False,False,False,False,,,5.009999999999938,0.0,full,0.45929631408227567,1.3403272016459777,0.02045170967729521,0.017663738679195944,0.001382822522506329,0.02956819348037243
D0,7,learned,87,True,True,True,13.006285696386435,False,False,False,False,,,5.009999999999938,0.0,warmup,0.5101437457234121,1.2259015013553074,0.020696606225999628,0.017616801267392016,0.0013765386892594196,0.031185254454612732
D0,7,learned,88,True,True,True,13.599701085975859,False,False,False,False,,,5.009999999999938,0.0,intermediate,0.510237487959977,1.36657991163753,0.021579634985585266,0.01763648866485168,0.0013693266597813933,0.03066735342144966
D0,7,learned,89,True,True,True,13.684309234666074,False,False,False,False,,,5.009999999999938,0.0,full,0.670320389540348,1.0790204426581789,0.02073485268711269,0.017707832503976697,0.0014655019264645337,0.029053008183836937
D0,7,learned,90,True,True,True,12.426441717807599,False,False,False,False,,,5.009999999999938,0.0,warmup,0.4871652420600959,1.1732984908471253,0.01928506788758929,0.01759763844636724,0.0014086084711002745,0.031601566821336746
D0,7,learned,91,True,True,True,13.420954228550041,False,False,False,False,,,5.009999999999938,0.0,intermediate,0.5063899162248642,1.2129222183053707,0.01901451721663085,0.017717439237038956,0.0014305533275074623,0.027954673394560814
D0,7,learned,92,True,True,True,15.375024908770259,False,False,False,False,,,5.009999999999938,0.0,full,0.39331817024535876,1.05629062348945,0.02176223345254707,0.016963487466889932,0.00116360016395447,0.03802229464054108
D0,7,learned,93,True,True,True,12.059310867495586,False,False,False,False,,,5.009999999999938,0.0,warmup,0.4809392138214365,1.1890876549511458,0.01963044232721842,0.01758168626333068,0.001374728340041739,0.03186386078596115
D0,7,learned,94,True,True,True,11.20696346874741,False,False,False,False,,,5.009999999999938,0.0,intermediate,0.5615218737550742,1.3768853723217598,0.02208459014552098,0.017270601959664112,0.0012411948305788992,0.03449252247810364
D0,7,learned,95,True,True,True,10.85652879249481,False,False,False,False,,,5.009999999999938,0.0,full,0.6818918618697445,0.7643543624064467,0.01790093659331931,0.016921509531085052,0.0012982508194897874,0.034566134214401245
D0,7,learned,96,True,True,True,11.502307339668844,False,False,False,False,,,5.009999999999938,0.0,warmup,0.5053135879878038,1.1841457332405028,0.019979011064314423,0.017662736741539672,0.0014772661592049677,0.031335193663835526
D0,7,learned,97,False,True,False,11.263378907346702,False,False,False,False,unstable box motion,timeout,0.3100000000000001,0.0,intermediate,0.5212111576019438,1.2965194086396024,0.02625255520975545,0.01733060552327016,0.0013668678219047642,0.03200703114271164
D0,7,learned,98,True,True,True,14.244291766697604,False,False,False,False,,,5.009999999999938,0.0,full,0.3626765151612195,1.1750646730460341,0.018802695314935846,0.01730310950979747,0.00123033806348914,0.034827716648578644
D0,7,learned,99,True,True,True,13.744471371872764,False,False,False,False,,,5.009999999999938,0.0,warmup,0.4854086464968972,1.192907376054963,0.01923703499566845,0.017737548858761294,0.0014275734191529367,0.02950410358607769
D0,7,zero,0,True,True,True,11.738354911025425,False,False,False,False,,,5.009999999999938,0.0,warmup,0.5128083197961336,1.1512648415214817,0.020524704885670875,0.0,0.0,0.0
D0,7,zero,1,True,True,True,10.830579550058902,False,False,False,False,,,5.009999999999938,0.0,intermediate,0.5583821710176411,1.2738890168815886,0.021524058705885075,0.0,0.0,0.0
D0,7,zero,2,True,True,True,14.616173209565286,False,False,False,False,,,5.009999999999938,0.0,full,0.42594280942227786,0.9534267532589371,0.01892775203049847,0.0,0.0,0.0
D0,7,zero,3,True,True,True,11.568182226702957,False,False,False,False,,,5.009999999999938,0.0,warmup,0.509978780669319,1.1525834806578006,0.019745057731862987,0.0,0.0,0.0
D0,7,zero,4,True,True,True,12.364718741778496,False,False,False,False,,,5.009999999999938,0.0,intermediate,0.5696580900535205,1.2016692008919285,0.022633081379030535,0.0,0.0,0.0
D0,7,zero,5,True,True,True,13.186414426163863,False,False,False,False,,,5.009999999999938,0.0,full,0.4265115823194439,1.437154991672124,0.01958959302918034,0.0,0.0,0.0
D0,7,zero,6,True,True,True,12.46223287268657,False,False,False,False,,,5.009999999999938,0.0,warmup,0.5075895884587166,1.2407813524535225,0.020192722766563982,0.0,0.0,0.0
D0,7,zero,7,True,True,True,12.261601811426459,False,False,False,False,,,5.009999999999938,0.0,intermediate,0.48690102169905397,1.038737655570714,0.01861121414637554,0.0,0.0,0.0
D0,7,zero,8,True,True,True,14.926811516078901,False,False,False,False,,,5.009999999999938,0.0,full,0.505785052514625,1.5431761150884702,0.020777114905751404,0.0,0.0,0.0
D0,7,zero,9,True,True,True,12.771315230132634,False,False,False,False,,,5.009999999999938,0.0,warmup,0.49479990440431754,1.1688952171756082,0.019264537339446296,0.0,0.0,0.0
D0,7,zero,10,True,True,True,12.521168372504572,False,False,False,False,,,5.009999999999938,0.0,intermediate,0.5579570453338745,1.2889912019305365,0.02131871344685938,0.0,0.0,0.0
D0,7,zero,11,True,True,True,13.487418966169331,False,False,False,False,,,5.009999999999938,0.0,full,0.637714525300757,1.1834188609198721,0.021447244954935992,0.0,0.0,0.0
D0,7,zero,12,True,True,True,11.846786047031546,False,False,False,False,,,5.009999999999938,0.0,warmup,0.5009263118149376,1.2188247958799947,0.01921838984294255,0.0,0.0,0.0
D0,7,zero,13,True,True,True,11.137920408588595,False,False,False,False,,,5.009999999999938,0.0,intermediate,0.5721493389616075,1.0132527290956106,0.020717342775059128,0.0,0.0,0.0
D0,7,zero,14,False,True,False,15.155238321123084,False,False,False,False,unstable box motion,timeout,0.03,0.0,full,0.47084174840317594,1.1668854451158555,0.026557507917864553,0.0,0.0,0.0
D0,7,zero,15,True,True,True,12.399727102133248,False,False,False,False,,,5.009999999999938,0.0,warmup,0.48738766261608873,1.2336237205624674,0.019552985343880152,0.0,0.0,0.0
D0,7,zero,16,True,True,True,10.543584403839262,False,False,False,False,,,5.009999999999938,0.0,intermediate,0.44463355547976935,1.2760410585312312,0.020276664806378623,0.0,0.0,0.0
D0,7,zero,17,True,True,True,15.672199567182052,False,False,False,False,,,5.009999999999938,0.0,full,0.545833674323523,1.1579762526510662,0.017107805017850253,0.0,0.0,0.0
D0,7,zero,18,True,True,True,11.322579746573014,False,False,False,False,,,5.009999999999938,0.0,warmup,0.49298274539423165,1.2346759141610777,0.01925566826692108,0.0,0.0,0.0
D0,7,zero,19,True,True,True,11.155680855521663,False,False,False,False,,,5.009999999999938,0.0,intermediate,0.4838916734878356,1.3374730526845824,0.024876101120294845,0.0,0.0,0.0
D0,7,zero,20,True,True,True,13.026208480181129,False,False,False,False,,,5.009999999999938,0.0,full,0.5020057240424289,0.7954649007207342,0.01789318386298323,0.0,0.0,0.0
D0,7,zero,21,True,True,True,12.683176769608474,False,False,False,False,,,5.009999999999938,0.0,warmup,0.4904104543646842,1.1673474497063143,0.018642198329941247,0.0,0.0,0.0
D0,7,zero,22,True,True,True,10.681627400806933,False,False,False,False,,,5.009999999999938,0.0,intermediate,0.4526350727341898,1.1252112590506311,0.018561166107325437,0.0,0.0,0.0
D0,7,zero,23,True,True,True,16.48203204477007,False,False,False,False,,,5.009999999999938,0.0,full,0.4904961771661215,1.343875645190756,0.019752857920643112,0.0,0.0,0.0
D0,7,zero,24,True,True,True,11.429635162153506,False,False,False,False,,,5.009999999999938,0.0,warmup,0.5109693765412465,1.211283449106051,0.019960664302061885,0.0,0.0,0.0
D0,7,zero,25,True,True,True,11.548916252243453,False,False,False,False,,,5.009999999999938,0.0,intermediate,0.5317344461251952,1.0067531604749642,0.023471311417128774,0.0,0.0,0.0
D0,7,zero,26,True,True,True,13.734417413825255,False,False,False,False,,,5.009999999999938,0.0,full,0.5135364956319597,0.9791037239291087,0.019078146087533176,0.0,0.0,0.0
D0,7,zero,27,True,True,True,13.644535779155124,False,False,False,False,,,5.009999999999938,0.0,warmup,0.48896578770858773,1.2364416551319382,0.019642584295162437,0.0,0.0,0.0
D0,7,zero,28,True,True,True,12.733471125530139,False,False,False,False,,,5.009999999999938,0.0,intermediate,0.46606083056516756,1.0333475627374389,0.018909839435079328,0.0,0.0,0.0
D0,7,zero,29,True,True,True,12.599032010864597,False,False,False,False,,,5.009999999999938,0.0,full,0.4781300590747878,1.1076903259488948,0.017900430311176076,0.0,0.0,0.0
D0,7,zero,30,True,True,True,12.103391048363374,False,False,False,False,,,5.009999999999938,0.0,warmup,0.500472282046089,1.2042566690466316,0.02134140268833359,0.0,0.0,0.0
D0,7,zero,31,True,True,True,9.765438339959955,False,False,False,False,,,5.009999999999938,0.0,intermediate,0.42123466907856777,1.253002323925152,0.02106934490308074,0.0,0.0,0.0
D0,7,zero,32,True,True,True,15.514522121129373,False,False,False,False,,,5.009999999999938,0.0,full,0.49655863214725254,1.0809459611070078,0.020464976506717518,0.0,0.0,0.0
D0,7,zero,33,True,True,True,12.160583709270684,False,False,False,False,,,5.009999999999938,0.0,warmup,0.4824355574271533,1.21891463319844,0.01879245097104759,0.0,0.0,0.0
D0,7,zero,34,True,True,True,12.147443313738606,False,False,False,False,,,5.009999999999938,0.0,intermediate,0.5593516103811621,1.3360529847388807,0.024879432704356705,0.0,0.0,0.0
D0,7,zero,35,True,True,True,13.55928262275364,False,False,False,False,,,5.009999999999938,0.0,full,0.5821520363062294,0.9352893720189832,0.018317930834546144,0.0,0.0,0.0
D0,7,zero,36,True,True,True,13.716412862449031,False,False,False,False,,,5.009999999999938,0.0,warmup,0.49003588725688896,1.1949944693625023,0.01796843022675573,0.0,0.0,0.0
D0,7,zero,37,True,True,True,11.095700036819728,False,False,False,False,,,5.009999999999938,0.0,intermediate,0.47202966125532003,1.0718062194041447,0.018868581266375584,0.0,0.0,0.0
D0,7,zero,38,True,True,True,13.880949274654087,False,False,False,False,,,5.009999999999938,0.0,full,0.39720311956649396,1.1780777381288443,0.019673506655049418,0.0,0.0,0.0
D0,7,zero,39,True,True,True,11.526520114446598,False,False,False,False,,,5.009999999999938,0.0,warmup,0.48760734892737573,1.2436457867865334,0.019385065029217455,0.0,0.0,0.0
D0,7,zero,40,True,True,True,12.061099445506247,False,False,False,False,,,5.009999999999938,0.0,intermediate,0.4697590305539757,1.000828031345263,0.017596014798999617,0.0,0.0,0.0
D0,7,zero,41,True,True,True,11.504657684614092,False,False,False,False,,,5.009999999999938,0.0,full,0.5399893072381774,1.543457179043201,0.02173951781237901,0.0,0.0,0.0
D0,7,zero,42,True,True,True,12.897892983577803,False,False,False,False,,,5.009999999999938,0.0,warmup,0.4885757854329753,1.2269349832847654,0.019759561578133057,0.0,0.0,0.0
D0,7,zero,43,True,True,True,12.537669787151682,False,False,False,False,,,5.009999999999938,0.0,intermediate,0.5760872145672483,1.17039712756378,0.020583550771206962,0.0,0.0,0.0
D0,7,zero,44,False,True,False,15.096611338962546,False,False,False,False,unstable box motion,timeout,4.319999999999952,0.0,full,0.38303639555873803,1.338079672902308,0.024257387971864056,0.0,0.0,0.0
D0,7,zero,45,True,True,True,11.375084214706135,False,False,False,False,,,5.009999999999938,0.0,warmup,0.49174394141055583,1.2240044962498438,0.021107896776920747,0.0,0.0,0.0
D0,7,zero,46,True,True,True,12.188356921533073,False,False,False,False,,,5.009999999999938,0.0,intermediate,0.43827127758724876,1.208110249995769,0.019624434893668836,0.0,0.0,0.0
D0,7,zero,47,True,True,True,12.631155603772365,False,False,False,False,,,5.009999999999938,0.0,full,0.6424065509628292,1.102805538886461,0.02234347624032534,0.0,0.0,0.0
D0,7,zero,48,True,True,True,12.103540904387291,False,False,False,False,,,5.009999999999938,0.0,warmup,0.5085148659503609,1.174116055562226,0.019925626213098395,0.0,0.0,0.0
D0,7,zero,49,False,True,False,10.888682556938575,False,False,False,False,unstable box motion,timeout,4.9199999999999395,0.0,intermediate,0.45103892656726835,1.2464647082307405,0.023403004107901977,0.0,0.0,0.0
D0,7,zero,50,True,True,True,12.871844227990742,False,False,False,False,,,5.009999999999938,0.0,full,0.3726770816353148,1.4920678302689376,0.018474518983907312,0.0,0.0,0.0
D0,7,zero,51,True,True,True,12.593188389920833,False,False,False,False,,,5.009999999999938,0.0,warmup,0.5121655145357621,1.2468573748815532,0.021948901648773615,0.0,0.0,0.0
D0,7,zero,52,True,True,True,11.146518413117931,False,False,False,False,,,5.009999999999938,0.0,intermediate,0.5619201427171274,1.0007040595710093,0.020153368232881087,0.0,0.0,0.0
D0,7,zero,53,False,True,False,10.933532139994828,False,False,False,False,unstable box motion,timeout,0.0,0.0,full,0.5243303082272294,0.9612646556452364,0.02704959192079744,0.0,0.0,0.0
D0,7,zero,54,True,True,True,11.645497721620153,False,False,False,False,,,5.009999999999938,0.0,warmup,0.4863359531545361,1.2434969451900522,0.019740720266721527,0.0,0.0,0.0
D0,7,zero,55,True,True,True,10.372984641335833,False,False,False,False,,,5.009999999999938,0.0,intermediate,0.4252483777736942,1.264293204911614,0.019829078470073987,0.0,0.0,0.0
D0,7,zero,56,True,True,True,15.660273121656271,False,False,False,False,,,5.009999999999938,0.0,full,0.5295575228792385,1.4527831122188495,0.02125027016567552,0.0,0.0,0.0
D0,7,zero,57,True,True,True,11.664993813367882,False,False,False,False,,,5.009999999999938,0.0,warmup,0.5141180905828481,1.2082259258941315,0.020046614578491457,0.0,0.0,0.0
D0,7,zero,58,True,True,True,12.833310439344888,False,False,False,False,,,5.009999999999938,0.0,intermediate,0.44073145090136284,1.0827524946051303,0.017661037809848682,0.0,0.0,0.0
D0,7,zero,59,False,True,False,10.786813377918,False,False,False,False,unstable box motion,timeout,0.0,0.0,full,0.5261049150037435,1.2326145627183616,0.028961401730140612,0.0,0.0,0.0
D0,7,zero,60,True,True,True,14.057405083535322,False,False,False,False,,,5.009999999999938,0.0,warmup,0.5030441815117926,1.235296079410372,0.01947456560739661,0.0,0.0,0.0
D0,7,zero,61,True,True,True,11.722104758643887,False,False,False,False,,,5.009999999999938,0.0,intermediate,0.5389551631654701,1.197412975915647,0.0213238570614697,0.0,0.0,0.0
D0,7,zero,62,True,True,True,10.638377386630937,False,False,False,False,,,5.009999999999938,0.0,full,0.37411391740488836,0.778022602554542,0.01676448897332273,0.0,0.0,0.0
D0,7,zero,63,True,True,True,12.649191696082571,False,False,False,False,,,5.009999999999938,0.0,warmup,0.5180958832674765,1.1775949033705304,0.021361247207560653,0.0,0.0,0.0
D0,7,zero,64,True,True,True,10.973253038263325,False,False,False,False,,,5.009999999999938,0.0,intermediate,0.4319834064826628,1.2497602045329117,0.021161324741186725,0.0,0.0,0.0
D0,7,zero,65,True,True,True,15.340810501620641,False,False,False,False,,,5.009999999999938,0.0,full,0.46955263519301244,1.3618770382643257,0.01980480690814856,0.0,0.0,0.0
D0,7,zero,66,True,True,True,12.677741184117474,False,False,False,False,,,5.009999999999938,0.0,warmup,0.5144610774914211,1.2260844704151872,0.020090461804586887,0.0,0.0,0.0
D0,7,zero,67,True,True,True,11.289540440513754,False,False,False,False,,,5.009999999999938,0.0,intermediate,0.4243514781482216,1.2158876925074258,0.01831588588599263,0.0,0.0,0.0
D0,7,zero,68,True,True,True,15.368647798306753,False,False,False,False,,,5.009999999999938,0.0,full,0.41267677704972583,0.8528733183238331,0.01889109077635428,0.0,0.0,0.0
D0,7,zero,69,True,True,True,13.02834171804609,False,False,False,False,,,5.009999999999938,0.0,warmup,0.49438308838503003,1.1989058255816771,0.02116964247775522,0.0,0.0,0.0
D0,7,zero,70,True,True,True,12.037024274117723,False,False,False,False,,,5.009999999999938,0.0,intermediate,0.45607536866522447,1.0072921878164434,0.0192772741060451,0.0,0.0,0.0
D0,7,zero,71,False,True,False,15.433544709994084,False,False,False,False,unstable box motion,timeout,4.989999999999938,0.0,full,0.4890386342296652,1.3446198045538313,0.022905367738605516,0.0,0.0,0.0
D0,7,zero,72,True,True,True,11.253358843153073,False,False,False,False,,,5.009999999999938,0.0,warmup,0.5181769401123936,1.2214768875486623,0.021342074279822477,0.0,0.0,0.0
D0,7,zero,73,True,True,True,12.704304638292744,False,False,False,False,,,5.009999999999938,0.0,intermediate,0.47561330230223386,1.274057400905906,0.019915115891681334,0.0,0.0,0.0
D0,7,zero,74,False,True,False,16.170052108648875,False,False,False,False,unstable box motion,timeout,0.0,0.0,full,0.6302656463012763,1.2363069994594955,23.177463378213357,0.0,0.0,0.0
D0,7,zero,75,True,True,True,11.439538438209095,False,False,False,False,,,5.009999999999938,0.0,warmup,0.5128891502103221,1.1693339809485719,0.021418575610176786,0.0,0.0,0.0
D0,7,zero,76,True,True,True,13.65858490353449,False,False,False,False,,,5.009999999999938,0.0,intermediate,0.5029775957233502,1.1173203785729031,0.02069733803756278,0.0,0.0,0.0
D0,7,zero,77,True,True,True,12.9885380553889,False,False,False,False,,,5.009999999999938,0.0,full,0.6217022090206814,1.178149402500111,0.02167264268834317,0.0,0.0,0.0
D0,7,zero,78,True,True,True,11.579932007309846,False,False,False,False,,,5.009999999999938,0.0,warmup,0.48107140492051537,1.2237028225935525,0.02093420330393901,0.0,0.0,0.0
D0,7,zero,79,True,True,True,13.327972300868613,False,False,False,False,,,5.009999999999938,0.0,intermediate,0.5582002597826974,1.2360374228455522,0.022487497815232696,0.0,0.0,0.0
D0,7,zero,80,True,True,True,16.79779276338605,False,False,False,False,,,5.009999999999938,0.0,full,0.5342840136425704,1.0989328427743525,0.01937287022145817,0.0,0.0,0.0
D0,7,zero,81,True,True,True,11.702742204433184,False,False,False,False,,,5.009999999999938,0.0,warmup,0.5198020969208147,1.2222703211615975,0.0213072660232238,0.0,0.0,0.0
D0,7,zero,82,True,True,True,12.239620224079825,False,False,False,False,,,5.009999999999938,0.0,intermediate,0.5418115409414938,1.2476588704407745,0.024569543678928565,0.0,0.0,0.0
D0,7,zero,83,True,True,True,11.423128473811131,False,False,False,False,,,5.009999999999938,0.0,full,0.48067514698452624,1.3134212480291771,0.01974474007279419,0.0,0.0,0.0
D0,7,zero,84,True,True,True,13.588868421141397,False,False,False,False,,,5.009999999999938,0.0,warmup,0.5182181653316911,1.240184064601315,0.019831222033441214,0.0,0.0,0.0
D0,7,zero,85,True,True,True,11.356662981263307,False,False,False,False,,,5.009999999999938,0.0,intermediate,0.4215685252329265,1.096261173554801,0.01684891901132032,0.0,0.0,0.0
D0,7,zero,86,True,True,True,12.991816402205323,False,False,False,False,,,5.009999999999938,0.0,full,0.45929631408227567,1.3403272016459777,0.02044558400660955,0.0,0.0,0.0
D0,7,zero,87,True,True,True,12.987130020782711,False,False,False,False,,,5.009999999999938,0.0,warmup,0.5101437457234121,1.2259015013553074,0.020767704750459248,0.0,0.0,0.0
D0,7,zero,88,True,True,True,13.57414980434687,False,False,False,False,,,5.009999999999938,0.0,intermediate,0.510237487959977,1.36657991163753,0.021568404595461662,0.0,0.0,0.0
D0,7,zero,89,True,True,True,13.648355069340372,False,False,False,False,,,5.009999999999938,0.0,full,0.670320389540348,1.0790204426581789,0.020731911146645784,0.0,0.0,0.0
D0,7,zero,90,True,True,True,12.41082013218532,False,False,False,False,,,5.009999999999938,0.0,warmup,0.4871652420600959,1.1732984908471253,0.0192726020695391,0.0,0.0,0.0
D0,7,zero,91,True,True,True,13.973000566125918,False,False,False,False,,,5.009999999999938,0.0,intermediate,0.5063899162248642,1.2129222183053707,0.021088217757763466,0.0,0.0,0.0
D0,7,zero,92,True,True,True,15.406735437934145,False,False,False,False,,,5.009999999999938,0.0,full,0.39331817024535876,1.05629062348945,0.021598286396971207,0.0,0.0,0.0
D0,7,zero,93,True,True,True,12.04264228239495,False,False,False,False,,,5.009999999999938,0.0,warmup,0.4809392138214365,1.1890876549511458,0.019615753589066653,0.0,0.0,0.0
D0,7,zero,94,True,True,True,11.194654704593827,False,False,False,False,,,5.009999999999938,0.0,intermediate,0.5615218737550742,1.3768853723217598,0.02209375225901859,0.0,0.0,0.0
D0,7,zero,95,True,True,True,10.858965838949505,False,False,False,False,,,5.009999999999938,0.0,full,0.6818918618697445,0.7643543624064467,0.01789121460884787,0.0,0.0,0.0
D0,7,zero,96,True,True,True,11.483098209468753,False,False,False,False,,,5.009999999999938,0.0,warmup,0.5053135879878038,1.1841457332405028,0.019967508628679808,0.0,0.0,0.0
D0,7,zero,97,False,True,False,11.251177835403844,False,False,False,False,unstable box motion,timeout,0.3000000000000001,0.0,intermediate,0.5212111576019438,1.2965194086396024,0.026252759252292687,0.0,0.0,0.0
D0,7,zero,98,True,True,True,14.224999763186673,False,False,False,False,,,5.009999999999938,0.0,full,0.3626765151612195,1.1750646730460341,0.018789776779400906,0.0,0.0,0.0
D0,7,zero,99,True,True,True,13.715144922363443,False,False,False,False,,,5.009999999999938,0.0,warmup,0.4854086464968972,1.192907376054963,0.01923333992859854,0.0,0.0,0.0
D0,17,learned,0,True,True,True,11.697350578401867,False,False,False,False,,,5.009999999999938,0.0,warmup,0.5128083197961336,1.1512648415214817,0.020448894827029024,0.02748528512750779,0.0031270487884709906,0.02247539721429348
D0,17,learned,1,True,True,True,10.803163013427513,False,False,False,False,,,5.009999999999938,0.0,intermediate,0.5583821710176411,1.2738890168815886,0.021419762454632944,0.027670692040820424,0.003228518234948828,0.023689614608883858
D0,17,learned,2,True,True,True,14.610600544302157,False,False,False,False,,,5.009999999999938,0.0,full,0.42594280942227786,0.9534267532589371,0.018869441376929533,0.02764340833267876,0.003126143544039682,0.02400907315313816
D0,17,learned,3,True,True,True,11.540232928261347,False,False,False,False,,,5.009999999999938,0.0,warmup,0.509978780669319,1.1525834806578006,0.01966740507912156,0.02749585778440644,0.003243130075420733,0.02303885668516159
D0,17,learned,4,True,True,True,11.95529782206242,False,False,False,False,,,5.009999999999938,0.0,intermediate,0.5696580900535205,1.2016692008919285,0.022908638833633792,0.027941498614785343,0.0035069627346087048,0.022617816925048828
D0,17,learned,5,True,True,True,13.126905124109049,False,False,False,False,,,5.009999999999938,0.0,full,0.4265115823194439,1.437154991672124,0.019491453369778183,0.026676614633081144,0.002758583897913009,0.019464271143078804
D0,17,learned,6,True,True,True,12.41057855091591,False,False,False,False,,,5.009999999999938,0.0,warmup,0.5075895884587166,1.2407813524535225,0.020077575194766543,0.02732614202184472,0.00321423418896931,0.022675540298223495
D0,17,learned,7,True,True,True,12.234285638524204,False,False,False,False,,,5.009999999999938,0.0,intermediate,0.48690102169905397,1.038737655570714,0.01927104250393954,0.027586066233266256,0.0031387787012517186,0.02032512053847313
D0,17,learned,8,True,True,True,14.856315307570982,False,False,False,False,,,5.009999999999938,0.0,full,0.505785052514625,1.5431761150884702,0.02055422691252783,0.027014600349085108,0.003082623092218413,0.019770946353673935
D0,17,learned,9,True,True,True,12.701935279436729,False,False,False,False,,,5.009999999999938,0.0,warmup,0.49479990440431754,1.1688952171756082,0.019175613677018553,0.027365103073489012,0.0031453198218989926,0.02196204476058483
D0,17,learned,10,True,True,True,12.679320403927587,False,False,False,False,,,5.009999999999938,0.0,intermediate,0.5579570453338745,1.2889912019305365,0.021185601718797374,0.027575942398415026,0.0031206476708558846,0.022373462095856667
D0,17,learned,11,True,True,True,13.99066358522606,False,False,False,False,,,5.009999999999938,0.0,full,0.637714525300757,1.1834188609198721,0.020412015890372934,0.028471637534387157,0.002909973496011494,0.01957148313522339
D0,17,learned,12,True,True,True,11.797142603300685,False,False,False,False,,,5.009999999999938,0.0,warmup,0.5009263118149376,1.2188247958799947,0.019108699524834235,0.02729937053675993,0.0032388953730167654,0.021778464317321777
D0,17,learned,13,True,True,True,11.121226810907373,False,False,False,False,,,5.009999999999938,0.0,intermediate,0.5721493389616075,1.0132527290956106,0.02063285222688923,0.028098985893355414,0.003269568520799519,0.023851841688156128
D0,17,learned,14,False,True,False,15.23253333621418,False,False,False,False,unstable box motion,timeout,0.08,0.0,full,0.47084174840317594,1.1668854451158555,0.026195814204752005,0.027479344365029437,0.0033026130247994193,0.02403360791504383
D0,17,learned,15,True,True,True,12.339374742550412,False,False,False,False,,,5.009999999999938,0.0,warmup,0.48738766261608873,1.2336237205624674,0.019442214556968287,0.027198070092722532,0.0031582022931796448,0.022381365299224854
D0,17,learned,16,True,True,True,10.462599869181341,False,False,False,False,,,5.009999999999938,0.0,intermediate,0.44463355547976935,1.2760410585312312,0.02019340180465412,0.027075573408386518,0.0032884590574036973,0.02338629774749279
D0,17,learned,17,True,True,True,15.62501010776361,False,False,False,False,,,5.009999999999938,0.0,full,0.545833674323523,1.1579762526510662,0.0168533247673134,0.028307305768320325,0.003071116547450284,0.018246503546833992
D0,17,learned,18,True,True,True,11.274369330439995,False,False,False,False,,,5.009999999999938,0.0,warmup,0.49298274539423165,1.2346759141610777,0.019185504501559102,0.027239895931663014,0.003238060034726957,0.021685270592570305
D0,17,learned,19,True,True,True,11.056804453285716,False,False,False,False,,,5.009999999999938,0.0,intermediate,0.4838916734878356,1.3374730526845824,0.02480371989634846,0.027162668140054268,0.00329324407252321,0.0238970797508955
D0,17,learned,20,True,True,True,12.13835046937337,False,False,False,False,,,5.009999999999938,0.0,full,0.5020057240424289,0.7954649007207342,0.017984113363320522,0.028588668155104524,0.0033108199014905896,0.022326286882162094
D0,17,learned,21,True,True,True,12.614461548008515,False,False,False,False,,,5.009999999999938,0.0,warmup,0.4904104543646842,1.1673474497063143,0.018547530965370353,0.02732162498807192,0.003116959793792708,0.021972930058836937
D0,17,learned,22,False,True,False,10.975276033210253,False,False,False,False,unstable box motion,timeout,4.789999999999942,0.0,intermediate,0.4526350727341898,1.1252112590506311,0.01879648476983081,0.0272376328005682,0.002992925944937659,0.022448794916272163
D0,17,learned,23,True,True,True,16.435168507981192,False,False,False,False,,,5.009999999999938,0.0,full,0.4904961771661215,1.343875645190756,0.019832087820840866,0.028234402079263393,0.0034490962496525907,0.018042178824543953
D0,17,learned,24,True,True,True,11.404358037254632,False,False,False,False,,,5.009999999999938,0.0,warmup,0.5109693765412465,1.211283449106051,0.01984943571609148,0.027388702600268246,0.0032508955218207387,0.022647282108664513
D0,17,learned,25,True,True,True,11.675038866662323,False,False,False,False,,,5.009999999999938,0.0,intermediate,0.5317344461251952,1.0067531604749642,0.02241506910925954,0.02817298913496127,0.0036518929930691897,0.021834829822182655
D0,17,learned,26,True,True,True,13.671860539259747,False,False,False,False,,,5.009999999999938,0.0,full,0.5135364956319597,0.9791037239291087,0.018887321473419687,0.028908501602097642,0.003683049819184416,0.019926326349377632
D0,17,learned,27,True,True,True,12.96335919201756,False,False,False,False,,,5.009999999999938,0.0,warmup,0.48896578770858773,1.2364416551319382,0.019589934024801487,0.027181005945517905,0.0031568757487282087,0.021963922306895256
D0,17,learned,28,True,True,True,12.677107739062414,False,False,False,False,,,5.009999999999938,0.0,intermediate,0.46606083056516756,1.0333475627374389,0.018526741361463563,0.02749151587467271,0.0030940333205607446,0.02204293943941593
D0,17,learned,29,True,True,True,12.522643218760063,False,False,False,False,,,5.009999999999938,0.0,full,0.4781300590747878,1.1076903259488948,0.017814242078615,0.02744906911929954,0.0030194886720094545,0.022260868921875954
D0,17,learned,30,True,True,True,12.047770269310789,False,False,False,False,,,5.009999999999938,0.0,warmup,0.500472282046089,1.2042566690466316,0.021244768474840654,0.02732003281007169,0.0031868621751547175,0.02193232998251915
D0,17,learned,31,True,True,True,9.745287232420996,False,False,False,False,,,5.009999999999938,0.0,intermediate,0.42123466907856777,1.253002323925152,0.01930313421251365,0.02698110078360654,0.003336205909407709,0.023309798911213875
D0,17,learned,32,True,True,True,15.595439945394755,False,False,False,False,,,5.009999999999938,0.0,full,0.49655863214725254,1.0809459611070078,0.0203857390562875,0.027565796185388385,0.0030621332983129415,0.026230011135339737
D0,17,learned,33,True,True,True,12.092669998655621,False,False,False,False,,,5.009999999999938,0.0,warmup,0.4824355574271533,1.21891463319844,0.01869331451407757,0.027280602695732674,0.0031016566623825715,0.02165624499320984
D0,17,learned,34,True,True,True,12.126745054398382,False,False,False,False,,,5.009999999999938,0.0,intermediate,0.5593516103811621,1.3360529847388807,0.02470330534811473,0.027475556431590074,0.003289320195294144,0.023655302822589874
D0,17,learned,35,True,True,True,13.489504170411177,False,False,False,False,,,5.009999999999938,0.0,full,0.5821520363062294,0.9352893720189832,0.01818746949975037,0.028944602538538023,0.00371035924066321,0.020878782495856285
D0,17,learned,36,True,True,True,13.04776725285344,False,False,False,False,,,5.009999999999938,0.0,warmup,0.49003588725688896,1.1949944693625023,0.018668409470998903,0.027278689577497035,0.0030852283147751445,0.02164257876574993
D0,17,learned,37,True,True,True,11.051619618130665,False,False,False,False,,,5.009999999999938,0.0,intermediate,0.47202966125532003,1.0718062194041447,0.018765839594888794,0.02744534887627744,0.003127464732752388,0.023461494594812393
D0,17,learned,38,True,True,True,13.856644034128772,False,False,False,False,,,5.009999999999938,0.0,full,0.39720311956649396,1.1780777381288443,0.017181534122616193,0.02776457640820584,0.0032023236098995926,0.01718262769281864
D0,17,learned,39,True,True,True,11.489224932651272,False,False,False,False,,,5.009999999999938,0.0,warmup,0.48760734892737573,1.2436457867865334,0.01926983672564173,0.027159271624881878,0.0031903281195168605,0.022290026769042015
D0,17,learned,40,True,True,True,12.002016147150636,False,False,False,False,,,5.009999999999938,0.0,intermediate,0.4697590305539757,1.000828031345263,0.017506297413274852,0.027692406394026915,0.0031658282701038953,0.021036868914961815
D0,17,learned,41,True,True,True,11.304023539894454,False,False,False,False,,,5.009999999999938,0.0,full,0.5399893072381774,1.543457179043201,0.021405106583156537,0.02744165863329168,0.00327472383804966,0.02356313169002533
D0,17,learned,42,True,True,True,12.83011500677108,False,False,False,False,,,5.009999999999938,0.0,warmup,0.4885757854329753,1.2269349832847654,0.019707334678752818,0.027238894080207594,0.0031721076292420053,0.021902410313487053
D0,17,learned,43,True,True,True,12.975904160746767,False,False,False,False,,,5.009999999999938,0.0,intermediate,0.5760872145672483,1.17039712756378,0.020524169675668374,0.027924960707872426,0.0030494908611480524,0.02374184876680374
D0,17,learned,44,False,True,False,15.173717623430843,False,False,False,False,unstable box motion,timeout,4.329999999999952,0.0,full,0.38303639555873803,1.338079672902308,0.023829290703023965,0.026667303327813037,0.0031991415658766138,0.02495945803821087
D0,17,learned,45,True,True,True,11.349077435924775,False,False,False,False,,,5.009999999999938,0.0,warmup,0.49174394141055583,1.2240044962498438,0.02106456755242369,0.027255118544729465,0.0031222662274152614,0.02289263717830181
D0,17,learned,46,True,True,True,12.141625736102922,False,False,False,False,,,5.009999999999938,0.0,intermediate,0.43827127758724876,1.208110249995769,0.019550555224289973,0.02713780168867312,0.0029763369895590584,0.022901209071278572
D0,17,learned,47,True,True,True,12.598749449035882,False,False,False,False,,,5.009999999999938,0.0,full,0.6424065509628292,1.102805538886461,0.02221346883707689,0.02816755347309328,0.0032826354175333264,0.023049818351864815
D0,17,learned,48,True,True,True,12.064326334214062,False,False,False,False,,,5.009999999999938,0.0,warmup,0.5085148659503609,1.174116055562226,0.019851131507014293,0.027481354333583615,0.003131056938659915,0.023107919842004776
D0,17,learned,49,False,True,False,10.833958587126961,False,False,False,False,unstable box motion,timeout,4.8299999999999415,0.0,intermediate,0.45103892656726835,1.2464647082307405,0.023028479000402165,0.027082022704559235,0.003143261789643605,0.023052111268043518
D0,17,learned,50,True,True,True,12.813404467507553,False,False,False,False,,,5.009999999999938,0.0,full,0.3726770816353148,1.4920678302689376,0.018009193737662643,0.027626320074277972,0.0031075799732169325,0.018663102760910988
D0,17,learned,51,True,True,True,12.548120113879385,False,False,False,False,,,5.009999999999938,0.0,warmup,0.5121655145357621,1.2468573748815532,0.021894686222633613,0.027328456352374873,0.0031224417447102454,0.02291482873260975
D0,17,learned,52,True,True,True,11.135377543587618,False,False,False,False,,,5.009999999999938,0.0,intermediate,0.5619201427171274,1.0007040595710093,0.020079560355822753,0.02807079747400974,0.0031289133521285695,0.023863235488533974
D0,17,learned,53,False,True,False,10.915547365658853,False,False,False,False,unstable box motion,timeout,0.0,0.0,full,0.5243303082272294,0.9612646556452364,0.026594471841609783,0.028311450365041707,0.0035905107588041574,0.02303442917764187
D0,17,learned,54,True,True,True,11.590834651365121,False,False,False,False,,,5.009999999999938,0.0,warmup,0.4863359531545361,1.2434969451900522,0.019293667124286665,0.02715975324890463,0.0031574425548726135,0.02191915363073349
D0,17,learned,55,True,True,True,10.761783870655805,False,False,False,False,,,5.009999999999938,0.0,intermediate,0.4252483777736942,1.264293204911614,0.019492038866099327,0.02674086630991918,0.003073387458570336,0.023390349000692368
D0,17,learned,56,True,True,True,15.89451166139712,False,False,False,False,,,5.009999999999938,0.0,full,0.5295575228792385,1.4527831122188495,0.02130838990648473,0.028157677055696415,0.0034069043119225283,0.017233680933713913
D0,17,learned,57,True,True,True,11.623779306220097,False,False,False,False,,,5.009999999999938,0.0,warmup,0.5141180905828481,1.2082259258941315,0.019972578647435082,0.02739682229981291,0.0032458104673270165,0.022245315834879875
D0,17,learned,58,True,True,True,12.859000095950375,False,False,False,False,,,5.009999999999938,0.0,intermediate,0.44073145090136284,1.0827524946051303,0.017031164170379545,0.027495940994338008,0.0031562735275435967,0.020718753337860107
D0,17,learned,59,False,True,False,10.785193520761233,False,False,False,False,unstable box motion,timeout,0.0,0.0,full,0.5261049150037435,1.2326145627183616,0.029016068641828215,0.028021839755676698,0.003710124872990751,0.023737335577607155
D0,17,learned,60,True,True,True,13.978824434316387,False,False,False,False,,,5.009999999999938,0.0,warmup,0.5030441815117926,1.235296079410372,0.019367710550644558,0.027292282965372415,0.003143976229028606,0.0215875543653965
D0,17,learned,61,True,True,True,11.691194798117083,False,False,False,False,,,5.009999999999938,0.0,intermediate,0.5389551631654701,1.197412975915647,0.021277568854887734,0.02753033478779858,0.0030126752009612384,0.023732395842671394
D0,17,learned,62,True,True,True,10.574683871356353,False,False,False,False,,,5.009999999999938,0.0,full,0.37411391740488836,0.778022602554542,0.016698771418370496,0.02740441298449057,0.0028726741650395775,0.01974877342581749
D0,17,learned,63,True,True,True,12.605912031076226,False,False,False,False,,,5.009999999999938,0.0,warmup,0.5180958832674765,1.1775949033705304,0.021314258082101026,0.027494656498505306,0.0030355587794299167,0.02310429885983467
D0,17,learned,64,True,True,True,10.934166957329573,False,False,False,False,,,5.009999999999938,0.0,intermediate,0.4319834064826628,1.2497602045329117,0.021100293364089175,0.026817464834908118,0.002929166242003787,0.02307301014661789
D0,17,learned,65,True,True,True,15.416545880646552,False,False,False,False,,,5.009999999999938,0.0,full,0.46955263519301244,1.3618770382643257,0.01973253556166421,0.026827781348827375,0.0028845678683556007,0.025980403646826744
D0,17,learned,66,True,True,True,12.628588406223987,False,False,False,False,,,5.009999999999938,0.0,warmup,0.5144610774914211,1.2260844704151872,0.01998124809651831,0.027376962294133562,0.003226095077863664,0.022707171738147736
D0,17,learned,67,True,True,True,11.240815345866833,False,False,False,False,,,5.009999999999938,0.0,intermediate,0.4243514781482216,1.2158876925074258,0.018206187729926996,0.02680297195156393,0.0029191588211620947,0.022609831765294075
D0,17,learned,68,True,True,True,15.491983012364745,False,False,False,False,,,5.009999999999938,0.0,full,0.41267677704972583,0.8528733183238331,0.01884577196566389,0.02761344760796306,0.0029870633936054476,0.02666766569018364
D0,17,learned,69,True,True,True,12.961699511595125,False,False,False,False,,,5.009999999999938,0.0,warmup,0.49438308838503003,1.1989058255816771,0.021077373669083525,0.027311437093371086,0.003109751388840719,0.022080451250076294
D0,17,learned,70,True,True,True,11.978223324864143,False,False,False,False,,,5.009999999999938,0.0,intermediate,0.45607536866522447,1.0072921878164434,0.019211967716665047,0.02779861526093393,0.0031756334219915938,0.022304315119981766
D0,17,learned,71,False,True,False,15.510901780095882,False,False,False,False,unstable box motion,timeout,4.9699999999999385,0.0,full,0.4890386342296652,1.3446198045538313,0.022897664778047028,0.02699785292185286,0.0030941568280104547,0.025811834260821342
D0,17,learned,72,True,True,True,11.232367494824937,False,False,False,False,,,5.009999999999938,0.0,warmup,0.5181769401123936,1.2214768875486623,0.021292581552192755,0.027364604909707352,0.0031021681093037702,0.0229305662214756
D0,17,learned,73,True,True,True,12.631994274731067,False,False,False,False,,,5.009999999999938,0.0,intermediate,0.47561330230223386,1.274057400905906,0.019723213232136865,0.027425851482160965,0.003478981552757603,0.021352345123887062
D0,17,learned,74,False,True,False,16.145533929044277,False,False,False,False,unstable box motion,timeout,0.0,0.0,full,0.6302656463012763,1.2363069994594955,22.315026640184392,0.024972840751016398,0.004495339560630133,0.017066849395632744
D0,17,learned,75,True,True,True,11.406124916152082,False,False,False,False,,,5.009999999999938,0.0,warmup,0.5128891502103221,1.1693339809485719,0.021329854912025374,0.027431003773627154,0.0030898534030812334,0.022524509578943253
D0,17,learned,76,True,True,True,13.581756456587607,False,False,False,False,,,5.009999999999938,0.0,intermediate,0.5029775957233502,1.1173203785729031,0.020594940592465596,0.027546426261630945,0.003127761464778623,0.02160400152206421
D0,17,learned,77,True,True,True,12.945492164483495,False,False,False,False,,,5.009999999999938,0.0,full,0.6217022090206814,1.178149402500111,0.021539278076900523,0.028316946102877175,0.0033983232127074037,0.023010602220892906
D0,17,learned,78,True,True,True,11.548618848973462,False,False,False,False,,,5.009999999999938,0.0,warmup,0.48107140492051537,1.2237028225935525,0.020856499159350495,0.027165067820223817,0.0030794594412958077,0.02250799350440502
D0,17,learned,79,True,True,True,13.280648142921454,False,False,False,False,,,5.009999999999938,0.0,intermediate,0.5582002597826974,1.2360374228455522,0.0223734506602134,0.02788321559902461,0.003418610759349611,0.022553609684109688
D0,17,learned,80,True,True,True,16.75445351816647,False,False,False,False,,,5.009999999999938,0.0,full,0.5342840136425704,1.0989328427743525,0.019635972914351537,0.02893385064002472,0.003519638814972077,0.017923962324857712
D0,17,learned,81,True,True,True,11.680870934025997,False,False,False,False,,,5.009999999999938,0.0,warmup,0.5198020969208147,1.2222703211615975,0.021223859760602534,0.027365696356010688,0.003148614332280677,0.022830836474895477
D0,17,learned,82,True,True,True,12.455979690182152,False,False,False,False,,,5.009999999999938,0.0,intermediate,0.5418115409414938,1.2476588704407745,0.02149832878552643,0.027734125144043123,0.003461044331762328,0.02077869139611721
D0,17,learned,83,True,True,True,11.332383447518124,False,False,False,False,,,5.009999999999938,0.0,full,0.48067514698452624,1.3134212480291771,0.01966805308374766,0.02725761011207261,0.003067269604660488,0.023892316967248917
D0,17,learned,84,True,True,True,12.383696823489121,False,False,False,False,,,5.009999999999938,0.0,warmup,0.5182181653316911,1.240184064601315,0.018878255867639155,0.027584800065954714,0.003468059758106558,0.02226029522716999
D0,17,learned,85,True,True,True,11.745462015116608,False,False,False,False,,,5.009999999999938,0.0,intermediate,0.4215685252329265,1.096261173554801,0.016794285276823903,0.02729564252658076,0.0031489948909405657,0.02062377892434597
D0,17,learned,86,True,True,True,12.860996284999322,False,False,False,False,,,5.009999999999938,0.0,full,0.45929631408227567,1.3403272016459777,0.01917200902379702,0.027054845034667343,0.0031965401011184997,0.021662959828972816
D0,17,learned,87,True,True,True,12.934525700164558,False,False,False,False,,,5.009999999999938,0.0,warmup,0.5101437457234121,1.2259015013553074,0.020391905352210915,0.027358510650173935,0.0030743167881155387,0.022648248821496964
D0,17,learned,88,True,True,True,13.513342173160467,False,False,False,False,,,5.009999999999938,0.0,intermediate,0.510237487959977,1.36657991163753,0.021414197686905313,0.027341868742756303,0.0032095967435839053,0.022290917113423347
D0,17,learned,89,True,True,True,13.800347956701913,False,False,False,False,,,5.009999999999938,0.0,full,0.670320389540348,1.0790204426581789,0.020729591288603178,0.028538607239593183,0.0032193727135735517,0.021387258544564247
D0,17,learned,90,True,True,True,12.362588115465691,False,False,False,False,,,5.009999999999938,0.0,warmup,0.4871652420600959,1.1732984908471253,0.01916397928191742,0.02732250277535524,0.003133255489257818,0.022856956347823143
D0,17,learned,91,True,True,True,13.959162448684049,False,False,False,False,,,5.009999999999938,0.0,intermediate,0.5063899162248642,1.2129222183053707,0.021025386387997887,0.02769746235207449,0.0033067439744846492,0.02062588930130005
D0,17,learned,92,True,True,True,15.556371552323245,False,False,False,False,,,5.009999999999938,0.0,full,0.39331817024535876,1.05629062348945,0.021778393588586596,0.026834319894522975,0.003016804319486255,0.02723800018429756
D0,17,learned,93,True,True,True,11.950454856736918,False,False,False,False,,,5.009999999999938,0.0,warmup,0.4809392138214365,1.1890876549511458,0.019494191978818687,0.02722564995908983,0.003082775743678212,0.022898176684975624
D0,17,learned,94,True,True,True,11.16866507585954,False,False,False,False,,,5.009999999999938,0.0,intermediate,0.5615218737550742,1.3768853723217598,0.0219111649690083,0.02744819629241864,0.0030684881691476094,0.023933574557304382
D0,17,learned,95,True,True,True,10.869841454633455,False,False,False,False,,,5.009999999999938,0.0,full,0.6818918618697445,0.7643543624064467,0.01794713546375337,0.02952143214139388,0.003103306101314407,0.023899279534816742
D0,17,learned,96,True,True,True,11.434134583343287,False,False,False,False,,,5.009999999999938,0.0,warmup,0.5053135879878038,1.1841457332405028,0.01985387524076496,0.02736667790554545,0.0032260768309309395,0.022680195048451424
D0,17,learned,97,False,True,False,11.210530615947775,False,False,False,False,unstable box motion,timeout,0.2900000000000001,0.0,intermediate,0.5212111576019438,1.2965194086396024,0.025872623074183584,0.02765351203268584,0.003389795713093398,0.023177385330200195
D0,17,learned,98,True,True,True,14.208549933740755,False,False,False,False,,,5.009999999999938,0.0,full,0.3626765151612195,1.1750646730460341,0.018665562868195564,0.026517033746879127,0.0029677708875866624,0.023880016058683395
D0,17,learned,99,True,True,True,13.574584629209198,False,False,False,False,,,5.009999999999938,0.0,warmup,0.4854086464968972,1.192907376054963,0.018318531539227568,0.027496417866188314,0.0032936051607350258,0.021608026698231697
D0,17,zero,0,True,True,True,11.738354911025425,False,False,False,False,,,5.009999999999938,0.0,warmup,0.5128083197961336,1.1512648415214817,0.020524704885670875,0.0,0.0,0.0
D0,17,zero,1,True,True,True,10.830579550058902,False,False,False,False,,,5.009999999999938,0.0,intermediate,0.5583821710176411,1.2738890168815886,0.021524058705885075,0.0,0.0,0.0
D0,17,zero,2,True,True,True,14.616173209565286,False,False,False,False,,,5.009999999999938,0.0,full,0.42594280942227786,0.9534267532589371,0.01892775203049847,0.0,0.0,0.0
D0,17,zero,3,True,True,True,11.568182226702957,False,False,False,False,,,5.009999999999938,0.0,warmup,0.509978780669319,1.1525834806578006,0.019745057731862987,0.0,0.0,0.0
D0,17,zero,4,True,True,True,12.364718741778496,False,False,False,False,,,5.009999999999938,0.0,intermediate,0.5696580900535205,1.2016692008919285,0.022633081379030535,0.0,0.0,0.0
D0,17,zero,5,True,True,True,13.186414426163863,False,False,False,False,,,5.009999999999938,0.0,full,0.4265115823194439,1.437154991672124,0.01958959302918034,0.0,0.0,0.0
D0,17,zero,6,True,True,True,12.46223287268657,False,False,False,False,,,5.009999999999938,0.0,warmup,0.5075895884587166,1.2407813524535225,0.020192722766563982,0.0,0.0,0.0
D0,17,zero,7,True,True,True,12.261601811426459,False,False,False,False,,,5.009999999999938,0.0,intermediate,0.48690102169905397,1.038737655570714,0.01861121414637554,0.0,0.0,0.0
D0,17,zero,8,True,True,True,14.926811516078901,False,False,False,False,,,5.009999999999938,0.0,full,0.505785052514625,1.5431761150884702,0.020777114905751404,0.0,0.0,0.0
D0,17,zero,9,True,True,True,12.771315230132634,False,False,False,False,,,5.009999999999938,0.0,warmup,0.49479990440431754,1.1688952171756082,0.019264537339446296,0.0,0.0,0.0
D0,17,zero,10,True,True,True,12.521168372504572,False,False,False,False,,,5.009999999999938,0.0,intermediate,0.5579570453338745,1.2889912019305365,0.02131871344685938,0.0,0.0,0.0
D0,17,zero,11,True,True,True,13.487418966169331,False,False,False,False,,,5.009999999999938,0.0,full,0.637714525300757,1.1834188609198721,0.021447244954935992,0.0,0.0,0.0
D0,17,zero,12,True,True,True,11.846786047031546,False,False,False,False,,,5.009999999999938,0.0,warmup,0.5009263118149376,1.2188247958799947,0.01921838984294255,0.0,0.0,0.0
D0,17,zero,13,True,True,True,11.137920408588595,False,False,False,False,,,5.009999999999938,0.0,intermediate,0.5721493389616075,1.0132527290956106,0.020717342775059128,0.0,0.0,0.0
D0,17,zero,14,False,True,False,15.155238321123084,False,False,False,False,unstable box motion,timeout,0.03,0.0,full,0.47084174840317594,1.1668854451158555,0.026557507917864553,0.0,0.0,0.0
D0,17,zero,15,True,True,True,12.399727102133248,False,False,False,False,,,5.009999999999938,0.0,warmup,0.48738766261608873,1.2336237205624674,0.019552985343880152,0.0,0.0,0.0
D0,17,zero,16,True,True,True,10.543584403839262,False,False,False,False,,,5.009999999999938,0.0,intermediate,0.44463355547976935,1.2760410585312312,0.020276664806378623,0.0,0.0,0.0
D0,17,zero,17,True,True,True,15.672199567182052,False,False,False,False,,,5.009999999999938,0.0,full,0.545833674323523,1.1579762526510662,0.017107805017850253,0.0,0.0,0.0
D0,17,zero,18,True,True,True,11.322579746573014,False,False,False,False,,,5.009999999999938,0.0,warmup,0.49298274539423165,1.2346759141610777,0.01925566826692108,0.0,0.0,0.0
D0,17,zero,19,True,True,True,11.155680855521663,False,False,False,False,,,5.009999999999938,0.0,intermediate,0.4838916734878356,1.3374730526845824,0.024876101120294845,0.0,0.0,0.0
D0,17,zero,20,True,True,True,13.026208480181129,False,False,False,False,,,5.009999999999938,0.0,full,0.5020057240424289,0.7954649007207342,0.01789318386298323,0.0,0.0,0.0
D0,17,zero,21,True,True,True,12.683176769608474,False,False,False,False,,,5.009999999999938,0.0,warmup,0.4904104543646842,1.1673474497063143,0.018642198329941247,0.0,0.0,0.0
D0,17,zero,22,True,True,True,10.681627400806933,False,False,False,False,,,5.009999999999938,0.0,intermediate,0.4526350727341898,1.1252112590506311,0.018561166107325437,0.0,0.0,0.0
D0,17,zero,23,True,True,True,16.48203204477007,False,False,False,False,,,5.009999999999938,0.0,full,0.4904961771661215,1.343875645190756,0.019752857920643112,0.0,0.0,0.0
D0,17,zero,24,True,True,True,11.429635162153506,False,False,False,False,,,5.009999999999938,0.0,warmup,0.5109693765412465,1.211283449106051,0.019960664302061885,0.0,0.0,0.0
D0,17,zero,25,True,True,True,11.548916252243453,False,False,False,False,,,5.009999999999938,0.0,intermediate,0.5317344461251952,1.0067531604749642,0.023471311417128774,0.0,0.0,0.0
D0,17,zero,26,True,True,True,13.734417413825255,False,False,False,False,,,5.009999999999938,0.0,full,0.5135364956319597,0.9791037239291087,0.019078146087533176,0.0,0.0,0.0
D0,17,zero,27,True,True,True,13.644535779155124,False,False,False,False,,,5.009999999999938,0.0,warmup,0.48896578770858773,1.2364416551319382,0.019642584295162437,0.0,0.0,0.0
D0,17,zero,28,True,True,True,12.733471125530139,False,False,False,False,,,5.009999999999938,0.0,intermediate,0.46606083056516756,1.0333475627374389,0.018909839435079328,0.0,0.0,0.0
D0,17,zero,29,True,True,True,12.599032010864597,False,False,False,False,,,5.009999999999938,0.0,full,0.4781300590747878,1.1076903259488948,0.017900430311176076,0.0,0.0,0.0
D0,17,zero,30,True,True,True,12.103391048363374,False,False,False,False,,,5.009999999999938,0.0,warmup,0.500472282046089,1.2042566690466316,0.02134140268833359,0.0,0.0,0.0
D0,17,zero,31,True,True,True,9.765438339959955,False,False,False,False,,,5.009999999999938,0.0,intermediate,0.42123466907856777,1.253002323925152,0.02106934490308074,0.0,0.0,0.0
D0,17,zero,32,True,True,True,15.514522121129373,False,False,False,False,,,5.009999999999938,0.0,full,0.49655863214725254,1.0809459611070078,0.020464976506717518,0.0,0.0,0.0
D0,17,zero,33,True,True,True,12.160583709270684,False,False,False,False,,,5.009999999999938,0.0,warmup,0.4824355574271533,1.21891463319844,0.01879245097104759,0.0,0.0,0.0
D0,17,zero,34,True,True,True,12.147443313738606,False,False,False,False,,,5.009999999999938,0.0,intermediate,0.5593516103811621,1.3360529847388807,0.024879432704356705,0.0,0.0,0.0
D0,17,zero,35,True,True,True,13.55928262275364,False,False,False,False,,,5.009999999999938,0.0,full,0.5821520363062294,0.9352893720189832,0.018317930834546144,0.0,0.0,0.0
D0,17,zero,36,True,True,True,13.716412862449031,False,False,False,False,,,5.009999999999938,0.0,warmup,0.49003588725688896,1.1949944693625023,0.01796843022675573,0.0,0.0,0.0
D0,17,zero,37,True,True,True,11.095700036819728,False,False,False,False,,,5.009999999999938,0.0,intermediate,0.47202966125532003,1.0718062194041447,0.018868581266375584,0.0,0.0,0.0
D0,17,zero,38,True,True,True,13.880949274654087,False,False,False,False,,,5.009999999999938,0.0,full,0.39720311956649396,1.1780777381288443,0.019673506655049418,0.0,0.0,0.0
D0,17,zero,39,True,True,True,11.526520114446598,False,False,False,False,,,5.009999999999938,0.0,warmup,0.48760734892737573,1.2436457867865334,0.019385065029217455,0.0,0.0,0.0
D0,17,zero,40,True,True,True,12.061099445506247,False,False,False,False,,,5.009999999999938,0.0,intermediate,0.4697590305539757,1.000828031345263,0.017596014798999617,0.0,0.0,0.0
D0,17,zero,41,True,True,True,11.504657684614092,False,False,False,False,,,5.009999999999938,0.0,full,0.5399893072381774,1.543457179043201,0.02173951781237901,0.0,0.0,0.0
D0,17,zero,42,True,True,True,12.897892983577803,False,False,False,False,,,5.009999999999938,0.0,warmup,0.4885757854329753,1.2269349832847654,0.019759561578133057,0.0,0.0,0.0
D0,17,zero,43,True,True,True,12.537669787151682,False,False,False,False,,,5.009999999999938,0.0,intermediate,0.5760872145672483,1.17039712756378,0.020583550771206962,0.0,0.0,0.0
D0,17,zero,44,False,True,False,15.096611338962546,False,False,False,False,unstable box motion,timeout,4.319999999999952,0.0,full,0.38303639555873803,1.338079672902308,0.024257387971864056,0.0,0.0,0.0
D0,17,zero,45,True,True,True,11.375084214706135,False,False,False,False,,,5.009999999999938,0.0,warmup,0.49174394141055583,1.2240044962498438,0.021107896776920747,0.0,0.0,0.0
D0,17,zero,46,True,True,True,12.188356921533073,False,False,False,False,,,5.009999999999938,0.0,intermediate,0.43827127758724876,1.208110249995769,0.019624434893668836,0.0,0.0,0.0
D0,17,zero,47,True,True,True,12.631155603772365,False,False,False,False,,,5.009999999999938,0.0,full,0.6424065509628292,1.102805538886461,0.02234347624032534,0.0,0.0,0.0
D0,17,zero,48,True,True,True,12.103540904387291,False,False,False,False,,,5.009999999999938,0.0,warmup,0.5085148659503609,1.174116055562226,0.019925626213098395,0.0,0.0,0.0
D0,17,zero,49,False,True,False,10.888682556938575,False,False,False,False,unstable box motion,timeout,4.9199999999999395,0.0,intermediate,0.45103892656726835,1.2464647082307405,0.023403004107901977,0.0,0.0,0.0
D0,17,zero,50,True,True,True,12.871844227990742,False,False,False,False,,,5.009999999999938,0.0,full,0.3726770816353148,1.4920678302689376,0.018474518983907312,0.0,0.0,0.0
D0,17,zero,51,True,True,True,12.593188389920833,False,False,False,False,,,5.009999999999938,0.0,warmup,0.5121655145357621,1.2468573748815532,0.021948901648773615,0.0,0.0,0.0
D0,17,zero,52,True,True,True,11.146518413117931,False,False,False,False,,,5.009999999999938,0.0,intermediate,0.5619201427171274,1.0007040595710093,0.020153368232881087,0.0,0.0,0.0
D0,17,zero,53,False,True,False,10.933532139994828,False,False,False,False,unstable box motion,timeout,0.0,0.0,full,0.5243303082272294,0.9612646556452364,0.02704959192079744,0.0,0.0,0.0
D0,17,zero,54,True,True,True,11.645497721620153,False,False,False,False,,,5.009999999999938,0.0,warmup,0.4863359531545361,1.2434969451900522,0.019740720266721527,0.0,0.0,0.0
D0,17,zero,55,True,True,True,10.372984641335833,False,False,False,False,,,5.009999999999938,0.0,intermediate,0.4252483777736942,1.264293204911614,0.019829078470073987,0.0,0.0,0.0
D0,17,zero,56,True,True,True,15.660273121656271,False,False,False,False,,,5.009999999999938,0.0,full,0.5295575228792385,1.4527831122188495,0.02125027016567552,0.0,0.0,0.0
D0,17,zero,57,True,True,True,11.664993813367882,False,False,False,False,,,5.009999999999938,0.0,warmup,0.5141180905828481,1.2082259258941315,0.020046614578491457,0.0,0.0,0.0
D0,17,zero,58,True,True,True,12.833310439344888,False,False,False,False,,,5.009999999999938,0.0,intermediate,0.44073145090136284,1.0827524946051303,0.017661037809848682,0.0,0.0,0.0
D0,17,zero,59,False,True,False,10.786813377918,False,False,False,False,unstable box motion,timeout,0.0,0.0,full,0.5261049150037435,1.2326145627183616,0.028961401730140612,0.0,0.0,0.0
D0,17,zero,60,True,True,True,14.057405083535322,False,False,False,False,,,5.009999999999938,0.0,warmup,0.5030441815117926,1.235296079410372,0.01947456560739661,0.0,0.0,0.0
D0,17,zero,61,True,True,True,11.722104758643887,False,False,False,False,,,5.009999999999938,0.0,intermediate,0.5389551631654701,1.197412975915647,0.0213238570614697,0.0,0.0,0.0
D0,17,zero,62,True,True,True,10.638377386630937,False,False,False,False,,,5.009999999999938,0.0,full,0.37411391740488836,0.778022602554542,0.01676448897332273,0.0,0.0,0.0
D0,17,zero,63,True,True,True,12.649191696082571,False,False,False,False,,,5.009999999999938,0.0,warmup,0.5180958832674765,1.1775949033705304,0.021361247207560653,0.0,0.0,0.0
D0,17,zero,64,True,True,True,10.973253038263325,False,False,False,False,,,5.009999999999938,0.0,intermediate,0.4319834064826628,1.2497602045329117,0.021161324741186725,0.0,0.0,0.0
D0,17,zero,65,True,True,True,15.340810501620641,False,False,False,False,,,5.009999999999938,0.0,full,0.46955263519301244,1.3618770382643257,0.01980480690814856,0.0,0.0,0.0
D0,17,zero,66,True,True,True,12.677741184117474,False,False,False,False,,,5.009999999999938,0.0,warmup,0.5144610774914211,1.2260844704151872,0.020090461804586887,0.0,0.0,0.0
D0,17,zero,67,True,True,True,11.289540440513754,False,False,False,False,,,5.009999999999938,0.0,intermediate,0.4243514781482216,1.2158876925074258,0.01831588588599263,0.0,0.0,0.0
D0,17,zero,68,True,True,True,15.368647798306753,False,False,False,False,,,5.009999999999938,0.0,full,0.41267677704972583,0.8528733183238331,0.01889109077635428,0.0,0.0,0.0
D0,17,zero,69,True,True,True,13.02834171804609,False,False,False,False,,,5.009999999999938,0.0,warmup,0.49438308838503003,1.1989058255816771,0.02116964247775522,0.0,0.0,0.0
D0,17,zero,70,True,True,True,12.037024274117723,False,False,False,False,,,5.009999999999938,0.0,intermediate,0.45607536866522447,1.0072921878164434,0.0192772741060451,0.0,0.0,0.0
D0,17,zero,71,False,True,False,15.433544709994084,False,False,False,False,unstable box motion,timeout,4.989999999999938,0.0,full,0.4890386342296652,1.3446198045538313,0.022905367738605516,0.0,0.0,0.0
D0,17,zero,72,True,True,True,11.253358843153073,False,False,False,False,,,5.009999999999938,0.0,warmup,0.5181769401123936,1.2214768875486623,0.021342074279822477,0.0,0.0,0.0
D0,17,zero,73,True,True,True,12.704304638292744,False,False,False,False,,,5.009999999999938,0.0,intermediate,0.47561330230223386,1.274057400905906,0.019915115891681334,0.0,0.0,0.0
D0,17,zero,74,False,True,False,16.170052108648875,False,False,False,False,unstable box motion,timeout,0.0,0.0,full,0.6302656463012763,1.2363069994594955,23.177463378213357,0.0,0.0,0.0
D0,17,zero,75,True,True,True,11.439538438209095,False,False,False,False,,,5.009999999999938,0.0,warmup,0.5128891502103221,1.1693339809485719,0.021418575610176786,0.0,0.0,0.0
D0,17,zero,76,True,True,True,13.65858490353449,False,False,False,False,,,5.009999999999938,0.0,intermediate,0.5029775957233502,1.1173203785729031,0.02069733803756278,0.0,0.0,0.0
D0,17,zero,77,True,True,True,12.9885380553889,False,False,False,False,,,5.009999999999938,0.0,full,0.6217022090206814,1.178149402500111,0.02167264268834317,0.0,0.0,0.0
D0,17,zero,78,True,True,True,11.579932007309846,False,False,False,False,,,5.009999999999938,0.0,warmup,0.48107140492051537,1.2237028225935525,0.02093420330393901,0.0,0.0,0.0
D0,17,zero,79,True,True,True,13.327972300868613,False,False,False,False,,,5.009999999999938,0.0,intermediate,0.5582002597826974,1.2360374228455522,0.022487497815232696,0.0,0.0,0.0
D0,17,zero,80,True,True,True,16.79779276338605,False,False,False,False,,,5.009999999999938,0.0,full,0.5342840136425704,1.0989328427743525,0.01937287022145817,0.0,0.0,0.0
D0,17,zero,81,True,True,True,11.702742204433184,False,False,False,False,,,5.009999999999938,0.0,warmup,0.5198020969208147,1.2222703211615975,0.0213072660232238,0.0,0.0,0.0
D0,17,zero,82,True,True,True,12.239620224079825,False,False,False,False,,,5.009999999999938,0.0,intermediate,0.5418115409414938,1.2476588704407745,0.024569543678928565,0.0,0.0,0.0
D0,17,zero,83,True,True,True,11.423128473811131,False,False,False,False,,,5.009999999999938,0.0,full,0.48067514698452624,1.3134212480291771,0.01974474007279419,0.0,0.0,0.0
D0,17,zero,84,True,True,True,13.588868421141397,False,False,False,False,,,5.009999999999938,0.0,warmup,0.5182181653316911,1.240184064601315,0.019831222033441214,0.0,0.0,0.0
D0,17,zero,85,True,True,True,11.356662981263307,False,False,False,False,,,5.009999999999938,0.0,intermediate,0.4215685252329265,1.096261173554801,0.01684891901132032,0.0,0.0,0.0
D0,17,zero,86,True,True,True,12.991816402205323,False,False,False,False,,,5.009999999999938,0.0,full,0.45929631408227567,1.3403272016459777,0.02044558400660955,0.0,0.0,0.0
D0,17,zero,87,True,True,True,12.987130020782711,False,False,False,False,,,5.009999999999938,0.0,warmup,0.5101437457234121,1.2259015013553074,0.020767704750459248,0.0,0.0,0.0
D0,17,zero,88,True,True,True,13.57414980434687,False,False,False,False,,,5.009999999999938,0.0,intermediate,0.510237487959977,1.36657991163753,0.021568404595461662,0.0,0.0,0.0
D0,17,zero,89,True,True,True,13.648355069340372,False,False,False,False,,,5.009999999999938,0.0,full,0.670320389540348,1.0790204426581789,0.020731911146645784,0.0,0.0,0.0
D0,17,zero,90,True,True,True,12.41082013218532,False,False,False,False,,,5.009999999999938,0.0,warmup,0.4871652420600959,1.1732984908471253,0.0192726020695391,0.0,0.0,0.0
D0,17,zero,91,True,True,True,13.973000566125918,False,False,False,False,,,5.009999999999938,0.0,intermediate,0.5063899162248642,1.2129222183053707,0.021088217757763466,0.0,0.0,0.0
D0,17,zero,92,True,True,True,15.406735437934145,False,False,False,False,,,5.009999999999938,0.0,full,0.39331817024535876,1.05629062348945,0.021598286396971207,0.0,0.0,0.0
D0,17,zero,93,True,True,True,12.04264228239495,False,False,False,False,,,5.009999999999938,0.0,warmup,0.4809392138214365,1.1890876549511458,0.019615753589066653,0.0,0.0,0.0
D0,17,zero,94,True,True,True,11.194654704593827,False,False,False,False,,,5.009999999999938,0.0,intermediate,0.5615218737550742,1.3768853723217598,0.02209375225901859,0.0,0.0,0.0
D0,17,zero,95,True,True,True,10.858965838949505,False,False,False,False,,,5.009999999999938,0.0,full,0.6818918618697445,0.7643543624064467,0.01789121460884787,0.0,0.0,0.0
D0,17,zero,96,True,True,True,11.483098209468753,False,False,False,False,,,5.009999999999938,0.0,warmup,0.5053135879878038,1.1841457332405028,0.019967508628679808,0.0,0.0,0.0
D0,17,zero,97,False,True,False,11.251177835403844,False,False,False,False,unstable box motion,timeout,0.3000000000000001,0.0,intermediate,0.5212111576019438,1.2965194086396024,0.026252759252292687,0.0,0.0,0.0
D0,17,zero,98,True,True,True,14.224999763186673,False,False,False,False,,,5.009999999999938,0.0,full,0.3626765151612195,1.1750646730460341,0.018789776779400906,0.0,0.0,0.0
D0,17,zero,99,True,True,True,13.715144922363443,False,False,False,False,,,5.009999999999938,0.0,warmup,0.4854086464968972,1.192907376054963,0.01923333992859854,0.0,0.0,0.0
D0,27,learned,0,True,True,True,11.742020798431511,False,False,False,False,,,5.009999999999938,0.0,warmup,0.5128083197961336,1.1512648415214817,0.020531423616312036,0.014464607863031767,0.001422050389690836,0.01951427012681961
D0,27,learned,1,True,True,True,10.825402512940563,False,False,False,False,,,5.009999999999938,0.0,intermediate,0.5583821710176411,1.2738890168815886,0.021532142368219872,0.014306335381241916,0.0013315687698806733,0.020578468218445778
D0,27,learned,2,True,True,True,14.556739720068963,False,False,False,False,,,5.009999999999938,0.0,full,0.42594280942227786,0.9534267532589371,0.018934800024698488,0.013726161145792188,0.0011360228063509337,0.02138996496796608
D0,27,learned,3,True,True,True,11.568188239964197,False,False,False,False,,,5.009999999999938,0.0,warmup,0.509978780669319,1.1525834806578006,0.019751497703002583,0.014426390955089416,0.0014725315014494224,0.019931327551603317
D0,27,learned,4,True,True,True,12.349411894956106,False,False,False,False,,,5.009999999999938,0.0,intermediate,0.5696580900535205,1.2016692008919285,0.022635331631146907,0.014531062251918612,0.001532399103694114,0.019741922616958618
D0,27,learned,5,True,True,True,13.17490504482493,False,False,False,False,,,5.009999999999938,0.0,full,0.4265115823194439,1.437154991672124,0.019597913562956194,0.014323458586342628,0.001167752380499967,0.017588699236512184
D0,27,learned,6,True,True,True,12.442681367035448,False,False,False,False,,,5.009999999999938,0.0,warmup,0.5075895884587166,1.2407813524535225,0.02012813909492289,0.014467301665830157,0.001469117211345626,0.019750511273741722
D0,27,learned,7,True,True,True,12.271436688438355,False,False,False,False,,,5.009999999999938,0.0,intermediate,0.48690102169905397,1.038737655570714,0.018608722144335912,0.014519296734997574,0.0015265418102523496,0.018107153475284576
D0,27,learned,8,True,True,True,14.31158435111239,False,False,False,False,,,5.009999999999938,0.0,full,0.505785052514625,1.5431761150884702,0.02090839426058817,0.014572621013680965,0.0013540452599805704,0.017735125496983528
D0,27,learned,9,True,True,True,12.751735015873892,False,False,False,False,,,5.009999999999938,0.0,warmup,0.49479990440431754,1.1688952171756082,0.01926998063019287,0.014485590339711694,0.0014458801342753821,0.01920565776526928
D0,27,learned,10,True,True,True,12.724197839814066,False,False,False,False,,,5.009999999999938,0.0,intermediate,0.5579570453338745,1.2889912019305365,0.021311761113812618,0.014491493035409692,0.0013519475522775545,0.019494136795401573
D0,27,learned,11,True,True,True,13.447934096754686,False,False,False,False,,,5.009999999999938,0.0,full,0.637714525300757,1.1834188609198721,0.02133903408772944,0.014704143890261118,0.0016968949152323515,0.017606543377041817
D0,27,learned,12,True,True,True,11.850405015438604,False,False,False,False,,,5.009999999999938,0.0,warmup,0.5009263118149376,1.2188247958799947,0.019230472003232562,0.014579868625165665,0.0015262889894515728,0.019054057076573372
D0,27,learned,13,True,True,True,11.130072614333557,False,False,False,False,,,5.009999999999938,0.0,intermediate,0.5721493389616075,1.0132527290956106,0.020724266538595645,0.014325693336768185,0.0014709129001880266,0.020759504288434982
D0,27,learned,14,False,True,False,15.145945653178401,False,False,False,False,unstable box motion,timeout,0.11999999999999998,0.0,full,0.47084174840317594,1.1668854451158555,0.026415145969642687,0.013758534098208642,0.001252945255089019,0.02138255350291729
D0,27,learned,15,True,True,True,12.380374155309617,False,False,False,False,,,5.009999999999938,0.0,warmup,0.48738766261608873,1.2336237205624674,0.019557767185597867,0.014469237470093514,0.001438831841781029,0.019484927877783775
D0,27,learned,16,True,True,True,10.524989088192967,False,False,False,False,,,5.009999999999938,0.0,intermediate,0.44463355547976935,1.2760410585312312,0.020690655357298006,0.01418181630761655,0.0013693603989579325,0.02025449089705944
D0,27,learned,17,True,True,True,15.664182030183904,False,False,False,False,,,5.009999999999938,0.0,full,0.545833674323523,1.1579762526510662,0.017089731480433558,0.014407680269672233,0.001204833874976275,0.016694864258170128
D0,27,learned,18,True,True,True,11.513596150884997,False,False,False,False,,,5.009999999999938,0.0,warmup,0.49298274539423165,1.2346759141610777,0.019180211593883167,0.014579271454505747,0.001549254500542439,0.01903056912124157
D0,27,learned,19,True,True,True,11.09693762405344,False,False,False,False,,,5.009999999999938,0.0,intermediate,0.4838916734878356,1.3374730526845824,0.024848529075328144,0.014123195529106007,0.0013697790713617017,0.020813649520277977
D0,27,learned,20,True,True,True,13.00451890180139,False,False,False,False,,,5.009999999999938,0.0,full,0.5020057240424289,0.7954649007207342,0.017889757047294615,0.01411915104763878,0.0012906260749845516,0.01947222463786602
D0,27,learned,21,True,True,True,12.664064005013676,False,False,False,False,,,5.009999999999938,0.0,warmup,0.4904104543646842,1.1673474497063143,0.018657914643985533,0.014483230342430533,0.0014346159300997938,0.019222332164645195
D0,27,learned,22,True,True,True,10.667219986451306,False,False,False,False,,,5.009999999999938,0.0,intermediate,0.4526350727341898,1.1252112590506311,0.01856466488534415,0.014477192755052245,0.0015486355579482872,0.019526930525898933
D0,27,learned,23,True,True,True,16.473496891965688,False,False,False,False,,,5.009999999999938,0.0,full,0.4904961771661215,1.343875645190756,0.01989785733794591,0.014201446484194037,0.001185088267242031,0.016645437106490135
D0,27,learned,24,True,True,True,11.435281129652779,False,False,False,False,,,5.009999999999938,0.0,warmup,0.5109693765412465,1.211283449106051,0.01997377053705129,0.014483429963473468,0.0014875511323469521,0.019702184945344925
D0,27,learned,25,True,True,True,11.547970878266735,False,False,False,False,,,5.009999999999938,0.0,intermediate,0.5317344461251952,1.0067531604749642,0.023972550805024903,0.014379723219138205,0.0016206984648986873,0.01914338208734989
D0,27,learned,26,True,True,True,13.740593079764896,False,False,False,False,,,5.009999999999938,0.0,full,0.5135364956319597,0.9791037239291087,0.019078886457739117,0.014040880548660676,0.0012749892743315085,0.01787867769598961
D0,27,learned,27,True,True,True,13.087998750235343,False,False,False,False,,,5.009999999999938,0.0,warmup,0.48896578770858773,1.2364416551319382,0.019730315470024677,0.014499559479360314,0.0014495456661897505,0.019142674282193184
D0,27,learned,28,True,True,True,12.71561915454701,False,False,False,False,,,5.009999999999938,0.0,intermediate,0.46606083056516756,1.0333475627374389,0.018917656634425243,0.01418536359482856,0.0013520473463478815,0.019111771136522293
D0,27,learned,29,True,True,True,12.582290610564785,False,False,False,False,,,5.009999999999938,0.0,full,0.4781300590747878,1.1076903259488948,0.01792037939265923,0.014329578140641485,0.0013236510422520585,0.019320588558912277
D0,27,learned,30,True,True,True,12.106358071672837,False,False,False,False,,,5.009999999999938,0.0,warmup,0.500472282046089,1.2042566690466316,0.0213416130946514,0.014527216652656298,0.0014744407589131997,0.019093316048383713
D0,27,learned,31,True,True,True,9.734418562251328,False,False,False,False,,,5.009999999999938,0.0,intermediate,0.42123466907856777,1.253002323925152,0.020618299414866665,0.014267056139824508,0.001445180055230344,0.020155902951955795
D0,27,learned,32,True,True,True,15.511049920512654,False,False,False,False,,,5.009999999999938,0.0,full,0.49655863214725254,1.0809459611070078,0.02047361236738317,0.013735759773478459,0.0012021535097203725,0.021841473877429962
D0,27,learned,33,True,True,True,12.70074082840747,False,False,False,False,,,5.009999999999938,0.0,warmup,0.4824355574271533,1.21891463319844,0.018830930690083836,0.014459898655025649,0.0013969018319994922,0.01896871253848076
D0,27,learned,34,True,True,True,12.133321018190237,False,False,False,False,,,5.009999999999938,0.0,intermediate,0.5593516103811621,1.3360529847388807,0.024865261885356527,0.014317854818843715,0.0013828922064734145,0.020688563585281372
D0,27,learned,35,True,True,True,13.542429159202559,False,False,False,False,,,5.009999999999938,0.0,full,0.5821520363062294,0.9352893720189832,0.01832410434302398,0.01443004084980074,0.0015730763640414611,0.01840507611632347
D0,27,learned,36,True,True,True,13.703794398761328,False,False,False,False,,,5.009999999999938,0.0,warmup,0.49003588725688896,1.1949944693625023,0.017876533701372405,0.014407053598493931,0.0014133334046990418,0.018901418894529343
D0,27,learned,37,True,True,True,11.0873045091798,False,False,False,False,,,5.009999999999938,0.0,intermediate,0.47202966125532003,1.0718062194041447,0.018873685226532908,0.014226086410164032,0.0013695032351304255,0.020308833569288254
D0,27,learned,38,True,True,True,13.876104061099456,False,False,False,False,,,5.009999999999938,0.0,full,0.39720311956649396,1.1780777381288443,0.020915637387422848,0.014148117396880521,0.001163022017919342,0.016067778691649437
D0,27,learned,39,True,True,True,11.531230266586721,False,False,False,False,,,5.009999999999938,0.0,warmup,0.48760734892737573,1.2436457867865334,0.01938804753431473,0.01450240825444412,0.0014738176278780617,0.01940440945327282
D0,27,learned,40,True,True,True,12.066264618758009,False,False,False,False,,,5.009999999999938,0.0,intermediate,0.4697590305539757,1.000828031345263,0.01760797145190914,0.014383938120286443,0.0014227245100879703,0.01856025494635105
D0,27,learned,41,True,True,True,11.498725896956657,False,False,False,False,,,5.009999999999938,0.0,full,0.5399893072381774,1.543457179043201,0.02175937215121471,0.014231225082056482,0.0011935997671512102,0.02046792022883892
D0,27,learned,42,True,True,True,12.878600226998982,False,False,False,False,,,5.009999999999938,0.0,warmup,0.4885757854329753,1.2269349832847654,0.019763357015501668,0.01449228285738098,0.001465151841775975,0.01913127303123474
D0,27,learned,43,True,True,True,12.990622359253807,False,False,False,False,,,5.009999999999938,0.0,intermediate,0.5760872145672483,1.17039712756378,0.020588243401141963,0.014094778716365663,0.0011954730418767398,0.02070220746099949
D0,27,learned,44,False,True,False,15.090890770580117,False,False,False,False,unstable box motion,timeout,4.319999999999952,0.0,full,0.38303639555873803,1.338079672902308,0.024235871196496065,0.013595049546729484,0.0011719961889736753,0.02151680178940296
D0,27,learned,45,True,True,True,11.379234968087225,False,False,False,False,,,5.009999999999938,0.0,warmup,0.49174394141055583,1.2240044962498438,0.0211237182925467,0.01439360880095375,0.0013827880830930917,0.01984798163175583
D0,27,learned,46,True,True,True,12.171915275398737,False,False,False,False,,,5.009999999999938,0.0,intermediate,0.43827127758724876,1.208110249995769,0.01963315615950154,0.014131562280778628,0.0011815227573979442,0.019761236384510994
D0,27,learned,47,True,True,True,12.614366182665865,False,False,False,False,,,5.009999999999938,0.0,full,0.6424065509628292,1.102805538886461,0.022374222438200315,0.014575234063611517,0.0015277936111207173,0.020035453140735626
D0,27,learned,48,True,True,True,12.08571831564703,False,False,False,False,,,5.009999999999938,0.0,warmup,0.5085148659503609,1.174116055562226,0.019942045677291506,0.014254945906104972,0.0013948205152362705,0.020038137212395668
D0,27,learned,49,False,True,False,10.862540184669337,False,False,False,False,unstable box motion,timeout,4.989999999999938,0.0,intermediate,0.45103892656726835,1.2464647082307405,0.02340872610220998,0.014074371955412909,0.0013263233156924669,0.02005438692867756
D0,27,learned,50,True,True,True,12.865227093878314,False,False,False,False,,,5.009999999999938,0.0,full,0.3726770816353148,1.4920678302689376,0.01847361642399271,0.013967259084163634,0.0009510670396842539,0.01709052547812462
D0,27,learned,51,True,True,True,12.57552385984713,False,False,False,False,,,5.009999999999938,0.0,warmup,0.5121655145357621,1.2468573748815532,0.02194771890777479,0.014396309283390668,0.0013752326928097094,0.01991419866681099
D0,27,learned,52,True,True,True,11.1039087349924,False,False,False,False,,,5.009999999999938,0.0,intermediate,0.5619201427171274,1.0007040595710093,0.02018983278302569,0.014203862252804138,0.001361319208849256,0.021042078733444214
D0,27,learned,53,False,True,False,10.931592047308538,False,False,False,False,unstable box motion,timeout,0.0,0.0,full,0.5243303082272294,0.9612646556452364,0.02692420506891661,0.014127277109727089,0.00153528978885983,0.02002134546637535
D0,27,learned,54,True,True,True,11.648366819445727,False,False,False,False,,,5.009999999999938,0.0,warmup,0.4863359531545361,1.2434969451900522,0.020158414023207963,0.014514814575236885,0.0014575654638578897,0.019148608669638634
D0,27,learned,55,True,True,True,10.77327549011349,False,False,False,False,,,5.009999999999938,0.0,intermediate,0.4252483777736942,1.264293204911614,0.019651954832883192,0.014199604263828785,0.0013286526771290857,0.02035989612340927
D0,27,learned,56,True,True,True,15.65416302846899,False,False,False,False,,,5.009999999999938,0.0,full,0.5295575228792385,1.4527831122188495,0.02126565780108813,0.014246409668348094,0.001217176505590111,0.016080351546406746
D0,27,learned,57,True,True,True,11.669501276243658,False,False,False,False,,,5.009999999999938,0.0,warmup,0.5141180905828481,1.2082259258941315,0.02008000777883722,0.014542347848613371,0.001516152232853307,0.019344475120306015
D0,27,learned,58,True,True,True,12.818613452237907,False,False,False,False,,,5.009999999999938,0.0,intermediate,0.44073145090136284,1.0827524946051303,0.017657706878150825,0.014406474237572802,0.0013711038924458818,0.018301017582416534
D0,27,learned,59,False,True,False,10.762240654885401,False,False,False,False,unstable box motion,timeout,0.0,0.0,full,0.5261049150037435,1.2326145627183616,0.02891345984431431,0.013970010643858798,0.0013992845666611433,0.020757155492901802
D0,27,learned,60,True,True,True,14.035481956896948,False,False,False,False,,,5.009999999999938,0.0,warmup,0.5030441815117926,1.235296079410372,0.01948698257596017,0.014528025570057217,0.0014434707789893386,0.01886768639087677
D0,27,learned,61,True,True,True,11.708789470592635,False,False,False,False,,,5.009999999999938,0.0,intermediate,0.5389551631654701,1.197412975915647,0.021332915617547944,0.014256005311429806,0.0012703274225094611,0.020648205652832985
D0,27,learned,62,True,True,True,10.64497332667337,False,False,False,False,,,5.009999999999938,0.0,full,0.37411391740488836,0.778022602554542,0.01675926613839733,0.014372197629005939,0.0014180864195718166,0.017807889729738235
D0,27,learned,63,True,True,True,12.631426105315544,False,False,False,False,,,5.009999999999938,0.0,warmup,0.5180958832674765,1.1775949033705304,0.02135719220270702,0.014330732475974725,0.001310459255123717,0.020027274265885353
D0,27,learned,64,True,True,True,10.958436562041937,False,False,False,False,,,5.009999999999938,0.0,intermediate,0.4319834064826628,1.2497602045329117,0.021166300987221283,0.014206165587087429,0.0012480809518876515,0.019974391907453537
D0,27,learned,65,True,True,True,15.338903516300205,False,False,False,False,,,5.009999999999938,0.0,full,0.46955263519301244,1.3618770382643257,0.01982358823929028,0.013791288422812265,0.0010297220594659509,0.021749893203377724
D0,27,learned,66,True,True,True,12.658470486401608,False,False,False,False,,,5.009999999999938,0.0,warmup,0.5144610774914211,1.2260844704151872,0.020106541224246908,0.014460121251963344,0.0014598427734402542,0.019749850034713745
D0,27,learned,67,True,True,True,11.272518377744676,False,False,False,False,,,5.009999999999938,0.0,intermediate,0.4243514781482216,1.2158876925074258,0.01833050905395339,0.014268179506309044,0.0012811712844223273,0.01968257874250412
D0,27,learned,68,True,True,True,15.312936219949462,False,False,False,False,,,5.009999999999938,0.0,full,0.41267677704972583,0.8528733183238331,0.018892973442941708,0.013568503347938497,0.0011124021864558505,0.02188003435730934
D0,27,learned,69,True,True,True,13.009550708673775,False,False,False,False,,,5.009999999999938,0.0,warmup,0.49438308838503003,1.1989058255816771,0.021174279237140055,0.01446499085290733,0.0014099232533520193,0.019224077463150024
D0,27,learned,70,True,True,True,12.02152858589448,False,False,False,False,,,5.009999999999938,0.0,intermediate,0.45607536866522447,1.0072921878164434,0.019272112146682615,0.014195313848658686,0.0013060334104221625,0.019337553530931473
D0,27,learned,71,False,True,False,15.42796241322185,False,False,False,False,unstable box motion,timeout,4.999999999999938,0.0,full,0.4890386342296652,1.3446198045538313,0.02290195433684975,0.013745929249298282,0.001204868907682664,0.021759023889899254
D0,27,learned,72,True,True,True,11.257579298282792,False,False,False,False,,,5.009999999999938,0.0,warmup,0.5181769401123936,1.2214768875486623,0.021364879478430212,0.014403810118950816,0.0013767290922125405,0.019854407757520676
D0,27,learned,73,True,True,True,12.687352609370466,False,False,False,False,,,5.009999999999938,0.0,intermediate,0.47561330230223386,1.274057400905906,0.019852624506646786,0.014448150085564809,0.001510376429941097,0.01868075132369995
D0,27,learned,74,False,True,False,16.161791616366685,False,False,False,False,unstable box motion,timeout,0.0,0.0,full,0.6302656463012763,1.2363069994594955,22.72426159055947,0.018615410725085286,0.00922490071600935,0.06302277743816376
D0,27,learned,75,True,True,True,11.442483838911329,False,False,False,False,,,5.009999999999938,0.0,warmup,0.5128891502103221,1.1693339809485719,0.02142916598177026,0.014422360573855236,0.0013866389929227388,0.019567564129829407
D0,27,learned,76,True,True,True,13.639074644486445,False,False,False,False,,,5.009999999999938,0.0,intermediate,0.5029775957233502,1.1173203785729031,0.020676244107128847,0.014499805270573879,0.0014410090192059507,0.018882837146520615
D0,27,learned,77,True,True,True,12.971450603083927,False,False,False,False,,,5.009999999999938,0.0,full,0.6217022090206814,1.178149402500111,0.021672336387463173,0.014342539102635112,0.0013796982485779522,0.01999186910688877
D0,27,learned,78,True,True,True,11.585124842391997,False,False,False,False,,,5.009999999999938,0.0,warmup,0.48107140492051537,1.2237028225935525,0.020919447700248096,0.014402565719565646,0.0013769441946340259,0.019542312249541283
D0,27,learned,79,True,True,True,13.311997542895634,False,False,False,False,,,5.009999999999938,0.0,intermediate,0.5582002597826974,1.2360374228455522,0.02249093125472878,0.014407974850253977,0.0014370734535391935,0.019464638084173203
D0,27,learned,80,True,True,True,16.78992676712112,False,False,False,False,,,5.009999999999938,0.0,full,0.5342840136425704,1.0989328427743525,0.019426227829889623,0.014373468472433914,0.0012833501783029919,0.016585005447268486
D0,27,learned,81,True,True,True,11.709293170246017,False,False,False,False,,,5.009999999999938,0.0,warmup,0.5198020969208147,1.2222703211615975,0.021293820685590006,0.014436255173630185,0.0014159680071015577,0.019787251949310303
D0,27,learned,82,True,True,True,12.48548077419239,False,False,False,False,,,5.009999999999938,0.0,intermediate,0.5418115409414938,1.2476588704407745,0.021786088406662088,0.014687900969980273,0.001599673513704925,0.01835925318300724
D0,27,learned,83,True,True,True,11.375217182604926,False,False,False,False,,,5.009999999999938,0.0,full,0.48067514698452624,1.3134212480291771,0.01976107924701411,0.01394008897232581,0.0011286693373256617,0.021016664803028107
D0,27,learned,84,True,True,True,12.46021611948847,False,False,False,False,,,5.009999999999938,0.0,warmup,0.5182181653316911,1.240184064601315,0.01905369475459814,0.01448400888893857,0.0015218683683361552,0.01931198500096798
D0,27,learned,85,True,True,True,11.320963835621363,False,False,False,False,,,5.009999999999938,0.0,intermediate,0.4215685252329265,1.096261173554801,0.016963240807057505,0.014376498250218396,0.0013711822448248467,0.01833145134150982
D0,27,learned,86,True,True,True,12.972705467970634,False,False,False,False,,,5.009999999999938,0.0,full,0.45929631408227567,1.3403272016459777,0.02044875801616777,0.014357680850681115,0.001367967534294369,0.018969891592860222
D0,27,learned,87,True,True,True,12.968305686818187,False,False,False,False,,,5.009999999999938,0.0,warmup,0.5101437457234121,1.2259015013553074,0.02089034584425648,0.01440618448330926,0.0013540686488096132,0.01963627338409424
D0,27,learned,88,True,True,True,13.556137884807608,False,False,False,False,,,5.009999999999938,0.0,intermediate,0.510237487959977,1.36657991163753,0.021578237441885303,0.014380758183887456,0.0013502596198964897,0.019291160628199577
D0,27,learned,89,True,True,True,13.861657770940354,False,False,False,False,,,5.009999999999938,0.0,full,0.670320389540348,1.0790204426581789,0.020735980055430273,0.014679565362672637,0.00147084246443298,0.018739929422736168
D0,27,learned,90,True,True,True,12.392277663733099,False,False,False,False,,,5.009999999999938,0.0,warmup,0.4871652420600959,1.1732984908471253,0.01928522797382358,0.01437755372534053,0.0013950072114370883,0.01980406790971756
D0,27,learned,91,True,True,True,13.955165779572953,False,False,False,False,,,5.009999999999938,0.0,intermediate,0.5063899162248642,1.2129222183053707,0.021111327789140745,0.014522492839238005,0.0014300352298335446,0.01835092529654503
D0,27,learned,92,True,True,True,15.39775871746767,False,False,False,False,,,5.009999999999938,0.0,full,0.39331817024535876,1.05629062348945,0.021776997933497345,0.013628088131728262,0.0011669578043893125,0.02214350923895836
D0,27,learned,93,True,True,True,12.00950286970973,False,False,False,False,,,5.009999999999938,0.0,warmup,0.4809392138214365,1.1890876549511458,0.01962259254600509,0.014319859606460065,0.0013542860871754013,0.019853828474879265
D0,27,learned,94,True,True,True,11.18368996718637,False,False,False,False,,,5.009999999999938,0.0,intermediate,0.5615218737550742,1.3768853723217598,0.022104374206189055,0.014131422582371258,0.0011943608555203022,0.02114700898528099
D0,27,learned,95,True,True,True,10.86564947958894,False,False,False,False,,,5.009999999999938,0.0,full,0.6818918618697445,0.7643543624064467,0.01791172522275434,0.014029806976738404,0.0012629765095760307,0.021051878109574318
D0,27,learned,96,True,True,True,11.46934411651997,False,False,False,False,,,5.009999999999938,0.0,warmup,0.5053135879878038,1.1841457332405028,0.01997213896173033,0.014477765707926504,0.0014826290826633118,0.01966405101120472
D0,27,learned,97,False,True,False,11.233816140759181,False,False,False,False,unstable box motion,timeout,0.3300000000000001,0.0,intermediate,0.5212111576019438,1.2965194086396024,0.02617987641937002,0.014129963676270165,0.0013680622506321274,0.020111948251724243
D0,27,learned,98,True,True,True,14.139200551759055,False,False,False,False,,,5.009999999999938,0.0,full,0.3626765151612195,1.1750646730460341,0.01880329233158612,0.013899779970613164,0.0011717914452909982,0.021052777767181396
D0,27,learned,99,True,True,True,13.693183066081758,False,False,False,False,,,5.009999999999938,0.0,warmup,0.4854086464968972,1.192907376054963,0.019241728771434926,0.014483963454858506,0.0014187220543114653,0.018894825130701065
D0,27,zero,0,True,True,True,11.738354911025425,False,False,False,False,,,5.009999999999938,0.0,warmup,0.5128083197961336,1.1512648415214817,0.020524704885670875,0.0,0.0,0.0
D0,27,zero,1,True,True,True,10.830579550058902,False,False,False,False,,,5.009999999999938,0.0,intermediate,0.5583821710176411,1.2738890168815886,0.021524058705885075,0.0,0.0,0.0
D0,27,zero,2,True,True,True,14.616173209565286,False,False,False,False,,,5.009999999999938,0.0,full,0.42594280942227786,0.9534267532589371,0.01892775203049847,0.0,0.0,0.0
D0,27,zero,3,True,True,True,11.568182226702957,False,False,False,False,,,5.009999999999938,0.0,warmup,0.509978780669319,1.1525834806578006,0.019745057731862987,0.0,0.0,0.0
D0,27,zero,4,True,True,True,12.364718741778496,False,False,False,False,,,5.009999999999938,0.0,intermediate,0.5696580900535205,1.2016692008919285,0.022633081379030535,0.0,0.0,0.0
D0,27,zero,5,True,True,True,13.186414426163863,False,False,False,False,,,5.009999999999938,0.0,full,0.4265115823194439,1.437154991672124,0.01958959302918034,0.0,0.0,0.0
D0,27,zero,6,True,True,True,12.46223287268657,False,False,False,False,,,5.009999999999938,0.0,warmup,0.5075895884587166,1.2407813524535225,0.020192722766563982,0.0,0.0,0.0
D0,27,zero,7,True,True,True,12.261601811426459,False,False,False,False,,,5.009999999999938,0.0,intermediate,0.48690102169905397,1.038737655570714,0.01861121414637554,0.0,0.0,0.0
D0,27,zero,8,True,True,True,14.926811516078901,False,False,False,False,,,5.009999999999938,0.0,full,0.505785052514625,1.5431761150884702,0.020777114905751404,0.0,0.0,0.0
D0,27,zero,9,True,True,True,12.771315230132634,False,False,False,False,,,5.009999999999938,0.0,warmup,0.49479990440431754,1.1688952171756082,0.019264537339446296,0.0,0.0,0.0
D0,27,zero,10,True,True,True,12.521168372504572,False,False,False,False,,,5.009999999999938,0.0,intermediate,0.5579570453338745,1.2889912019305365,0.02131871344685938,0.0,0.0,0.0
D0,27,zero,11,True,True,True,13.487418966169331,False,False,False,False,,,5.009999999999938,0.0,full,0.637714525300757,1.1834188609198721,0.021447244954935992,0.0,0.0,0.0
D0,27,zero,12,True,True,True,11.846786047031546,False,False,False,False,,,5.009999999999938,0.0,warmup,0.5009263118149376,1.2188247958799947,0.01921838984294255,0.0,0.0,0.0
D0,27,zero,13,True,True,True,11.137920408588595,False,False,False,False,,,5.009999999999938,0.0,intermediate,0.5721493389616075,1.0132527290956106,0.020717342775059128,0.0,0.0,0.0
D0,27,zero,14,False,True,False,15.155238321123084,False,False,False,False,unstable box motion,timeout,0.03,0.0,full,0.47084174840317594,1.1668854451158555,0.026557507917864553,0.0,0.0,0.0
D0,27,zero,15,True,True,True,12.399727102133248,False,False,False,False,,,5.009999999999938,0.0,warmup,0.48738766261608873,1.2336237205624674,0.019552985343880152,0.0,0.0,0.0
D0,27,zero,16,True,True,True,10.543584403839262,False,False,False,False,,,5.009999999999938,0.0,intermediate,0.44463355547976935,1.2760410585312312,0.020276664806378623,0.0,0.0,0.0
D0,27,zero,17,True,True,True,15.672199567182052,False,False,False,False,,,5.009999999999938,0.0,full,0.545833674323523,1.1579762526510662,0.017107805017850253,0.0,0.0,0.0
D0,27,zero,18,True,True,True,11.322579746573014,False,False,False,False,,,5.009999999999938,0.0,warmup,0.49298274539423165,1.2346759141610777,0.01925566826692108,0.0,0.0,0.0
D0,27,zero,19,True,True,True,11.155680855521663,False,False,False,False,,,5.009999999999938,0.0,intermediate,0.4838916734878356,1.3374730526845824,0.024876101120294845,0.0,0.0,0.0
D0,27,zero,20,True,True,True,13.026208480181129,False,False,False,False,,,5.009999999999938,0.0,full,0.5020057240424289,0.7954649007207342,0.01789318386298323,0.0,0.0,0.0
D0,27,zero,21,True,True,True,12.683176769608474,False,False,False,False,,,5.009999999999938,0.0,warmup,0.4904104543646842,1.1673474497063143,0.018642198329941247,0.0,0.0,0.0
D0,27,zero,22,True,True,True,10.681627400806933,False,False,False,False,,,5.009999999999938,0.0,intermediate,0.4526350727341898,1.1252112590506311,0.018561166107325437,0.0,0.0,0.0
D0,27,zero,23,True,True,True,16.48203204477007,False,False,False,False,,,5.009999999999938,0.0,full,0.4904961771661215,1.343875645190756,0.019752857920643112,0.0,0.0,0.0
D0,27,zero,24,True,True,True,11.429635162153506,False,False,False,False,,,5.009999999999938,0.0,warmup,0.5109693765412465,1.211283449106051,0.019960664302061885,0.0,0.0,0.0
D0,27,zero,25,True,True,True,11.548916252243453,False,False,False,False,,,5.009999999999938,0.0,intermediate,0.5317344461251952,1.0067531604749642,0.023471311417128774,0.0,0.0,0.0
D0,27,zero,26,True,True,True,13.734417413825255,False,False,False,False,,,5.009999999999938,0.0,full,0.5135364956319597,0.9791037239291087,0.019078146087533176,0.0,0.0,0.0
D0,27,zero,27,True,True,True,13.644535779155124,False,False,False,False,,,5.009999999999938,0.0,warmup,0.48896578770858773,1.2364416551319382,0.019642584295162437,0.0,0.0,0.0
D0,27,zero,28,True,True,True,12.733471125530139,False,False,False,False,,,5.009999999999938,0.0,intermediate,0.46606083056516756,1.0333475627374389,0.018909839435079328,0.0,0.0,0.0
D0,27,zero,29,True,True,True,12.599032010864597,False,False,False,False,,,5.009999999999938,0.0,full,0.4781300590747878,1.1076903259488948,0.017900430311176076,0.0,0.0,0.0
D0,27,zero,30,True,True,True,12.103391048363374,False,False,False,False,,,5.009999999999938,0.0,warmup,0.500472282046089,1.2042566690466316,0.02134140268833359,0.0,0.0,0.0
D0,27,zero,31,True,True,True,9.765438339959955,False,False,False,False,,,5.009999999999938,0.0,intermediate,0.42123466907856777,1.253002323925152,0.02106934490308074,0.0,0.0,0.0
D0,27,zero,32,True,True,True,15.514522121129373,False,False,False,False,,,5.009999999999938,0.0,full,0.49655863214725254,1.0809459611070078,0.020464976506717518,0.0,0.0,0.0
D0,27,zero,33,True,True,True,12.160583709270684,False,False,False,False,,,5.009999999999938,0.0,warmup,0.4824355574271533,1.21891463319844,0.01879245097104759,0.0,0.0,0.0
D0,27,zero,34,True,True,True,12.147443313738606,False,False,False,False,,,5.009999999999938,0.0,intermediate,0.5593516103811621,1.3360529847388807,0.024879432704356705,0.0,0.0,0.0
D0,27,zero,35,True,True,True,13.55928262275364,False,False,False,False,,,5.009999999999938,0.0,full,0.5821520363062294,0.9352893720189832,0.018317930834546144,0.0,0.0,0.0
D0,27,zero,36,True,True,True,13.716412862449031,False,False,False,False,,,5.009999999999938,0.0,warmup,0.49003588725688896,1.1949944693625023,0.01796843022675573,0.0,0.0,0.0
D0,27,zero,37,True,True,True,11.095700036819728,False,False,False,False,,,5.009999999999938,0.0,intermediate,0.47202966125532003,1.0718062194041447,0.018868581266375584,0.0,0.0,0.0
D0,27,zero,38,True,True,True,13.880949274654087,False,False,False,False,,,5.009999999999938,0.0,full,0.39720311956649396,1.1780777381288443,0.019673506655049418,0.0,0.0,0.0
D0,27,zero,39,True,True,True,11.526520114446598,False,False,False,False,,,5.009999999999938,0.0,warmup,0.48760734892737573,1.2436457867865334,0.019385065029217455,0.0,0.0,0.0
D0,27,zero,40,True,True,True,12.061099445506247,False,False,False,False,,,5.009999999999938,0.0,intermediate,0.4697590305539757,1.000828031345263,0.017596014798999617,0.0,0.0,0.0
D0,27,zero,41,True,True,True,11.504657684614092,False,False,False,False,,,5.009999999999938,0.0,full,0.5399893072381774,1.543457179043201,0.02173951781237901,0.0,0.0,0.0
D0,27,zero,42,True,True,True,12.897892983577803,False,False,False,False,,,5.009999999999938,0.0,warmup,0.4885757854329753,1.2269349832847654,0.019759561578133057,0.0,0.0,0.0
D0,27,zero,43,True,True,True,12.537669787151682,False,False,False,False,,,5.009999999999938,0.0,intermediate,0.5760872145672483,1.17039712756378,0.020583550771206962,0.0,0.0,0.0
D0,27,zero,44,False,True,False,15.096611338962546,False,False,False,False,unstable box motion,timeout,4.319999999999952,0.0,full,0.38303639555873803,1.338079672902308,0.024257387971864056,0.0,0.0,0.0
D0,27,zero,45,True,True,True,11.375084214706135,False,False,False,False,,,5.009999999999938,0.0,warmup,0.49174394141055583,1.2240044962498438,0.021107896776920747,0.0,0.0,0.0
D0,27,zero,46,True,True,True,12.188356921533073,False,False,False,False,,,5.009999999999938,0.0,intermediate,0.43827127758724876,1.208110249995769,0.019624434893668836,0.0,0.0,0.0
D0,27,zero,47,True,True,True,12.631155603772365,False,False,False,False,,,5.009999999999938,0.0,full,0.6424065509628292,1.102805538886461,0.02234347624032534,0.0,0.0,0.0
D0,27,zero,48,True,True,True,12.103540904387291,False,False,False,False,,,5.009999999999938,0.0,warmup,0.5085148659503609,1.174116055562226,0.019925626213098395,0.0,0.0,0.0
D0,27,zero,49,False,True,False,10.888682556938575,False,False,False,False,unstable box motion,timeout,4.9199999999999395,0.0,intermediate,0.45103892656726835,1.2464647082307405,0.023403004107901977,0.0,0.0,0.0
D0,27,zero,50,True,True,True,12.871844227990742,False,False,False,False,,,5.009999999999938,0.0,full,0.3726770816353148,1.4920678302689376,0.018474518983907312,0.0,0.0,0.0
D0,27,zero,51,True,True,True,12.593188389920833,False,False,False,False,,,5.009999999999938,0.0,warmup,0.5121655145357621,1.2468573748815532,0.021948901648773615,0.0,0.0,0.0
D0,27,zero,52,True,True,True,11.146518413117931,False,False,False,False,,,5.009999999999938,0.0,intermediate,0.5619201427171274,1.0007040595710093,0.020153368232881087,0.0,0.0,0.0
D0,27,zero,53,False,True,False,10.933532139994828,False,False,False,False,unstable box motion,timeout,0.0,0.0,full,0.5243303082272294,0.9612646556452364,0.02704959192079744,0.0,0.0,0.0
D0,27,zero,54,True,True,True,11.645497721620153,False,False,False,False,,,5.009999999999938,0.0,warmup,0.4863359531545361,1.2434969451900522,0.019740720266721527,0.0,0.0,0.0
D0,27,zero,55,True,True,True,10.372984641335833,False,False,False,False,,,5.009999999999938,0.0,intermediate,0.4252483777736942,1.264293204911614,0.019829078470073987,0.0,0.0,0.0
D0,27,zero,56,True,True,True,15.660273121656271,False,False,False,False,,,5.009999999999938,0.0,full,0.5295575228792385,1.4527831122188495,0.02125027016567552,0.0,0.0,0.0
D0,27,zero,57,True,True,True,11.664993813367882,False,False,False,False,,,5.009999999999938,0.0,warmup,0.5141180905828481,1.2082259258941315,0.020046614578491457,0.0,0.0,0.0
D0,27,zero,58,True,True,True,12.833310439344888,False,False,False,False,,,5.009999999999938,0.0,intermediate,0.44073145090136284,1.0827524946051303,0.017661037809848682,0.0,0.0,0.0
D0,27,zero,59,False,True,False,10.786813377918,False,False,False,False,unstable box motion,timeout,0.0,0.0,full,0.5261049150037435,1.2326145627183616,0.028961401730140612,0.0,0.0,0.0
D0,27,zero,60,True,True,True,14.057405083535322,False,False,False,False,,,5.009999999999938,0.0,warmup,0.5030441815117926,1.235296079410372,0.01947456560739661,0.0,0.0,0.0
D0,27,zero,61,True,True,True,11.722104758643887,False,False,False,False,,,5.009999999999938,0.0,intermediate,0.5389551631654701,1.197412975915647,0.0213238570614697,0.0,0.0,0.0
D0,27,zero,62,True,True,True,10.638377386630937,False,False,False,False,,,5.009999999999938,0.0,full,0.37411391740488836,0.778022602554542,0.01676448897332273,0.0,0.0,0.0
D0,27,zero,63,True,True,True,12.649191696082571,False,False,False,False,,,5.009999999999938,0.0,warmup,0.5180958832674765,1.1775949033705304,0.021361247207560653,0.0,0.0,0.0
D0,27,zero,64,True,True,True,10.973253038263325,False,False,False,False,,,5.009999999999938,0.0,intermediate,0.4319834064826628,1.2497602045329117,0.021161324741186725,0.0,0.0,0.0
D0,27,zero,65,True,True,True,15.340810501620641,False,False,False,False,,,5.009999999999938,0.0,full,0.46955263519301244,1.3618770382643257,0.01980480690814856,0.0,0.0,0.0
D0,27,zero,66,True,True,True,12.677741184117474,False,False,False,False,,,5.009999999999938,0.0,warmup,0.5144610774914211,1.2260844704151872,0.020090461804586887,0.0,0.0,0.0
D0,27,zero,67,True,True,True,11.289540440513754,False,False,False,False,,,5.009999999999938,0.0,intermediate,0.4243514781482216,1.2158876925074258,0.01831588588599263,0.0,0.0,0.0
D0,27,zero,68,True,True,True,15.368647798306753,False,False,False,False,,,5.009999999999938,0.0,full,0.41267677704972583,0.8528733183238331,0.01889109077635428,0.0,0.0,0.0
D0,27,zero,69,True,True,True,13.02834171804609,False,False,False,False,,,5.009999999999938,0.0,warmup,0.49438308838503003,1.1989058255816771,0.02116964247775522,0.0,0.0,0.0
D0,27,zero,70,True,True,True,12.037024274117723,False,False,False,False,,,5.009999999999938,0.0,intermediate,0.45607536866522447,1.0072921878164434,0.0192772741060451,0.0,0.0,0.0
D0,27,zero,71,False,True,False,15.433544709994084,False,False,False,False,unstable box motion,timeout,4.989999999999938,0.0,full,0.4890386342296652,1.3446198045538313,0.022905367738605516,0.0,0.0,0.0
D0,27,zero,72,True,True,True,11.253358843153073,False,False,False,False,,,5.009999999999938,0.0,warmup,0.5181769401123936,1.2214768875486623,0.021342074279822477,0.0,0.0,0.0
D0,27,zero,73,True,True,True,12.704304638292744,False,False,False,False,,,5.009999999999938,0.0,intermediate,0.47561330230223386,1.274057400905906,0.019915115891681334,0.0,0.0,0.0
D0,27,zero,74,False,True,False,16.170052108648875,False,False,False,False,unstable box motion,timeout,0.0,0.0,full,0.6302656463012763,1.2363069994594955,23.177463378213357,0.0,0.0,0.0
D0,27,zero,75,True,True,True,11.439538438209095,False,False,False,False,,,5.009999999999938,0.0,warmup,0.5128891502103221,1.1693339809485719,0.021418575610176786,0.0,0.0,0.0
D0,27,zero,76,True,True,True,13.65858490353449,False,False,False,False,,,5.009999999999938,0.0,intermediate,0.5029775957233502,1.1173203785729031,0.02069733803756278,0.0,0.0,0.0
D0,27,zero,77,True,True,True,12.9885380553889,False,False,False,False,,,5.009999999999938,0.0,full,0.6217022090206814,1.178149402500111,0.02167264268834317,0.0,0.0,0.0
D0,27,zero,78,True,True,True,11.579932007309846,False,False,False,False,,,5.009999999999938,0.0,warmup,0.48107140492051537,1.2237028225935525,0.02093420330393901,0.0,0.0,0.0
D0,27,zero,79,True,True,True,13.327972300868613,False,False,False,False,,,5.009999999999938,0.0,intermediate,0.5582002597826974,1.2360374228455522,0.022487497815232696,0.0,0.0,0.0
D0,27,zero,80,True,True,True,16.79779276338605,False,False,False,False,,,5.009999999999938,0.0,full,0.5342840136425704,1.0989328427743525,0.01937287022145817,0.0,0.0,0.0
D0,27,zero,81,True,True,True,11.702742204433184,False,False,False,False,,,5.009999999999938,0.0,warmup,0.5198020969208147,1.2222703211615975,0.0213072660232238,0.0,0.0,0.0
D0,27,zero,82,True,True,True,12.239620224079825,False,False,False,False,,,5.009999999999938,0.0,intermediate,0.5418115409414938,1.2476588704407745,0.024569543678928565,0.0,0.0,0.0
D0,27,zero,83,True,True,True,11.423128473811131,False,False,False,False,,,5.009999999999938,0.0,full,0.48067514698452624,1.3134212480291771,0.01974474007279419,0.0,0.0,0.0
D0,27,zero,84,True,True,True,13.588868421141397,False,False,False,False,,,5.009999999999938,0.0,warmup,0.5182181653316911,1.240184064601315,0.019831222033441214,0.0,0.0,0.0
D0,27,zero,85,True,True,True,11.356662981263307,False,False,False,False,,,5.009999999999938,0.0,intermediate,0.4215685252329265,1.096261173554801,0.01684891901132032,0.0,0.0,0.0
D0,27,zero,86,True,True,True,12.991816402205323,False,False,False,False,,,5.009999999999938,0.0,full,0.45929631408227567,1.3403272016459777,0.02044558400660955,0.0,0.0,0.0
D0,27,zero,87,True,True,True,12.987130020782711,False,False,False,False,,,5.009999999999938,0.0,warmup,0.5101437457234121,1.2259015013553074,0.020767704750459248,0.0,0.0,0.0
D0,27,zero,88,True,True,True,13.57414980434687,False,False,False,False,,,5.009999999999938,0.0,intermediate,0.510237487959977,1.36657991163753,0.021568404595461662,0.0,0.0,0.0
D0,27,zero,89,True,True,True,13.648355069340372,False,False,False,False,,,5.009999999999938,0.0,full,0.670320389540348,1.0790204426581789,0.020731911146645784,0.0,0.0,0.0
D0,27,zero,90,True,True,True,12.41082013218532,False,False,False,False,,,5.009999999999938,0.0,warmup,0.4871652420600959,1.1732984908471253,0.0192726020695391,0.0,0.0,0.0
D0,27,zero,91,True,True,True,13.973000566125918,False,False,False,False,,,5.009999999999938,0.0,intermediate,0.5063899162248642,1.2129222183053707,0.021088217757763466,0.0,0.0,0.0
D0,27,zero,92,True,True,True,15.406735437934145,False,False,False,False,,,5.009999999999938,0.0,full,0.39331817024535876,1.05629062348945,0.021598286396971207,0.0,0.0,0.0
D0,27,zero,93,True,True,True,12.04264228239495,False,False,False,False,,,5.009999999999938,0.0,warmup,0.4809392138214365,1.1890876549511458,0.019615753589066653,0.0,0.0,0.0
D0,27,zero,94,True,True,True,11.194654704593827,False,False,False,False,,,5.009999999999938,0.0,intermediate,0.5615218737550742,1.3768853723217598,0.02209375225901859,0.0,0.0,0.0
D0,27,zero,95,True,True,True,10.858965838949505,False,False,False,False,,,5.009999999999938,0.0,full,0.6818918618697445,0.7643543624064467,0.01789121460884787,0.0,0.0,0.0
D0,27,zero,96,True,True,True,11.483098209468753,False,False,False,False,,,5.009999999999938,0.0,warmup,0.5053135879878038,1.1841457332405028,0.019967508628679808,0.0,0.0,0.0
D0,27,zero,97,False,True,False,11.251177835403844,False,False,False,False,unstable box motion,timeout,0.3000000000000001,0.0,intermediate,0.5212111576019438,1.2965194086396024,0.026252759252292687,0.0,0.0,0.0
D0,27,zero,98,True,True,True,14.224999763186673,False,False,False,False,,,5.009999999999938,0.0,full,0.3626765151612195,1.1750646730460341,0.018789776779400906,0.0,0.0,0.0
D0,27,zero,99,True,True,True,13.715144922363443,False,False,False,False,,,5.009999999999938,0.0,warmup,0.4854086464968972,1.192907376054963,0.01923333992859854,0.0,0.0,0.0
D1,7,learned,0,True,True,True,15.517475638964353,False,False,False,False,,,5.009999999999938,0.0,warmup,0.5128083197961336,1.1512648415214817,0.02182536751759117,0.574084564518659,0.029899099938932146,0.4532913863658905
D1,7,learned,1,True,True,True,16.91280735005395,False,False,False,False,,,5.009999999999938,0.0,intermediate,0.5583821710176411,1.2738890168815886,0.024558911434215437,0.5740009907281111,0.029208193169573602,0.4402296841144562
D1,7,learned,2,False,False,True,21.229890154369492,True,False,False,True,excessive first-contact impact,held stably but first-contact impact exceeded the ImpactSafe threshold,5.009999999999938,0.0,full,0.42594280942227786,0.9534267532589371,0.020314465017477964,0.5740588970052776,0.03001418129435547,0.4264845550060272
D1,7,learned,3,False,False,False,18.02311860820903,True,False,False,True,excessive first-contact impact,timeout,4.3599999999999515,0.0,warmup,0.509978780669319,1.1525834806578006,0.0209256213261522,0.5741787318614008,0.02776086313516966,0.4460657238960266
D1,7,learned,4,False,True,False,15.06687909484497,False,False,False,False,unstable box motion,timeout,0.3900000000000002,0.0,intermediate,0.5696580900535205,1.2016692008919285,0.02809654984167332,0.573781478702266,0.02993972390224891,0.45123207569122314
D1,7,learned,5,True,True,True,11.735886183097763,False,False,False,False,,,5.009999999999938,0.0,full,0.4265115823194439,1.437154991672124,0.02389927281883015,0.5746786025856196,0.03332163434925827,0.475931853055954
D1,7,learned,6,False,True,False,17.229970890930048,False,False,False,False,unstable box motion,timeout,0.0,0.0,warmup,0.5075895884587166,1.2407813524535225,0.02882248187902923,0.5741740027016381,0.02908249112910458,0.45087820291519165
D1,7,learned,7,True,True,True,14.180791010293355,False,False,False,False,,,5.009999999999938,0.0,intermediate,0.48690102169905397,1.038737655570714,0.02044503703583527,0.5740131243380574,0.02855487600494702,0.47155267000198364
D1,7,learned,8,True,True,True,13.31346902982893,False,False,False,False,,,5.009999999999938,0.0,full,0.505785052514625,1.5431761150884702,0.026532442565499505,0.5745188688776728,0.0294596703878774,0.4739837944507599
D1,7,learned,9,False,True,False,15.798034580067792,False,False,False,False,unstable box motion,timeout,4.539999999999948,0.0,warmup,0.49479990440431754,1.1688952171756082,0.020235493784602068,0.574219247942838,0.02710955568722316,0.4579046368598938
D1,7,learned,10,True,True,True,14.951195759037947,False,False,False,False,,,5.009999999999938,0.0,intermediate,0.5579570453338745,1.2889912019305365,0.02452934097122495,0.5741208796860463,0.028003027228771373,0.45524242520332336
D1,7,learned,11,True,True,True,12.876506233987943,False,False,False,False,,,5.009999999999938,0.0,full,0.637714525300757,1.1834188609198721,0.02206779290350824,0.5735984445855952,0.02812022574445499,0.4754149913787842
D1,7,learned,12,True,True,True,15.426885459191716,False,False,False,False,,,5.009999999999938,0.0,warmup,0.5009263118149376,1.2188247958799947,0.02030298045192043,0.5742600502676085,0.02847347839092864,0.45992007851600647
D1,7,learned,13,False,True,False,17.788224829280107,False,False,False,False,unstable box motion,timeout,4.349999999999952,0.0,intermediate,0.5721493389616075,1.0132527290956106,0.02184556326803349,0.5735911414694815,0.0262069792087589,0.4350892901420593
D1,7,learned,14,False,False,False,21.839084692477954,True,False,False,True,excessive first-contact impact,timeout,0.0,0.0,full,0.47084174840317594,1.1668854451158555,0.031194397037480507,0.5740807549217373,0.03255823603166001,0.4277137517929077
D1,7,learned,15,False,True,False,17.383753486828482,False,False,False,False,unstable box motion,timeout,4.269999999999953,0.0,warmup,0.48738766261608873,1.2336237205624674,0.02570454213336301,0.5742868632214817,0.02834948940202594,0.45427125692367554
D1,7,learned,16,False,False,False,18.510349917138907,True,False,False,True,excessive first-contact impact,timeout,4.059999999999958,0.0,intermediate,0.44463355547976935,1.2760410585312312,0.02775829117261004,0.5745117130567884,0.030501391319558025,0.4405750334262848
D1,7,learned,17,False,True,False,17.834288179371676,False,False,False,False,contact loss,timeout,0.0,0.0,full,0.545833674323523,1.1579762526510662,5.616608540938753,0.5751123720225272,0.05936385734073286,0.8119808435440063
D1,7,learned,18,True,True,True,15.296283654176047,False,False,False,False,,,5.009999999999938,0.0,warmup,0.49298274539423165,1.2346759141610777,0.020152609400630395,0.5742458269105127,0.029889092986669506,0.46079906821250916
D1,7,learned,19,False,False,False,20.05937602655679,True,False,False,True,excessive first-contact impact,timeout,0.0,0.0,intermediate,0.4838916734878356,1.3374730526845824,0.03294119536928025,0.5742579642243519,0.033383451591112785,0.43690750002861023
D1,7,learned,20,True,True,True,15.699140350086974,False,False,False,False,,,5.009999999999938,0.0,full,0.5020057240424289,0.7954649007207342,0.01959163261383919,0.5731510717024623,0.028389031548627014,0.4542992115020752
D1,7,learned,21,True,True,True,16.16538022736243,False,False,False,False,,,5.009999999999938,0.0,warmup,0.4904104543646842,1.1673474497063143,0.01909915460835212,0.5742011460953571,0.02784798445770514,0.45805874466896057
D1,7,learned,22,True,True,True,17.961309914077976,False,False,False,False,,,5.009999999999938,0.0,intermediate,0.4526350727341898,1.1252112590506311,0.017882039996878953,0.5743031409026504,0.030257869470858883,0.45436060428619385
D1,7,learned,23,True,True,True,15.174303572822916,False,False,False,False,,,5.009999999999938,0.0,full,0.4904961771661215,1.343875645190756,0.027469758493474005,0.573800855017639,0.03115282378568771,0.48289066553115845
D1,7,learned,24,False,True,False,17.89799855929182,False,False,False,False,unstable box motion,timeout,3.8199999999999625,0.0,warmup,0.5109693765412465,1.211283449106051,0.025468976284858568,0.5741630141647722,0.028806165835953183,0.45121142268180847
D1,7,learned,25,False,True,False,15.226216459744117,False,False,False,False,unstable box motion,timeout,3.709999999999965,0.0,intermediate,0.5317344461251952,1.0067531604749642,0.024329827282842057,0.5735640636492226,0.029147084944748453,0.459749311208725
D1,7,learned,26,True,True,True,13.358065004001311,False,False,False,False,,,5.009999999999938,0.0,full,0.5135364956319597,0.9791037239291087,0.021027727342939728,0.573587248652256,0.0313134443630853,0.4729802906513214
D1,7,learned,27,False,True,False,16.71678893873726,False,False,False,False,unstable box motion,timeout,4.649999999999945,0.0,warmup,0.48896578770858773,1.2364416551319382,0.020244062415030923,0.5743937329372947,0.027035093240972075,0.4572789967060089
D1,7,learned,28,True,True,True,16.530217312033283,False,False,False,False,,,5.009999999999938,0.0,intermediate,0.46606083056516756,1.0333475627374389,0.01861453844463565,0.5742225595764343,0.029728308830223694,0.4563430845737457
D1,7,learned,29,True,True,True,16.939440255675457,False,False,False,False,,,5.009999999999938,0.0,full,0.4781300590747878,1.1076903259488948,0.01661807619960853,0.5741393998976664,0.029330952835742188,0.45477059483528137
D1,7,learned,30,True,True,True,15.476182390355858,False,False,False,False,,,5.009999999999938,0.0,warmup,0.500472282046089,1.2042566690466316,0.019706800765811515,0.5743334368960429,0.02901142990978604,0.45805585384368896
D1,7,learned,31,False,False,False,18.368042654268066,True,False,False,True,excessive first-contact impact,timeout,0.0,0.0,intermediate,0.42123466907856777,1.253002323925152,0.030189742137626808,0.574502804315531,0.03266025048015373,0.4448234438896179
D1,7,learned,32,False,False,False,22.836192437471098,True,False,False,True,excessive first-contact impact,timeout,4.239999999999954,0.0,full,0.49655863214725254,1.0809459611070078,0.021472360570013563,0.574084383483378,0.026987181516098125,0.42141103744506836
D1,7,learned,33,True,True,True,15.147665230236322,False,False,False,False,,,5.009999999999938,0.0,warmup,0.4824355574271533,1.21891463319844,0.018140074528716497,0.5741886872784057,0.031246462566477638,0.46116262674331665
D1,7,learned,34,False,False,False,18.138293547844217,True,False,False,True,excessive first-contact impact,timeout,4.349999999999952,0.0,intermediate,0.5593516103811621,1.3360529847388807,0.02740051777665936,0.5742089405563512,0.02847431770658919,0.4353918731212616
D1,7,learned,35,True,True,True,12.217887063886335,False,False,False,False,,,5.009999999999938,0.0,full,0.5821520363062294,0.9352893720189832,0.01742039523211876,0.5731639436503081,0.028918261665212094,0.4668240547180176
D1,7,learned,36,True,True,True,14.960493464084939,False,False,False,False,,,5.009999999999938,0.0,warmup,0.49003588725688896,1.1949944693625023,0.019503084275989735,0.5743127944173886,0.02917602634355651,0.46092990040779114
D1,7,learned,37,False,False,True,18.995040280922375,True,False,False,True,excessive first-contact impact,held stably but first-contact impact exceeded the ImpactSafe threshold,5.009999999999938,0.0,intermediate,0.47202966125532003,1.0718062194041447,0.019708691849598958,0.5742103633242688,0.029790231260256126,0.44118359684944153
D1,7,learned,38,True,True,True,13.281728729650158,False,False,False,False,,,5.009999999999938,0.0,full,0.39720311956649396,1.1780777381288443,0.02257255704840917,0.5741503018360956,0.029530517467263352,0.48684611916542053
D1,7,learned,39,False,True,False,9.362070607572925,False,False,False,False,unstable box motion,timeout,0.0,0.0,warmup,0.48760734892737573,1.2436457867865334,48.15717309591101,0.6006103530452804,0.7419383196825428,1.5474239587783813
D1,7,learned,40,True,True,True,15.046246908881837,False,False,False,False,,,5.009999999999938,0.0,intermediate,0.4697590305539757,1.000828031345263,0.016213320890579183,0.5740839062546413,0.027616480978220018,0.46489250659942627
D1,7,learned,41,True,True,True,17.232763018350482,False,False,False,False,,,5.009999999999938,0.0,full,0.5399893072381774,1.543457179043201,0.028710711980758925,0.5742850484181434,0.030827096883680613,0.4385072886943817
D1,7,learned,42,False,True,False,9.63074727951496,False,False,False,False,unstable box motion,timeout,0.0,0.0,warmup,0.4885757854329753,1.2269349832847654,49.51034431279249,0.601098452441773,0.7259195600662912,1.352701187133789
D1,7,learned,43,True,True,True,17.327313224274405,False,False,False,False,,,5.009999999999938,0.0,intermediate,0.5760872145672483,1.17039712756378,0.022289970422688,0.5739082095382662,0.029106946973959883,0.433605819940567
D1,7,learned,44,False,False,False,21.814823183484144,True,False,False,True,excessive first-contact impact,timeout,0.0,0.0,full,0.38303639555873803,1.338079672902308,0.0299039701375314,0.5747161729486727,0.032830862030386924,0.4228789210319519
D1,7,learned,45,True,True,True,17.017896071371933,False,False,False,False,,,5.009999999999938,0.0,warmup,0.49174394141055583,1.2240044962498438,0.02089748128826906,0.5742497889427509,0.03045634190073537,0.44907182455062866
D1,7,learned,46,True,True,True,17.14964341409842,False,False,False,False,,,5.009999999999938,0.0,intermediate,0.43827127758724876,1.208110249995769,0.021896096737309113,0.5745425025868076,0.030190314228714602,0.4475610554218292
D1,7,learned,47,True,True,True,14.559680080308164,False,False,False,False,,,5.009999999999938,0.0,full,0.6424065509628292,1.102805538886461,0.02031970344099761,0.5734243903489589,0.027794872512883533,0.4451560974121094
D1,7,learned,48,False,True,False,9.549445990318013,False,False,False,False,unstable box motion,timeout,0.0,0.0,warmup,0.5085148659503609,1.174116055562226,60.62371684348818,0.6051959566981763,0.7454589304248137,0.9876599311828613
D1,7,learned,49,False,True,False,17.695957084168622,False,False,False,False,unstable box motion,timeout,0.0,0.0,intermediate,0.45103892656726835,1.2464647082307405,0.03024448017566013,0.574337363866226,0.03145632782285767,0.445614218711853
D1,7,learned,50,True,True,True,16.151711400063828,False,False,False,False,,,5.009999999999938,0.0,full,0.3726770816353148,1.4920678302689376,0.021823726139162815,0.5745970118712782,0.03291919636669465,0.48026788234710693
D1,7,learned,51,False,True,False,17.02179037949061,False,False,False,False,unstable box motion,timeout,4.40999999999995,0.0,warmup,0.5121655145357621,1.2468573748815532,0.02673460879081123,0.5742399448627019,0.028011049814522265,0.4482724666595459
D1,7,learned,52,False,False,False,18.927863477557104,True,False,False,True,excessive first-contact impact,timeout,4.609999999999946,0.0,intermediate,0.5619201427171274,1.0007040595710093,0.021140272108045085,0.5736003956745339,0.024786880618360426,0.4337610602378845
D1,7,learned,53,False,True,False,17.016462376215706,False,False,False,False,unstable box motion,timeout,0.0,0.0,full,0.5243303082272294,0.9612646556452364,0.031222947124974032,0.5736415616848072,0.029051715768873693,0.4458668828010559
D1,7,learned,54,True,True,True,16.48162247455686,False,False,False,False,,,5.009999999999938,0.0,warmup,0.4863359531545361,1.2434969451900522,0.02030379650852146,0.5744124823237591,0.028376202463394656,0.4583720862865448
D1,7,learned,55,False,False,False,19.879327328763935,True,False,False,True,excessive first-contact impact,timeout,0.0,0.0,intermediate,0.4252483777736942,1.264293204911614,0.026093672677869165,0.5745249106219039,0.029133091921518955,0.4403824806213379
D1,7,learned,56,True,True,True,14.9701512701903,False,False,False,False,,,5.009999999999938,0.0,full,0.5295575228792385,1.4527831122188495,0.030257389794395472,0.5737841670082781,0.030491787735081745,0.4868454039096832
D1,7,learned,57,False,True,False,16.697060197421564,False,False,False,False,unstable box motion,timeout,0.0,0.0,warmup,0.5141180905828481,1.2082259258941315,0.026977733306737903,0.5741687025597912,0.028698047986254097,0.4556540548801422
D1,7,learned,58,True,True,True,15.040701350299148,False,False,False,False,,,5.009999999999938,0.0,intermediate,0.44073145090136284,1.0827524946051303,0.01653772211772529,0.5742862304977412,0.032469479081438,0.46813473105430603
D1,7,learned,59,False,False,False,18.85111677416963,True,False,False,True,excessive first-contact impact,timeout,0.0,0.0,full,0.5261049150037435,1.2326145627183616,0.03432485615940698,0.5740372801345863,0.03177422018854746,0.43585097789764404
D1,7,learned,60,True,True,True,15.164762378814357,False,False,False,False,,,5.009999999999938,0.0,warmup,0.5030441815117926,1.235296079410372,0.020671352895960393,0.5743444223919152,0.028946797291603103,0.4609358012676239
D1,7,learned,61,False,False,True,18.298402172190954,True,False,False,True,excessive first-contact impact,held stably but first-contact impact exceeded the ImpactSafe threshold,5.009999999999938,0.0,intermediate,0.5389551631654701,1.197412975915647,0.02339689567933497,0.5740921779617473,0.028469863610940137,0.43766286969184875
D1,7,learned,62,True,True,True,13.978129320302742,False,False,False,False,,,5.009999999999938,0.0,full,0.37411391740488836,0.778022602554542,0.015134771482022358,0.5740757302967587,0.026667515514767554,0.47454142570495605
D1,7,learned,63,True,True,True,17.14690069267776,False,False,False,False,,,5.009999999999938,0.0,warmup,0.5180958832674765,1.1775949033705304,0.021272132428443613,0.5741290005662846,0.029547362181512552,0.4464654326438904
D1,7,learned,64,True,True,True,17.62479026764435,False,False,False,False,,,5.009999999999938,0.0,intermediate,0.4319834064826628,1.2497602045329117,0.02198767670714476,0.574614384468198,0.030161462870885017,0.4454615116119385
D1,7,learned,65,False,False,True,22.079054042618342,True,False,False,True,excessive first-contact impact,held stably but first-contact impact exceeded the ImpactSafe threshold,5.009999999999938,0.0,full,0.46955263519301244,1.3618770382643257,0.02284658123031967,0.5743255048953726,0.02986752253832714,0.42029038071632385
D1,7,learned,66,False,True,False,10.455072194692296,False,False,False,False,unstable box motion,timeout,0.0,0.0,warmup,0.5144610774914211,1.2260844704151872,59.71492247905757,0.6048524878982404,0.7393685573366071,0.99156653881073
D1,7,learned,67,False,False,True,18.851862643483372,True,False,False,True,excessive first-contact impact,held stably but first-contact impact exceeded the ImpactSafe threshold,5.009999999999938,0.0,intermediate,0.4243514781482216,1.2158876925074258,0.018904053880001034,0.5745795885665217,0.029808168693191625,0.45120733976364136
D1,7,learned,68,False,False,True,23.06706901915131,True,False,False,True,excessive first-contact impact,held stably but first-contact impact exceeded the ImpactSafe threshold,5.009999999999938,0.0,full,0.41267677704972583,0.8528733183238331,0.020184066091142136,0.5741144176694859,0.02830768514445193,0.4189205467700958
D1,7,learned,69,True,True,True,15.77561230471853,False,False,False,False,,,5.009999999999938,0.0,warmup,0.49438308838503003,1.1989058255816771,0.019812650019590938,0.5742618125082956,0.02962571942729364,0.45694416761398315
D1,7,learned,70,True,True,True,15.655249674333422,False,False,False,False,,,5.009999999999938,0.0,intermediate,0.45607536866522447,1.0072921878164434,0.018739302092581123,0.5741478727168935,0.03003472302181719,0.4556506872177124
D1,7,learned,71,False,False,False,23.328785396309673,True,False,False,True,excessive first-contact impact,timeout,0.34000000000000014,0.0,full,0.4890386342296652,1.3446198045538313,0.028732927517885896,0.5743919572187766,0.030841483185067773,0.4203275442123413
D1,7,learned,72,True,True,True,16.58464105002573,False,False,False,False,,,5.009999999999938,0.0,warmup,0.5181769401123936,1.2214768875486623,0.024371563847913846,0.5742121461273256,0.029217664613037982,0.4474893808364868
D1,7,learned,73,False,True,False,15.210455500165953,False,False,False,False,unstable box motion,timeout,0.0,0.0,intermediate,0.47561330230223386,1.274057400905906,0.0288830719511972,0.5743858861523147,0.03113791967609099,0.4631406366825104
D1,7,learned,74,False,True,False,15.34741913236111,False,False,False,False,contact loss,timeout,0.3900000000000002,0.0,full,0.6302656463012763,1.2363069994594955,0.029077763709968153,0.5719552598051099,0.023980997665120022,0.4877547025680542
D1,7,learned,75,True,True,True,16.506523670690942,False,False,False,False,,,5.009999999999938,0.0,warmup,0.5128891502103221,1.1693339809485719,0.020347031680764637,0.5741822915223292,0.02771553143722826,0.45177900791168213
D1,7,learned,76,False,True,False,15.246956407979033,False,False,False,False,unstable box motion,timeout,4.519999999999948,0.0,intermediate,0.5029775957233502,1.1173203785729031,0.024473812904857686,0.5741271042894983,0.02806400032580963,0.4615687429904938
D1,7,learned,77,True,True,True,14.7260149372758,False,False,False,False,,,5.009999999999938,0.0,full,0.6217022090206814,1.178149402500111,0.023539613196869175,0.5736347837435378,0.029296679255044596,0.4459989368915558
D1,7,learned,78,True,True,True,17.015009573308202,False,False,False,False,,,5.009999999999938,0.0,warmup,0.48107140492051537,1.2237028225935525,0.020419475976006914,0.574395598163256,0.028221346640948025,0.4523434042930603
D1,7,learned,79,False,True,False,15.028478481843585,False,False,False,False,unstable box motion,timeout,4.759999999999943,0.0,intermediate,0.5582002597826974,1.2360374228455522,0.02532680327341771,0.5741724508220366,0.027113616808450647,0.4515629708766937
D1,7,learned,80,False,True,False,15.025365744898345,False,False,False,False,contact loss,timeout,0.0,0.0,full,0.5342840136425704,1.0989328427743525,0.027743237624967294,0.5722879179121199,0.027236345704378825,0.48353156447410583
D1,7,learned,81,False,True,False,16.359007452511328,False,False,False,False,unstable box motion,timeout,4.529999999999948,0.0,warmup,0.5198020969208147,1.2222703211615975,0.02384884565770529,0.574149774400214,0.028746447012360607,0.4487019181251526
D1,7,learned,82,True,True,True,14.713118076854526,False,False,False,False,,,5.009999999999938,0.0,intermediate,0.5418115409414938,1.2476588704407745,0.021778503117750935,0.5740705901791509,0.030995607459101703,0.46831440925598145
D1,7,learned,83,False,False,True,20.59374028676512,True,False,False,True,excessive first-contact impact,held stably but first-contact impact exceeded the ImpactSafe threshold,5.009999999999938,0.0,full,0.48067514698452624,1.3134212480291771,0.022003319364864264,0.5742376192873528,0.03128895481602656,0.43134963512420654
D1,7,learned,84,True,True,True,15.443123372152282,False,False,False,False,,,5.009999999999938,0.0,warmup,0.5182181653316911,1.240184064601315,0.021040555068629688,0.574279561156707,0.02831015222640395,0.4549527168273926
D1,7,learned,85,True,True,True,14.964027854056829,False,False,False,False,,,5.009999999999938,0.0,intermediate,0.4215685252329265,1.096261173554801,0.0162584246335416,0.5743037679025006,0.03077568902530918,0.4697045087814331
D1,7,learned,86,True,True,True,15.339899149277443,False,False,False,False,,,5.009999999999938,0.0,full,0.45929631408227567,1.3403272016459777,0.02421666554167012,0.5745335738801325,0.029279775683642695,0.46032124757766724
D1,7,learned,87,True,True,True,17.61169857702076,False,False,False,False,,,5.009999999999938,0.0,warmup,0.5101437457234121,1.2259015013553074,0.020467577689177868,0.5743145739763543,0.028710760919828757,0.4514540433883667
D1,7,learned,88,True,True,True,15.47308335173205,False,False,False,False,,,5.009999999999938,0.0,intermediate,0.510237487959977,1.36657991163753,0.025402573327374903,0.5744549865208591,0.03157947456965003,0.4542265832424164
D1,7,learned,89,True,True,True,11.951745352760932,False,False,False,False,,,5.009999999999938,0.0,full,0.670320389540348,1.0790204426581789,0.02112449708487465,0.5733591078449334,0.023101536488117837,0.4632265567779541
D1,7,learned,90,False,False,False,18.257646338408666,True,False,False,True,excessive first-contact impact,timeout,3.9999999999999587,0.0,warmup,0.4871652420600959,1.1732984908471253,0.020493016347039185,0.5742520593173173,0.027646842838398047,0.4491036832332611
D1,7,learned,91,True,True,True,14.822883561886005,False,False,False,False,,,5.009999999999938,0.0,intermediate,0.5063899162248642,1.2129222183053707,0.018320677631925332,0.5740740759476659,0.03156545563322696,0.4690273702144623
D1,7,learned,92,False,False,False,21.72650999554766,True,False,False,True,excessive first-contact impact,timeout,4.599999999999946,0.0,full,0.39331817024535876,1.05629062348945,0.02517189135848954,0.5744823972642481,0.027936597179089275,0.4290802478790283
D1,7,learned,93,False,True,False,17.9680904217528,False,False,False,False,unstable box motion,timeout,4.569999999999947,0.0,warmup,0.4809392138214365,1.1890876549511458,0.0224312967950464,0.5742913869046574,0.027378243108146957,0.44743961095809937
D1,7,learned,94,False,False,True,18.53012065568985,True,False,False,True,excessive first-contact impact,held stably but first-contact impact exceeded the ImpactSafe threshold,5.009999999999938,0.0,intermediate,0.5615218737550742,1.3768853723217598,0.026998066907748444,0.5739778682752599,0.02996023905355495,0.4333828091621399
D1,7,learned,95,True,True,True,15.16065967581524,False,False,False,False,,,5.009999999999938,0.0,full,0.6818918618697445,0.7643543624064467,0.017886271265075037,0.5715123929719804,0.023230326454353144,0.4327000677585602
D1,7,learned,96,False,True,False,17.031546604720994,False,False,False,False,unstable box motion,timeout,4.069999999999958,0.0,warmup,0.5053135879878038,1.1841457332405028,0.02601168816283031,0.5742162786753342,0.027833792345066156,0.45050933957099915
D1,7,learned,97,False,True,False,17.056486935793764,False,False,False,False,unstable box motion,timeout,0.0,0.0,intermediate,0.5212111576019438,1.2965194086396024,0.034732615089658046,0.5741239058962412,0.03169932649870004,0.44711607694625854
D1,7,learned,98,False,False,False,20.585651061918828,True,False,False,True,excessive first-contact impact,timeout,4.559999999999947,0.0,full,0.3626765151612195,1.1750646730460341,0.02241782965191545,0.5746324064230015,0.027770883532773172,0.43105000257492065
D1,7,learned,99,True,True,True,15.528837630205555,False,False,False,False,,,5.009999999999938,0.0,warmup,0.4854086464968972,1.192907376054963,0.020053911515818378,0.574382832971207,0.02793500500304255,0.46063074469566345
D1,7,zero,0,True,True,True,11.738354911025425,False,False,False,False,,,5.009999999999938,0.0,warmup,0.5128083197961336,1.1512648415214817,0.020524704885670875,0.0,0.0,0.0
D1,7,zero,1,True,True,True,10.830579550058902,False,False,False,False,,,5.009999999999938,0.0,intermediate,0.5583821710176411,1.2738890168815886,0.021524058705885075,0.0,0.0,0.0
D1,7,zero,2,True,True,True,14.616173209565286,False,False,False,False,,,5.009999999999938,0.0,full,0.42594280942227786,0.9534267532589371,0.01892775203049847,0.0,0.0,0.0
D1,7,zero,3,True,True,True,11.568182226702957,False,False,False,False,,,5.009999999999938,0.0,warmup,0.509978780669319,1.1525834806578006,0.019745057731862987,0.0,0.0,0.0
D1,7,zero,4,True,True,True,12.364718741778496,False,False,False,False,,,5.009999999999938,0.0,intermediate,0.5696580900535205,1.2016692008919285,0.022633081379030535,0.0,0.0,0.0
D1,7,zero,5,True,True,True,13.186414426163863,False,False,False,False,,,5.009999999999938,0.0,full,0.4265115823194439,1.437154991672124,0.01958959302918034,0.0,0.0,0.0
D1,7,zero,6,True,True,True,12.46223287268657,False,False,False,False,,,5.009999999999938,0.0,warmup,0.5075895884587166,1.2407813524535225,0.020192722766563982,0.0,0.0,0.0
D1,7,zero,7,True,True,True,12.261601811426459,False,False,False,False,,,5.009999999999938,0.0,intermediate,0.48690102169905397,1.038737655570714,0.01861121414637554,0.0,0.0,0.0
D1,7,zero,8,True,True,True,14.926811516078901,False,False,False,False,,,5.009999999999938,0.0,full,0.505785052514625,1.5431761150884702,0.020777114905751404,0.0,0.0,0.0
D1,7,zero,9,True,True,True,12.771315230132634,False,False,False,False,,,5.009999999999938,0.0,warmup,0.49479990440431754,1.1688952171756082,0.019264537339446296,0.0,0.0,0.0
D1,7,zero,10,True,True,True,12.521168372504572,False,False,False,False,,,5.009999999999938,0.0,intermediate,0.5579570453338745,1.2889912019305365,0.02131871344685938,0.0,0.0,0.0
D1,7,zero,11,True,True,True,13.487418966169331,False,False,False,False,,,5.009999999999938,0.0,full,0.637714525300757,1.1834188609198721,0.021447244954935992,0.0,0.0,0.0
D1,7,zero,12,True,True,True,11.846786047031546,False,False,False,False,,,5.009999999999938,0.0,warmup,0.5009263118149376,1.2188247958799947,0.01921838984294255,0.0,0.0,0.0
D1,7,zero,13,True,True,True,11.137920408588595,False,False,False,False,,,5.009999999999938,0.0,intermediate,0.5721493389616075,1.0132527290956106,0.020717342775059128,0.0,0.0,0.0
D1,7,zero,14,False,True,False,15.155238321123084,False,False,False,False,unstable box motion,timeout,0.03,0.0,full,0.47084174840317594,1.1668854451158555,0.026557507917864553,0.0,0.0,0.0
D1,7,zero,15,True,True,True,12.399727102133248,False,False,False,False,,,5.009999999999938,0.0,warmup,0.48738766261608873,1.2336237205624674,0.019552985343880152,0.0,0.0,0.0
D1,7,zero,16,True,True,True,10.543584403839262,False,False,False,False,,,5.009999999999938,0.0,intermediate,0.44463355547976935,1.2760410585312312,0.020276664806378623,0.0,0.0,0.0
D1,7,zero,17,True,True,True,15.672199567182052,False,False,False,False,,,5.009999999999938,0.0,full,0.545833674323523,1.1579762526510662,0.017107805017850253,0.0,0.0,0.0
D1,7,zero,18,True,True,True,11.322579746573014,False,False,False,False,,,5.009999999999938,0.0,warmup,0.49298274539423165,1.2346759141610777,0.01925566826692108,0.0,0.0,0.0
D1,7,zero,19,True,True,True,11.155680855521663,False,False,False,False,,,5.009999999999938,0.0,intermediate,0.4838916734878356,1.3374730526845824,0.024876101120294845,0.0,0.0,0.0
D1,7,zero,20,True,True,True,13.026208480181129,False,False,False,False,,,5.009999999999938,0.0,full,0.5020057240424289,0.7954649007207342,0.01789318386298323,0.0,0.0,0.0
D1,7,zero,21,True,True,True,12.683176769608474,False,False,False,False,,,5.009999999999938,0.0,warmup,0.4904104543646842,1.1673474497063143,0.018642198329941247,0.0,0.0,0.0
D1,7,zero,22,True,True,True,10.681627400806933,False,False,False,False,,,5.009999999999938,0.0,intermediate,0.4526350727341898,1.1252112590506311,0.018561166107325437,0.0,0.0,0.0
D1,7,zero,23,True,True,True,16.48203204477007,False,False,False,False,,,5.009999999999938,0.0,full,0.4904961771661215,1.343875645190756,0.019752857920643112,0.0,0.0,0.0
D1,7,zero,24,True,True,True,11.429635162153506,False,False,False,False,,,5.009999999999938,0.0,warmup,0.5109693765412465,1.211283449106051,0.019960664302061885,0.0,0.0,0.0
D1,7,zero,25,True,True,True,11.548916252243453,False,False,False,False,,,5.009999999999938,0.0,intermediate,0.5317344461251952,1.0067531604749642,0.023471311417128774,0.0,0.0,0.0
D1,7,zero,26,True,True,True,13.734417413825255,False,False,False,False,,,5.009999999999938,0.0,full,0.5135364956319597,0.9791037239291087,0.019078146087533176,0.0,0.0,0.0
D1,7,zero,27,True,True,True,13.644535779155124,False,False,False,False,,,5.009999999999938,0.0,warmup,0.48896578770858773,1.2364416551319382,0.019642584295162437,0.0,0.0,0.0
D1,7,zero,28,True,True,True,12.733471125530139,False,False,False,False,,,5.009999999999938,0.0,intermediate,0.46606083056516756,1.0333475627374389,0.018909839435079328,0.0,0.0,0.0
D1,7,zero,29,True,True,True,12.599032010864597,False,False,False,False,,,5.009999999999938,0.0,full,0.4781300590747878,1.1076903259488948,0.017900430311176076,0.0,0.0,0.0
D1,7,zero,30,True,True,True,12.103391048363374,False,False,False,False,,,5.009999999999938,0.0,warmup,0.500472282046089,1.2042566690466316,0.02134140268833359,0.0,0.0,0.0
D1,7,zero,31,True,True,True,9.765438339959955,False,False,False,False,,,5.009999999999938,0.0,intermediate,0.42123466907856777,1.253002323925152,0.02106934490308074,0.0,0.0,0.0
D1,7,zero,32,True,True,True,15.514522121129373,False,False,False,False,,,5.009999999999938,0.0,full,0.49655863214725254,1.0809459611070078,0.020464976506717518,0.0,0.0,0.0
D1,7,zero,33,True,True,True,12.160583709270684,False,False,False,False,,,5.009999999999938,0.0,warmup,0.4824355574271533,1.21891463319844,0.01879245097104759,0.0,0.0,0.0
D1,7,zero,34,True,True,True,12.147443313738606,False,False,False,False,,,5.009999999999938,0.0,intermediate,0.5593516103811621,1.3360529847388807,0.024879432704356705,0.0,0.0,0.0
D1,7,zero,35,True,True,True,13.55928262275364,False,False,False,False,,,5.009999999999938,0.0,full,0.5821520363062294,0.9352893720189832,0.018317930834546144,0.0,0.0,0.0
D1,7,zero,36,True,True,True,13.716412862449031,False,False,False,False,,,5.009999999999938,0.0,warmup,0.49003588725688896,1.1949944693625023,0.01796843022675573,0.0,0.0,0.0
D1,7,zero,37,True,True,True,11.095700036819728,False,False,False,False,,,5.009999999999938,0.0,intermediate,0.47202966125532003,1.0718062194041447,0.018868581266375584,0.0,0.0,0.0
D1,7,zero,38,True,True,True,13.880949274654087,False,False,False,False,,,5.009999999999938,0.0,full,0.39720311956649396,1.1780777381288443,0.019673506655049418,0.0,0.0,0.0
D1,7,zero,39,True,True,True,11.526520114446598,False,False,False,False,,,5.009999999999938,0.0,warmup,0.48760734892737573,1.2436457867865334,0.019385065029217455,0.0,0.0,0.0
D1,7,zero,40,True,True,True,12.061099445506247,False,False,False,False,,,5.009999999999938,0.0,intermediate,0.4697590305539757,1.000828031345263,0.017596014798999617,0.0,0.0,0.0
D1,7,zero,41,True,True,True,11.504657684614092,False,False,False,False,,,5.009999999999938,0.0,full,0.5399893072381774,1.543457179043201,0.02173951781237901,0.0,0.0,0.0
D1,7,zero,42,True,True,True,12.897892983577803,False,False,False,False,,,5.009999999999938,0.0,warmup,0.4885757854329753,1.2269349832847654,0.019759561578133057,0.0,0.0,0.0
D1,7,zero,43,True,True,True,12.537669787151682,False,False,False,False,,,5.009999999999938,0.0,intermediate,0.5760872145672483,1.17039712756378,0.020583550771206962,0.0,0.0,0.0
D1,7,zero,44,False,True,False,15.096611338962546,False,False,False,False,unstable box motion,timeout,4.319999999999952,0.0,full,0.38303639555873803,1.338079672902308,0.024257387971864056,0.0,0.0,0.0
D1,7,zero,45,True,True,True,11.375084214706135,False,False,False,False,,,5.009999999999938,0.0,warmup,0.49174394141055583,1.2240044962498438,0.021107896776920747,0.0,0.0,0.0
D1,7,zero,46,True,True,True,12.188356921533073,False,False,False,False,,,5.009999999999938,0.0,intermediate,0.43827127758724876,1.208110249995769,0.019624434893668836,0.0,0.0,0.0
D1,7,zero,47,True,True,True,12.631155603772365,False,False,False,False,,,5.009999999999938,0.0,full,0.6424065509628292,1.102805538886461,0.02234347624032534,0.0,0.0,0.0
D1,7,zero,48,True,True,True,12.103540904387291,False,False,False,False,,,5.009999999999938,0.0,warmup,0.5085148659503609,1.174116055562226,0.019925626213098395,0.0,0.0,0.0
D1,7,zero,49,False,True,False,10.888682556938575,False,False,False,False,unstable box motion,timeout,4.9199999999999395,0.0,intermediate,0.45103892656726835,1.2464647082307405,0.023403004107901977,0.0,0.0,0.0
D1,7,zero,50,True,True,True,12.871844227990742,False,False,False,False,,,5.009999999999938,0.0,full,0.3726770816353148,1.4920678302689376,0.018474518983907312,0.0,0.0,0.0
D1,7,zero,51,True,True,True,12.593188389920833,False,False,False,False,,,5.009999999999938,0.0,warmup,0.5121655145357621,1.2468573748815532,0.021948901648773615,0.0,0.0,0.0
D1,7,zero,52,True,True,True,11.146518413117931,False,False,False,False,,,5.009999999999938,0.0,intermediate,0.5619201427171274,1.0007040595710093,0.020153368232881087,0.0,0.0,0.0
D1,7,zero,53,False,True,False,10.933532139994828,False,False,False,False,unstable box motion,timeout,0.0,0.0,full,0.5243303082272294,0.9612646556452364,0.02704959192079744,0.0,0.0,0.0
D1,7,zero,54,True,True,True,11.645497721620153,False,False,False,False,,,5.009999999999938,0.0,warmup,0.4863359531545361,1.2434969451900522,0.019740720266721527,0.0,0.0,0.0
D1,7,zero,55,True,True,True,10.372984641335833,False,False,False,False,,,5.009999999999938,0.0,intermediate,0.4252483777736942,1.264293204911614,0.019829078470073987,0.0,0.0,0.0
D1,7,zero,56,True,True,True,15.660273121656271,False,False,False,False,,,5.009999999999938,0.0,full,0.5295575228792385,1.4527831122188495,0.02125027016567552,0.0,0.0,0.0
D1,7,zero,57,True,True,True,11.664993813367882,False,False,False,False,,,5.009999999999938,0.0,warmup,0.5141180905828481,1.2082259258941315,0.020046614578491457,0.0,0.0,0.0
D1,7,zero,58,True,True,True,12.833310439344888,False,False,False,False,,,5.009999999999938,0.0,intermediate,0.44073145090136284,1.0827524946051303,0.017661037809848682,0.0,0.0,0.0
D1,7,zero,59,False,True,False,10.786813377918,False,False,False,False,unstable box motion,timeout,0.0,0.0,full,0.5261049150037435,1.2326145627183616,0.028961401730140612,0.0,0.0,0.0
D1,7,zero,60,True,True,True,14.057405083535322,False,False,False,False,,,5.009999999999938,0.0,warmup,0.5030441815117926,1.235296079410372,0.01947456560739661,0.0,0.0,0.0
D1,7,zero,61,True,True,True,11.722104758643887,False,False,False,False,,,5.009999999999938,0.0,intermediate,0.5389551631654701,1.197412975915647,0.0213238570614697,0.0,0.0,0.0
D1,7,zero,62,True,True,True,10.638377386630937,False,False,False,False,,,5.009999999999938,0.0,full,0.37411391740488836,0.778022602554542,0.01676448897332273,0.0,0.0,0.0
D1,7,zero,63,True,True,True,12.649191696082571,False,False,False,False,,,5.009999999999938,0.0,warmup,0.5180958832674765,1.1775949033705304,0.021361247207560653,0.0,0.0,0.0
D1,7,zero,64,True,True,True,10.973253038263325,False,False,False,False,,,5.009999999999938,0.0,intermediate,0.4319834064826628,1.2497602045329117,0.021161324741186725,0.0,0.0,0.0
D1,7,zero,65,True,True,True,15.340810501620641,False,False,False,False,,,5.009999999999938,0.0,full,0.46955263519301244,1.3618770382643257,0.01980480690814856,0.0,0.0,0.0
D1,7,zero,66,True,True,True,12.677741184117474,False,False,False,False,,,5.009999999999938,0.0,warmup,0.5144610774914211,1.2260844704151872,0.020090461804586887,0.0,0.0,0.0
D1,7,zero,67,True,True,True,11.289540440513754,False,False,False,False,,,5.009999999999938,0.0,intermediate,0.4243514781482216,1.2158876925074258,0.01831588588599263,0.0,0.0,0.0
D1,7,zero,68,True,True,True,15.368647798306753,False,False,False,False,,,5.009999999999938,0.0,full,0.41267677704972583,0.8528733183238331,0.01889109077635428,0.0,0.0,0.0
D1,7,zero,69,True,True,True,13.02834171804609,False,False,False,False,,,5.009999999999938,0.0,warmup,0.49438308838503003,1.1989058255816771,0.02116964247775522,0.0,0.0,0.0
D1,7,zero,70,True,True,True,12.037024274117723,False,False,False,False,,,5.009999999999938,0.0,intermediate,0.45607536866522447,1.0072921878164434,0.0192772741060451,0.0,0.0,0.0
D1,7,zero,71,False,True,False,15.433544709994084,False,False,False,False,unstable box motion,timeout,4.989999999999938,0.0,full,0.4890386342296652,1.3446198045538313,0.022905367738605516,0.0,0.0,0.0
D1,7,zero,72,True,True,True,11.253358843153073,False,False,False,False,,,5.009999999999938,0.0,warmup,0.5181769401123936,1.2214768875486623,0.021342074279822477,0.0,0.0,0.0
D1,7,zero,73,True,True,True,12.704304638292744,False,False,False,False,,,5.009999999999938,0.0,intermediate,0.47561330230223386,1.274057400905906,0.019915115891681334,0.0,0.0,0.0
D1,7,zero,74,False,True,False,16.170052108648875,False,False,False,False,unstable box motion,timeout,0.0,0.0,full,0.6302656463012763,1.2363069994594955,23.177463378213357,0.0,0.0,0.0
D1,7,zero,75,True,True,True,11.439538438209095,False,False,False,False,,,5.009999999999938,0.0,warmup,0.5128891502103221,1.1693339809485719,0.021418575610176786,0.0,0.0,0.0
D1,7,zero,76,True,True,True,13.65858490353449,False,False,False,False,,,5.009999999999938,0.0,intermediate,0.5029775957233502,1.1173203785729031,0.02069733803756278,0.0,0.0,0.0
D1,7,zero,77,True,True,True,12.9885380553889,False,False,False,False,,,5.009999999999938,0.0,full,0.6217022090206814,1.178149402500111,0.02167264268834317,0.0,0.0,0.0
D1,7,zero,78,True,True,True,11.579932007309846,False,False,False,False,,,5.009999999999938,0.0,warmup,0.48107140492051537,1.2237028225935525,0.02093420330393901,0.0,0.0,0.0
D1,7,zero,79,True,True,True,13.327972300868613,False,False,False,False,,,5.009999999999938,0.0,intermediate,0.5582002597826974,1.2360374228455522,0.022487497815232696,0.0,0.0,0.0
D1,7,zero,80,True,True,True,16.79779276338605,False,False,False,False,,,5.009999999999938,0.0,full,0.5342840136425704,1.0989328427743525,0.01937287022145817,0.0,0.0,0.0
D1,7,zero,81,True,True,True,11.702742204433184,False,False,False,False,,,5.009999999999938,0.0,warmup,0.5198020969208147,1.2222703211615975,0.0213072660232238,0.0,0.0,0.0
D1,7,zero,82,True,True,True,12.239620224079825,False,False,False,False,,,5.009999999999938,0.0,intermediate,0.5418115409414938,1.2476588704407745,0.024569543678928565,0.0,0.0,0.0
D1,7,zero,83,True,True,True,11.423128473811131,False,False,False,False,,,5.009999999999938,0.0,full,0.48067514698452624,1.3134212480291771,0.01974474007279419,0.0,0.0,0.0
D1,7,zero,84,True,True,True,13.588868421141397,False,False,False,False,,,5.009999999999938,0.0,warmup,0.5182181653316911,1.240184064601315,0.019831222033441214,0.0,0.0,0.0
D1,7,zero,85,True,True,True,11.356662981263307,False,False,False,False,,,5.009999999999938,0.0,intermediate,0.4215685252329265,1.096261173554801,0.01684891901132032,0.0,0.0,0.0
D1,7,zero,86,True,True,True,12.991816402205323,False,False,False,False,,,5.009999999999938,0.0,full,0.45929631408227567,1.3403272016459777,0.02044558400660955,0.0,0.0,0.0
D1,7,zero,87,True,True,True,12.987130020782711,False,False,False,False,,,5.009999999999938,0.0,warmup,0.5101437457234121,1.2259015013553074,0.020767704750459248,0.0,0.0,0.0
D1,7,zero,88,True,True,True,13.57414980434687,False,False,False,False,,,5.009999999999938,0.0,intermediate,0.510237487959977,1.36657991163753,0.021568404595461662,0.0,0.0,0.0
D1,7,zero,89,True,True,True,13.648355069340372,False,False,False,False,,,5.009999999999938,0.0,full,0.670320389540348,1.0790204426581789,0.020731911146645784,0.0,0.0,0.0
D1,7,zero,90,True,True,True,12.41082013218532,False,False,False,False,,,5.009999999999938,0.0,warmup,0.4871652420600959,1.1732984908471253,0.0192726020695391,0.0,0.0,0.0
D1,7,zero,91,True,True,True,13.973000566125918,False,False,False,False,,,5.009999999999938,0.0,intermediate,0.5063899162248642,1.2129222183053707,0.021088217757763466,0.0,0.0,0.0
D1,7,zero,92,True,True,True,15.406735437934145,False,False,False,False,,,5.009999999999938,0.0,full,0.39331817024535876,1.05629062348945,0.021598286396971207,0.0,0.0,0.0
D1,7,zero,93,True,True,True,12.04264228239495,False,False,False,False,,,5.009999999999938,0.0,warmup,0.4809392138214365,1.1890876549511458,0.019615753589066653,0.0,0.0,0.0
D1,7,zero,94,True,True,True,11.194654704593827,False,False,False,False,,,5.009999999999938,0.0,intermediate,0.5615218737550742,1.3768853723217598,0.02209375225901859,0.0,0.0,0.0
D1,7,zero,95,True,True,True,10.858965838949505,False,False,False,False,,,5.009999999999938,0.0,full,0.6818918618697445,0.7643543624064467,0.01789121460884787,0.0,0.0,0.0
D1,7,zero,96,True,True,True,11.483098209468753,False,False,False,False,,,5.009999999999938,0.0,warmup,0.5053135879878038,1.1841457332405028,0.019967508628679808,0.0,0.0,0.0
D1,7,zero,97,False,True,False,11.251177835403844,False,False,False,False,unstable box motion,timeout,0.3000000000000001,0.0,intermediate,0.5212111576019438,1.2965194086396024,0.026252759252292687,0.0,0.0,0.0
D1,7,zero,98,True,True,True,14.224999763186673,False,False,False,False,,,5.009999999999938,0.0,full,0.3626765151612195,1.1750646730460341,0.018789776779400906,0.0,0.0,0.0
D1,7,zero,99,True,True,True,13.715144922363443,False,False,False,False,,,5.009999999999938,0.0,warmup,0.4854086464968972,1.192907376054963,0.01923333992859854,0.0,0.0,0.0
D1,17,learned,0,True,True,True,12.225099992956643,False,False,False,False,,,5.009999999999938,0.0,warmup,0.5128083197961336,1.1512648415214817,0.01466776907872981,0.5226337356433534,0.07503331549620877,0.8779882788658142
D1,17,learned,1,True,True,True,11.061845235405887,False,False,False,False,,,5.009999999999938,0.0,intermediate,0.5583821710176411,1.2738890168815886,0.01613670096850745,0.5176632671921784,0.07310843730235038,0.945529043674469
D1,17,learned,2,True,True,True,9.252365076914602,False,False,False,False,,,5.009999999999938,0.0,full,0.42594280942227786,0.9534267532589371,0.012312279383716297,0.4990212389552511,0.06417276407509727,1.0029220581054688
D1,17,learned,3,True,True,True,12.309046497274695,False,False,False,False,,,5.009999999999938,0.0,warmup,0.509978780669319,1.1525834806578006,0.01301807685730458,0.5234385957647965,0.07721599706147825,0.9134783744812012
D1,17,learned,4,True,True,True,9.806559067926486,False,False,False,False,,,5.009999999999938,0.0,intermediate,0.5696580900535205,1.2016692008919285,0.014057093917450329,0.5352406846461684,0.08629789377487362,0.8899775147438049
D1,17,learned,5,True,True,True,13.172141748177438,False,False,False,False,,,5.009999999999938,0.0,full,0.4265115823194439,1.437154991672124,0.0065074852819911105,0.4380493967553263,0.0440289153075277,0.7266731858253479
D1,17,learned,6,True,True,True,10.741315936592628,False,False,False,False,,,5.009999999999938,0.0,warmup,0.5075895884587166,1.2407813524535225,0.01272555345122673,0.5288212107126788,0.08299775337944651,0.8915001153945923
D1,17,learned,7,True,True,True,12.072303446537887,False,False,False,False,,,5.009999999999938,0.0,intermediate,0.48690102169905397,1.038737655570714,0.013461518142293719,0.5154364542636204,0.06761506042055965,0.762679934501648
D1,17,learned,8,True,True,True,13.150277467139919,False,False,False,False,,,5.009999999999938,0.0,full,0.505785052514625,1.5431761150884702,0.017803748230175147,0.5115829536750266,0.0664680781330736,0.7416605353355408
D1,17,learned,9,True,True,True,12.591219326340841,False,False,False,False,,,5.009999999999938,0.0,warmup,0.49479990440431754,1.1688952171756082,0.010347766660941329,0.5242519166983629,0.0742567650837979,0.852372944355011
D1,17,learned,10,True,True,True,13.155541678621528,False,False,False,False,,,5.009999999999938,0.0,intermediate,0.5579570453338745,1.2889912019305365,0.015101992377022793,0.5253928132278779,0.07786640818342823,0.8691341280937195
D1,17,learned,11,False,True,False,11.94325101037415,False,False,False,False,unstable box motion,timeout,0.0,0.0,full,0.637714525300757,1.1834188609198721,43.95795185972217,0.4932774891117777,0.3400130206719041,1.2213088274002075
D1,17,learned,12,True,True,True,12.868509811105664,False,False,False,False,,,5.009999999999938,0.0,warmup,0.5009263118149376,1.2188247958799947,0.010483754926150763,0.5203907220013245,0.07117893979069576,0.8405388593673706
D1,17,learned,13,True,True,True,11.17192243743618,False,False,False,False,,,5.009999999999938,0.0,intermediate,0.5721493389616075,1.0132527290956106,0.014989674406830217,0.5284109319994923,0.07958511995344326,0.9654133319854736
D1,17,learned,14,False,True,False,9.414787712803001,False,False,False,False,unstable box motion,timeout,4.819999999999942,0.0,full,0.47084174840317594,1.1668854451158555,0.019301322771006116,0.5089316643859261,0.06982996779893126,0.9993230104446411
D1,17,learned,15,True,True,True,12.94077305418463,False,False,False,False,,,5.009999999999938,0.0,warmup,0.48738766261608873,1.2336237205624674,0.011813610656675503,0.5271034988320297,0.08160452385218346,0.8731276988983154
D1,17,learned,16,True,True,True,11.001626986985874,False,False,False,False,,,5.009999999999938,0.0,intermediate,0.44463355547976935,1.2760410585312312,0.011803008934366772,0.5091145538384096,0.07210209585456033,0.9383125305175781
D1,17,learned,17,False,True,False,15.457316985242489,False,False,False,False,unstable box motion,timeout,0.0,0.0,full,0.545833674323523,1.1579762526510662,31.295992619985896,0.5371307109173251,0.284086905504976,1.2058045864105225
D1,17,learned,18,True,True,True,12.848793282461095,False,False,False,False,,,5.009999999999938,0.0,warmup,0.49298274539423165,1.2346759141610777,0.010052367921591646,0.5203290630000652,0.07183312780883473,0.835752546787262
D1,17,learned,19,True,True,True,10.32905882286148,False,False,False,False,,,5.009999999999938,0.0,intermediate,0.4838916734878356,1.3374730526845824,0.013027317385341252,0.5162339931769868,0.07547643431261977,0.9608426690101624
D1,17,learned,20,True,True,True,12.471576010968931,False,False,False,False,,,5.009999999999938,0.0,full,0.5020057240424289,0.7954649007207342,0.012118665368896777,0.5288183083666261,0.07642805663615673,0.8727315664291382
D1,17,learned,21,True,True,True,13.298478525518806,False,False,False,False,,,5.009999999999938,0.0,warmup,0.4904104543646842,1.1673474497063143,0.01054084225359468,0.5124098721023976,0.06687283749971377,0.8518927693367004
D1,17,learned,22,True,True,True,10.72929336685014,False,False,False,False,,,5.009999999999938,0.0,intermediate,0.4526350727341898,1.1252112590506311,0.008829702873084792,0.5202852168922452,0.07262024702100758,0.873606264591217
D1,17,learned,23,False,True,False,13.792873525249531,False,False,False,False,unstable box motion,timeout,0.0,0.0,full,0.4904961771661215,1.343875645190756,12.980460899805554,0.5073084819674478,0.18978667884167016,1.1886212825775146
D1,17,learned,24,True,True,True,12.139427236539557,False,False,False,False,,,5.009999999999938,0.0,warmup,0.5109693765412465,1.211283449106051,0.012824022836737994,0.5241080369915309,0.07769830496709236,0.8893979787826538
D1,17,learned,25,True,True,True,12.180631551868027,False,False,False,False,,,5.009999999999938,0.0,intermediate,0.5317344461251952,1.0067531604749642,0.012035378193703304,0.5325127814007754,0.0786225341943618,0.8426135182380676
D1,17,learned,26,False,True,False,15.834326050573605,False,False,False,False,unstable box motion,timeout,0.0,0.0,full,0.5135364956319597,0.9791037239291087,31.831848717913402,0.5387200906494909,0.3110880332174046,1.2384088039398193
D1,17,learned,27,True,True,True,13.229074369741305,False,False,False,False,,,5.009999999999938,0.0,warmup,0.48896578770858773,1.2364416551319382,0.010913440613314824,0.5215261279850408,0.07467020037793473,0.8544232845306396
D1,17,learned,28,True,True,True,12.906220846957115,False,False,False,False,,,5.009999999999938,0.0,intermediate,0.46606083056516756,1.0333475627374389,0.009586277902103613,0.5221910431426471,0.0727934471644126,0.8586751818656921
D1,17,learned,29,True,True,True,13.076779318305984,False,False,False,False,,,5.009999999999938,0.0,full,0.4781300590747878,1.1076903259488948,0.010243488946974749,0.5081122186471836,0.06190470259150733,0.8686367273330688
D1,17,learned,30,True,True,True,12.937739096465872,False,False,False,False,,,5.009999999999938,0.0,warmup,0.500472282046089,1.2042566690466316,0.011868180673009399,0.52411100697812,0.07609029503532759,0.8502821922302246
D1,17,learned,31,True,True,True,9.024204856227444,False,False,False,False,,,5.009999999999938,0.0,intermediate,0.42123466907856777,1.253002323925152,0.010282646750996112,0.512950037708348,0.07477892054286553,0.9222990870475769
D1,17,learned,32,True,True,True,10.23468492834671,False,False,False,False,,,5.009999999999938,0.0,full,0.49655863214725254,1.0809459611070078,0.014440349890919912,0.4991054081826538,0.06426943234946146,1.0292021036148071
D1,17,learned,33,True,True,True,13.565666630796471,False,False,False,False,,,5.009999999999938,0.0,warmup,0.4824355574271533,1.21891463319844,0.009546307095717455,0.5111613605331102,0.06462982396866816,0.8331810832023621
D1,17,learned,34,True,True,True,11.28584001262455,False,False,False,False,,,5.009999999999938,0.0,intermediate,0.5593516103811621,1.3360529847388807,0.016389305049623108,0.5243743664201486,0.08051642820418599,0.9624778032302856
D1,17,learned,35,True,True,True,12.983422783765421,False,False,False,False,,,5.009999999999938,0.0,full,0.5821520363062294,0.9352893720189832,0.017726070664961513,0.5308865425500581,0.072540415594211,0.7949388027191162
D1,17,learned,36,True,True,True,12.523884543370869,False,False,False,False,,,5.009999999999938,0.0,warmup,0.49003588725688896,1.1949944693625023,0.025628085022824945,0.5221877147012106,0.07269773256848566,0.8336043357849121
D1,17,learned,37,True,True,True,11.364600409931729,False,False,False,False,,,5.009999999999938,0.0,intermediate,0.47202966125532003,1.0718062194041447,0.01168415282601435,0.5166031980333841,0.0733060384906518,0.9374336004257202
D1,17,learned,38,True,True,True,11.07950197981803,False,False,False,False,,,5.009999999999938,0.0,full,0.39720311956649396,1.1780777381288443,0.008616040678745739,0.4708745843632934,0.0516484713957691,0.6390353441238403
D1,17,learned,39,True,True,True,13.19436337673699,False,False,False,False,,,5.009999999999938,0.0,warmup,0.48760734892737573,1.2436457867865334,0.011715178537338562,0.5207637123397794,0.07601742054133312,0.8697142601013184
D1,17,learned,40,True,True,True,11.87193498745323,False,False,False,False,,,5.009999999999938,0.0,intermediate,0.4697590305539757,1.000828031345263,0.014070069750255725,0.5149129552098642,0.06396209016751665,0.8077393174171448
D1,17,learned,41,True,True,True,12.256662054798934,False,False,False,False,,,5.009999999999938,0.0,full,0.5399893072381774,1.543457179043201,0.015474830705492475,0.4998937144332025,0.06464638422688712,0.9488198757171631
D1,17,learned,42,True,True,True,12.714683239939426,False,False,False,False,,,5.009999999999938,0.0,warmup,0.4885757854329753,1.2269349832847654,0.010404763138224967,0.5231971921513147,0.07482215366326272,0.8516833186149597
D1,17,learned,43,True,True,True,11.46594249696631,False,False,False,False,,,5.009999999999938,0.0,intermediate,0.5760872145672483,1.17039712756378,0.01633609121073816,0.5173250126284961,0.07306630132047252,0.9684657454490662
D1,17,learned,44,False,True,False,8.304948103713873,False,False,False,False,unstable box motion,timeout,4.90999999999994,0.0,full,0.38303639555873803,1.338079672902308,0.014787579906399619,0.46234113833663276,0.05635086376219988,1.0159167051315308
D1,17,learned,45,True,True,True,11.882235770061758,False,False,False,False,,,5.009999999999938,0.0,warmup,0.49174394141055583,1.2240044962498438,0.011885230119235543,0.5175277572591029,0.07353822379836238,0.9005969166755676
D1,17,learned,46,True,True,True,11.570092727892934,False,False,False,False,,,5.009999999999938,0.0,intermediate,0.43827127758724876,1.208110249995769,0.010103238171771268,0.5051103793581097,0.06951986797676797,0.905418336391449
D1,17,learned,47,True,True,True,10.522904854023261,False,False,False,False,,,5.009999999999938,0.0,full,0.6424065509628292,1.102805538886461,0.01530017157494401,0.5336705951457427,0.08137972701083997,0.918225109577179
D1,17,learned,48,True,True,True,11.413516314125134,False,False,False,False,,,5.009999999999938,0.0,warmup,0.5085148659503609,1.174116055562226,0.012524448457334926,0.522124395300197,0.07663929115230676,0.9114823937416077
D1,17,learned,49,True,True,True,9.308462309546016,False,False,False,False,,,5.009999999999938,0.0,intermediate,0.45103892656726835,1.2464647082307405,0.011819989040497766,0.5202072297144953,0.07898280091622067,0.9168474674224854
D1,17,learned,50,True,True,True,12.625110915808097,False,False,False,False,,,5.009999999999938,0.0,full,0.3726770816353148,1.4920678302689376,0.023541981067034545,0.3957124385677719,0.03592186141600229,0.6886569857597351
D1,17,learned,51,True,True,True,11.701286455996204,False,False,False,False,,,5.009999999999938,0.0,warmup,0.5121655145357621,1.2468573748815532,0.01304587875123802,0.5237712168296147,0.07922465456859491,0.9045429825782776
D1,17,learned,52,True,True,True,10.391747171495167,False,False,False,False,,,5.009999999999938,0.0,intermediate,0.5619201427171274,1.0007040595710093,0.01493692896672412,0.5252531915825237,0.07691610592937395,0.9743861556053162
D1,17,learned,53,False,True,False,12.245648881074219,False,False,False,False,unstable box motion,timeout,4.259999999999954,0.0,full,0.5243303082272294,0.9612646556452364,0.018115774261301742,0.5278342263027973,0.07696939140558243,0.9153780341148376
D1,17,learned,54,True,True,True,12.352284487040045,False,False,False,False,,,5.009999999999938,0.0,warmup,0.4863359531545361,1.2434969451900522,0.01176859499109779,0.5201097375432921,0.07510548396168383,0.8493554592132568
D1,17,learned,55,True,True,True,10.887714414495012,False,False,False,False,,,5.009999999999938,0.0,intermediate,0.4252483777736942,1.264293204911614,0.010053053700998595,0.5005187891756229,0.06950135497836354,0.9404743313789368
D1,17,learned,56,False,True,False,14.496134810157171,False,False,False,False,unstable box motion,timeout,0.0,0.0,full,0.5295575228792385,1.4527831122188495,29.427811793423825,0.5225089022206802,0.2673974371249122,1.1684390306472778
D1,17,learned,57,True,True,True,12.089647321031064,False,False,False,False,,,5.009999999999938,0.0,warmup,0.5141180905828481,1.2082259258941315,0.012897356578798045,0.5253599462257905,0.07868042650107282,0.8650684952735901
D1,17,learned,58,True,True,True,11.907693488860525,False,False,False,False,,,5.009999999999938,0.0,intermediate,0.44073145090136284,1.0827524946051303,0.01240194799091474,0.5180484605321827,0.06852897853622662,0.7860375642776489
D1,17,learned,59,False,True,False,11.682340763382662,False,False,False,False,unstable box motion,timeout,0.2700000000000001,0.0,full,0.5261049150037435,1.2326145627183616,0.021598789158124108,0.5204321424501177,0.07262665864080191,0.9623972773551941
D1,17,learned,60,True,True,True,13.561786234764439,False,False,False,False,,,5.009999999999938,0.0,warmup,0.5030441815117926,1.235296079410372,0.016194437824292345,0.5234178115771414,0.07336718396357805,0.832878828048706
D1,17,learned,61,True,True,True,11.230013210113963,False,False,False,False,,,5.009999999999938,0.0,intermediate,0.5389551631654701,1.197412975915647,0.014134223663981474,0.5200750064057926,0.07561098771834082,0.9549814462661743
D1,17,learned,62,True,True,True,8.754274005413368,False,False,False,False,,,5.009999999999938,0.0,full,0.37411391740488836,0.778022602554542,0.00769667378776007,0.4997712953877913,0.061102328189298435,0.7387776970863342
D1,17,learned,63,True,True,True,11.699622223052321,False,False,False,False,,,5.009999999999938,0.0,warmup,0.5180958832674765,1.1775949033705304,0.0128561198256609,0.5226632600485301,0.07683115504772925,0.9135259985923767
D1,17,learned,64,True,True,True,11.085984207570624,False,False,False,False,,,5.009999999999938,0.0,intermediate,0.4319834064826628,1.2497602045329117,0.010624512073132546,0.5098239116736774,0.07232935241186661,0.9163328409194946
D1,17,learned,65,True,True,True,10.121864557809117,False,False,False,False,,,5.009999999999938,0.0,full,0.46955263519301244,1.3618770382643257,0.010178350401519029,0.4643326276579096,0.055540775873612426,1.0292606353759766
D1,17,learned,66,True,True,True,12.961542814383314,False,False,False,False,,,5.009999999999938,0.0,warmup,0.5144610774914211,1.2260844704151872,0.01310802216486088,0.5210776411053268,0.07632514447398445,0.8947211503982544
D1,17,learned,67,True,True,True,9.995659481599787,False,False,False,False,,,5.009999999999938,0.0,intermediate,0.4243514781482216,1.2158876925074258,0.010359566913137077,0.5134304456723381,0.07389918651048218,0.88908451795578
D1,17,learned,68,True,True,True,8.917965285928275,False,False,False,False,,,5.009999999999938,0.0,full,0.41267677704972583,0.8528733183238331,0.010623351213026912,0.48681638202388233,0.0625168099191296,1.0372487306594849
D1,17,learned,69,True,True,True,13.593184574816998,False,False,False,False,,,5.009999999999938,0.0,warmup,0.49438308838503003,1.1989058255816771,0.011854331891620594,0.5199906191891532,0.07373878823184385,0.8573235869407654
D1,17,learned,70,True,True,True,11.415203453979135,False,False,False,False,,,5.009999999999938,0.0,intermediate,0.45607536866522447,1.0072921878164434,0.012499229941729974,0.521541274205581,0.07543058787678965,0.8656625151634216
D1,17,learned,71,False,True,False,10.42132875431429,False,False,False,False,unstable box motion,timeout,4.929999999999939,0.0,full,0.4890386342296652,1.3446198045538313,0.014224843807747646,0.48951843562077635,0.06275502850966794,1.0293395519256592
D1,17,learned,72,True,True,True,12.488859459610378,False,False,False,False,,,5.009999999999938,0.0,warmup,0.5181769401123936,1.2214768875486623,0.013575322099948259,0.5183312478433577,0.07315851785890434,0.9067828059196472
D1,17,learned,73,True,True,True,12.30496796825151,False,False,False,False,,,5.009999999999938,0.0,intermediate,0.47561330230223386,1.274057400905906,0.011613339458992056,0.524241443682054,0.07667989731607042,0.8192363977432251
D1,17,learned,74,False,True,False,12.896304438356893,False,False,False,False,unstable box motion,timeout,0.0,0.0,full,0.6302656463012763,1.2363069994594955,29.15446138377286,0.5476067815569409,0.2729906080503549,1.188044548034668
D1,17,learned,75,True,True,True,13.488470568406388,False,False,False,False,,,5.009999999999938,0.0,warmup,0.5128891502103221,1.1693339809485719,0.01277712558171099,0.5179024753690568,0.07316791810393852,0.8849748373031616
D1,17,learned,76,True,True,True,11.026608462722027,False,False,False,False,,,5.009999999999938,0.0,intermediate,0.5029775957233502,1.1173203785729031,0.011433363790875657,0.5316166994403927,0.08139013562938989,0.8302309513092041
D1,17,learned,77,True,True,True,12.81763409710792,False,False,False,False,,,5.009999999999938,0.0,full,0.6217022090206814,1.178149402500111,0.01471403974503502,0.5323518933512695,0.08142155711499016,0.9144037365913391
D1,17,learned,78,True,True,True,12.019823314910925,False,False,False,False,,,5.009999999999938,0.0,warmup,0.48107140492051537,1.2237028225935525,0.01168801303359129,0.5139265565542842,0.07228500870436118,0.882301926612854
D1,17,learned,79,True,True,True,10.497705380297933,False,False,False,False,,,5.009999999999938,0.0,intermediate,0.5582002597826974,1.2360374228455522,0.013924075995983966,0.5318104584754568,0.08247096682850362,0.8850539922714233
D1,17,learned,80,False,True,False,16.86388841849604,False,False,False,False,unstable box motion,timeout,0.0,0.0,full,0.5342840136425704,1.0989328427743525,32.18944693329691,0.5280031647120328,0.18186146110562343,0.8788768649101257
D1,17,learned,81,True,True,True,13.252902735118312,False,False,False,False,,,5.009999999999938,0.0,warmup,0.5198020969208147,1.2222703211615975,0.013615339609816706,0.5195046334683366,0.07494961509562056,0.9009458422660828
D1,17,learned,82,True,True,True,12.98292442525499,False,False,False,False,,,5.009999999999938,0.0,intermediate,0.5418115409414938,1.2476588704407745,0.016110213249289133,0.5198403094940797,0.07151771483895106,0.7861959934234619
D1,17,learned,83,True,True,True,11.093182380948178,False,False,False,False,,,5.009999999999938,0.0,full,0.48067514698452624,1.3134212480291771,0.012687610073298022,0.49189859139774345,0.062375487087451865,0.9810528755187988
D1,17,learned,84,True,True,True,13.110085263548665,False,False,False,False,,,5.009999999999938,0.0,warmup,0.5182181653316911,1.240184064601315,0.011417849588374532,0.5198312949010467,0.0716416560552459,0.8678076267242432
D1,17,learned,85,True,True,True,11.692829834665556,False,False,False,False,,,5.009999999999938,0.0,intermediate,0.4215685252329265,1.096261173554801,0.01157690145010341,0.5045560411788157,0.06125963108357171,0.7770105004310608
D1,17,learned,86,True,True,True,11.266394415973862,False,False,False,False,,,5.009999999999938,0.0,full,0.45929631408227567,1.3403272016459777,0.012805727758769099,0.5208597229031209,0.07762631853684086,0.8372622132301331
D1,17,learned,87,True,True,True,11.53102624323187,False,False,False,False,,,5.009999999999938,0.0,warmup,0.5101437457234121,1.2259015013553074,0.01244797045667338,0.5244330346126438,0.07817114879291641,0.8876571655273438
D1,17,learned,88,True,True,True,12.141378807496602,False,False,False,False,,,5.009999999999938,0.0,intermediate,0.510237487959977,1.36657991163753,0.013539430518812437,0.5244694870492752,0.0771789311022082,0.8708773851394653
D1,17,learned,89,False,True,False,12.161582210433018,False,False,False,False,unstable box motion,timeout,0.0,0.0,full,0.670320389540348,1.0790204426581789,25.946963532182313,0.4415666100457829,0.2189553354085157,1.2262263298034668
D1,17,learned,90,True,True,True,12.730845607178505,False,False,False,False,,,5.009999999999938,0.0,warmup,0.4871652420600959,1.1732984908471253,0.012000799242901785,0.5165648547264027,0.07355053295127957,0.8997732400894165
D1,17,learned,91,True,True,True,13.884047143908784,False,False,False,False,,,5.009999999999938,0.0,intermediate,0.5063899162248642,1.2129222183053707,0.015090445828233157,0.5150157887397967,0.06458603505449123,0.7808712124824524
D1,17,learned,92,True,True,True,9.742516430266884,False,False,False,False,,,5.009999999999938,0.0,full,0.39331817024535876,1.05629062348945,0.0007863239352512178,0.453825401069606,0.0551533585280247,1.0470651388168335
D1,17,learned,93,True,True,True,10.143101785055691,False,False,False,False,,,5.009999999999938,0.0,warmup,0.4809392138214365,1.1890876549511458,0.012237489626821781,0.5205843807832142,0.07797856679341446,0.9068130254745483
D1,17,learned,94,True,True,True,10.68810640116379,False,False,False,False,,,5.009999999999938,0.0,intermediate,0.5615218737550742,1.3768853723217598,0.016456522070116296,0.5145462650727972,0.07260246299700454,0.9777401089668274
D1,17,learned,95,True,True,True,11.260619168944869,False,False,False,False,,,5.009999999999938,0.0,full,0.6818918618697445,0.7643543624064467,0.01575673651357535,0.5295800023927572,0.07390701063625191,0.9777501821517944
D1,17,learned,96,True,True,True,13.167971485316762,False,False,False,False,,,5.009999999999938,0.0,warmup,0.5053135879878038,1.1841457332405028,0.01292011734924428,0.5222778285662293,0.07728810741156855,0.8918188214302063
D1,17,learned,97,True,True,True,11.717896009896968,False,False,False,False,,,5.009999999999938,0.0,intermediate,0.5212111576019438,1.2965194086396024,0.013429879332549017,0.5286016033749302,0.08206122435372451,0.9126731753349304
D1,17,learned,98,True,True,True,7.438049067111612,False,False,False,False,,,5.009999999999938,0.0,full,0.3626765151612195,1.1750646730460341,0.007066381253471256,0.48485803954824674,0.06700784137303178,0.9826065897941589
D1,17,learned,99,True,True,True,13.751456788094462,False,False,False,False,,,5.009999999999938,0.0,warmup,0.4854086464968972,1.192907376054963,0.010624600219569243,0.520197178726911,0.07297289635553517,0.8347094058990479
D1,17,zero,0,True,True,True,11.738354911025425,False,False,False,False,,,5.009999999999938,0.0,warmup,0.5128083197961336,1.1512648415214817,0.020524704885670875,0.0,0.0,0.0
D1,17,zero,1,True,True,True,10.830579550058902,False,False,False,False,,,5.009999999999938,0.0,intermediate,0.5583821710176411,1.2738890168815886,0.021524058705885075,0.0,0.0,0.0
D1,17,zero,2,True,True,True,14.616173209565286,False,False,False,False,,,5.009999999999938,0.0,full,0.42594280942227786,0.9534267532589371,0.01892775203049847,0.0,0.0,0.0
D1,17,zero,3,True,True,True,11.568182226702957,False,False,False,False,,,5.009999999999938,0.0,warmup,0.509978780669319,1.1525834806578006,0.019745057731862987,0.0,0.0,0.0
D1,17,zero,4,True,True,True,12.364718741778496,False,False,False,False,,,5.009999999999938,0.0,intermediate,0.5696580900535205,1.2016692008919285,0.022633081379030535,0.0,0.0,0.0
D1,17,zero,5,True,True,True,13.186414426163863,False,False,False,False,,,5.009999999999938,0.0,full,0.4265115823194439,1.437154991672124,0.01958959302918034,0.0,0.0,0.0
D1,17,zero,6,True,True,True,12.46223287268657,False,False,False,False,,,5.009999999999938,0.0,warmup,0.5075895884587166,1.2407813524535225,0.020192722766563982,0.0,0.0,0.0
D1,17,zero,7,True,True,True,12.261601811426459,False,False,False,False,,,5.009999999999938,0.0,intermediate,0.48690102169905397,1.038737655570714,0.01861121414637554,0.0,0.0,0.0
D1,17,zero,8,True,True,True,14.926811516078901,False,False,False,False,,,5.009999999999938,0.0,full,0.505785052514625,1.5431761150884702,0.020777114905751404,0.0,0.0,0.0
D1,17,zero,9,True,True,True,12.771315230132634,False,False,False,False,,,5.009999999999938,0.0,warmup,0.49479990440431754,1.1688952171756082,0.019264537339446296,0.0,0.0,0.0
D1,17,zero,10,True,True,True,12.521168372504572,False,False,False,False,,,5.009999999999938,0.0,intermediate,0.5579570453338745,1.2889912019305365,0.02131871344685938,0.0,0.0,0.0
D1,17,zero,11,True,True,True,13.487418966169331,False,False,False,False,,,5.009999999999938,0.0,full,0.637714525300757,1.1834188609198721,0.021447244954935992,0.0,0.0,0.0
D1,17,zero,12,True,True,True,11.846786047031546,False,False,False,False,,,5.009999999999938,0.0,warmup,0.5009263118149376,1.2188247958799947,0.01921838984294255,0.0,0.0,0.0
D1,17,zero,13,True,True,True,11.137920408588595,False,False,False,False,,,5.009999999999938,0.0,intermediate,0.5721493389616075,1.0132527290956106,0.020717342775059128,0.0,0.0,0.0
D1,17,zero,14,False,True,False,15.155238321123084,False,False,False,False,unstable box motion,timeout,0.03,0.0,full,0.47084174840317594,1.1668854451158555,0.026557507917864553,0.0,0.0,0.0
D1,17,zero,15,True,True,True,12.399727102133248,False,False,False,False,,,5.009999999999938,0.0,warmup,0.48738766261608873,1.2336237205624674,0.019552985343880152,0.0,0.0,0.0
D1,17,zero,16,True,True,True,10.543584403839262,False,False,False,False,,,5.009999999999938,0.0,intermediate,0.44463355547976935,1.2760410585312312,0.020276664806378623,0.0,0.0,0.0
D1,17,zero,17,True,True,True,15.672199567182052,False,False,False,False,,,5.009999999999938,0.0,full,0.545833674323523,1.1579762526510662,0.017107805017850253,0.0,0.0,0.0
D1,17,zero,18,True,True,True,11.322579746573014,False,False,False,False,,,5.009999999999938,0.0,warmup,0.49298274539423165,1.2346759141610777,0.01925566826692108,0.0,0.0,0.0
D1,17,zero,19,True,True,True,11.155680855521663,False,False,False,False,,,5.009999999999938,0.0,intermediate,0.4838916734878356,1.3374730526845824,0.024876101120294845,0.0,0.0,0.0
D1,17,zero,20,True,True,True,13.026208480181129,False,False,False,False,,,5.009999999999938,0.0,full,0.5020057240424289,0.7954649007207342,0.01789318386298323,0.0,0.0,0.0
D1,17,zero,21,True,True,True,12.683176769608474,False,False,False,False,,,5.009999999999938,0.0,warmup,0.4904104543646842,1.1673474497063143,0.018642198329941247,0.0,0.0,0.0
D1,17,zero,22,True,True,True,10.681627400806933,False,False,False,False,,,5.009999999999938,0.0,intermediate,0.4526350727341898,1.1252112590506311,0.018561166107325437,0.0,0.0,0.0
D1,17,zero,23,True,True,True,16.48203204477007,False,False,False,False,,,5.009999999999938,0.0,full,0.4904961771661215,1.343875645190756,0.019752857920643112,0.0,0.0,0.0
D1,17,zero,24,True,True,True,11.429635162153506,False,False,False,False,,,5.009999999999938,0.0,warmup,0.5109693765412465,1.211283449106051,0.019960664302061885,0.0,0.0,0.0
D1,17,zero,25,True,True,True,11.548916252243453,False,False,False,False,,,5.009999999999938,0.0,intermediate,0.5317344461251952,1.0067531604749642,0.023471311417128774,0.0,0.0,0.0
D1,17,zero,26,True,True,True,13.734417413825255,False,False,False,False,,,5.009999999999938,0.0,full,0.5135364956319597,0.9791037239291087,0.019078146087533176,0.0,0.0,0.0
D1,17,zero,27,True,True,True,13.644535779155124,False,False,False,False,,,5.009999999999938,0.0,warmup,0.48896578770858773,1.2364416551319382,0.019642584295162437,0.0,0.0,0.0
D1,17,zero,28,True,True,True,12.733471125530139,False,False,False,False,,,5.009999999999938,0.0,intermediate,0.46606083056516756,1.0333475627374389,0.018909839435079328,0.0,0.0,0.0
D1,17,zero,29,True,True,True,12.599032010864597,False,False,False,False,,,5.009999999999938,0.0,full,0.4781300590747878,1.1076903259488948,0.017900430311176076,0.0,0.0,0.0
D1,17,zero,30,True,True,True,12.103391048363374,False,False,False,False,,,5.009999999999938,0.0,warmup,0.500472282046089,1.2042566690466316,0.02134140268833359,0.0,0.0,0.0
D1,17,zero,31,True,True,True,9.765438339959955,False,False,False,False,,,5.009999999999938,0.0,intermediate,0.42123466907856777,1.253002323925152,0.02106934490308074,0.0,0.0,0.0
D1,17,zero,32,True,True,True,15.514522121129373,False,False,False,False,,,5.009999999999938,0.0,full,0.49655863214725254,1.0809459611070078,0.020464976506717518,0.0,0.0,0.0
D1,17,zero,33,True,True,True,12.160583709270684,False,False,False,False,,,5.009999999999938,0.0,warmup,0.4824355574271533,1.21891463319844,0.01879245097104759,0.0,0.0,0.0
D1,17,zero,34,True,True,True,12.147443313738606,False,False,False,False,,,5.009999999999938,0.0,intermediate,0.5593516103811621,1.3360529847388807,0.024879432704356705,0.0,0.0,0.0
D1,17,zero,35,True,True,True,13.55928262275364,False,False,False,False,,,5.009999999999938,0.0,full,0.5821520363062294,0.9352893720189832,0.018317930834546144,0.0,0.0,0.0
D1,17,zero,36,True,True,True,13.716412862449031,False,False,False,False,,,5.009999999999938,0.0,warmup,0.49003588725688896,1.1949944693625023,0.01796843022675573,0.0,0.0,0.0
D1,17,zero,37,True,True,True,11.095700036819728,False,False,False,False,,,5.009999999999938,0.0,intermediate,0.47202966125532003,1.0718062194041447,0.018868581266375584,0.0,0.0,0.0
D1,17,zero,38,True,True,True,13.880949274654087,False,False,False,False,,,5.009999999999938,0.0,full,0.39720311956649396,1.1780777381288443,0.019673506655049418,0.0,0.0,0.0
D1,17,zero,39,True,True,True,11.526520114446598,False,False,False,False,,,5.009999999999938,0.0,warmup,0.48760734892737573,1.2436457867865334,0.019385065029217455,0.0,0.0,0.0
D1,17,zero,40,True,True,True,12.061099445506247,False,False,False,False,,,5.009999999999938,0.0,intermediate,0.4697590305539757,1.000828031345263,0.017596014798999617,0.0,0.0,0.0
D1,17,zero,41,True,True,True,11.504657684614092,False,False,False,False,,,5.009999999999938,0.0,full,0.5399893072381774,1.543457179043201,0.02173951781237901,0.0,0.0,0.0
D1,17,zero,42,True,True,True,12.897892983577803,False,False,False,False,,,5.009999999999938,0.0,warmup,0.4885757854329753,1.2269349832847654,0.019759561578133057,0.0,0.0,0.0
D1,17,zero,43,True,True,True,12.537669787151682,False,False,False,False,,,5.009999999999938,0.0,intermediate,0.5760872145672483,1.17039712756378,0.020583550771206962,0.0,0.0,0.0
D1,17,zero,44,False,True,False,15.096611338962546,False,False,False,False,unstable box motion,timeout,4.319999999999952,0.0,full,0.38303639555873803,1.338079672902308,0.024257387971864056,0.0,0.0,0.0
D1,17,zero,45,True,True,True,11.375084214706135,False,False,False,False,,,5.009999999999938,0.0,warmup,0.49174394141055583,1.2240044962498438,0.021107896776920747,0.0,0.0,0.0
D1,17,zero,46,True,True,True,12.188356921533073,False,False,False,False,,,5.009999999999938,0.0,intermediate,0.43827127758724876,1.208110249995769,0.019624434893668836,0.0,0.0,0.0
D1,17,zero,47,True,True,True,12.631155603772365,False,False,False,False,,,5.009999999999938,0.0,full,0.6424065509628292,1.102805538886461,0.02234347624032534,0.0,0.0,0.0
D1,17,zero,48,True,True,True,12.103540904387291,False,False,False,False,,,5.009999999999938,0.0,warmup,0.5085148659503609,1.174116055562226,0.019925626213098395,0.0,0.0,0.0
D1,17,zero,49,False,True,False,10.888682556938575,False,False,False,False,unstable box motion,timeout,4.9199999999999395,0.0,intermediate,0.45103892656726835,1.2464647082307405,0.023403004107901977,0.0,0.0,0.0
D1,17,zero,50,True,True,True,12.871844227990742,False,False,False,False,,,5.009999999999938,0.0,full,0.3726770816353148,1.4920678302689376,0.018474518983907312,0.0,0.0,0.0
D1,17,zero,51,True,True,True,12.593188389920833,False,False,False,False,,,5.009999999999938,0.0,warmup,0.5121655145357621,1.2468573748815532,0.021948901648773615,0.0,0.0,0.0
D1,17,zero,52,True,True,True,11.146518413117931,False,False,False,False,,,5.009999999999938,0.0,intermediate,0.5619201427171274,1.0007040595710093,0.020153368232881087,0.0,0.0,0.0
D1,17,zero,53,False,True,False,10.933532139994828,False,False,False,False,unstable box motion,timeout,0.0,0.0,full,0.5243303082272294,0.9612646556452364,0.02704959192079744,0.0,0.0,0.0
D1,17,zero,54,True,True,True,11.645497721620153,False,False,False,False,,,5.009999999999938,0.0,warmup,0.4863359531545361,1.2434969451900522,0.019740720266721527,0.0,0.0,0.0
D1,17,zero,55,True,True,True,10.372984641335833,False,False,False,False,,,5.009999999999938,0.0,intermediate,0.4252483777736942,1.264293204911614,0.019829078470073987,0.0,0.0,0.0
D1,17,zero,56,True,True,True,15.660273121656271,False,False,False,False,,,5.009999999999938,0.0,full,0.5295575228792385,1.4527831122188495,0.02125027016567552,0.0,0.0,0.0
D1,17,zero,57,True,True,True,11.664993813367882,False,False,False,False,,,5.009999999999938,0.0,warmup,0.5141180905828481,1.2082259258941315,0.020046614578491457,0.0,0.0,0.0
D1,17,zero,58,True,True,True,12.833310439344888,False,False,False,False,,,5.009999999999938,0.0,intermediate,0.44073145090136284,1.0827524946051303,0.017661037809848682,0.0,0.0,0.0
D1,17,zero,59,False,True,False,10.786813377918,False,False,False,False,unstable box motion,timeout,0.0,0.0,full,0.5261049150037435,1.2326145627183616,0.028961401730140612,0.0,0.0,0.0
D1,17,zero,60,True,True,True,14.057405083535322,False,False,False,False,,,5.009999999999938,0.0,warmup,0.5030441815117926,1.235296079410372,0.01947456560739661,0.0,0.0,0.0
D1,17,zero,61,True,True,True,11.722104758643887,False,False,False,False,,,5.009999999999938,0.0,intermediate,0.5389551631654701,1.197412975915647,0.0213238570614697,0.0,0.0,0.0
D1,17,zero,62,True,True,True,10.638377386630937,False,False,False,False,,,5.009999999999938,0.0,full,0.37411391740488836,0.778022602554542,0.01676448897332273,0.0,0.0,0.0
D1,17,zero,63,True,True,True,12.649191696082571,False,False,False,False,,,5.009999999999938,0.0,warmup,0.5180958832674765,1.1775949033705304,0.021361247207560653,0.0,0.0,0.0
D1,17,zero,64,True,True,True,10.973253038263325,False,False,False,False,,,5.009999999999938,0.0,intermediate,0.4319834064826628,1.2497602045329117,0.021161324741186725,0.0,0.0,0.0
D1,17,zero,65,True,True,True,15.340810501620641,False,False,False,False,,,5.009999999999938,0.0,full,0.46955263519301244,1.3618770382643257,0.01980480690814856,0.0,0.0,0.0
D1,17,zero,66,True,True,True,12.677741184117474,False,False,False,False,,,5.009999999999938,0.0,warmup,0.5144610774914211,1.2260844704151872,0.020090461804586887,0.0,0.0,0.0
D1,17,zero,67,True,True,True,11.289540440513754,False,False,False,False,,,5.009999999999938,0.0,intermediate,0.4243514781482216,1.2158876925074258,0.01831588588599263,0.0,0.0,0.0
D1,17,zero,68,True,True,True,15.368647798306753,False,False,False,False,,,5.009999999999938,0.0,full,0.41267677704972583,0.8528733183238331,0.01889109077635428,0.0,0.0,0.0
D1,17,zero,69,True,True,True,13.02834171804609,False,False,False,False,,,5.009999999999938,0.0,warmup,0.49438308838503003,1.1989058255816771,0.02116964247775522,0.0,0.0,0.0
D1,17,zero,70,True,True,True,12.037024274117723,False,False,False,False,,,5.009999999999938,0.0,intermediate,0.45607536866522447,1.0072921878164434,0.0192772741060451,0.0,0.0,0.0
D1,17,zero,71,False,True,False,15.433544709994084,False,False,False,False,unstable box motion,timeout,4.989999999999938,0.0,full,0.4890386342296652,1.3446198045538313,0.022905367738605516,0.0,0.0,0.0
D1,17,zero,72,True,True,True,11.253358843153073,False,False,False,False,,,5.009999999999938,0.0,warmup,0.5181769401123936,1.2214768875486623,0.021342074279822477,0.0,0.0,0.0
D1,17,zero,73,True,True,True,12.704304638292744,False,False,False,False,,,5.009999999999938,0.0,intermediate,0.47561330230223386,1.274057400905906,0.019915115891681334,0.0,0.0,0.0
D1,17,zero,74,False,True,False,16.170052108648875,False,False,False,False,unstable box motion,timeout,0.0,0.0,full,0.6302656463012763,1.2363069994594955,23.177463378213357,0.0,0.0,0.0
D1,17,zero,75,True,True,True,11.439538438209095,False,False,False,False,,,5.009999999999938,0.0,warmup,0.5128891502103221,1.1693339809485719,0.021418575610176786,0.0,0.0,0.0
D1,17,zero,76,True,True,True,13.65858490353449,False,False,False,False,,,5.009999999999938,0.0,intermediate,0.5029775957233502,1.1173203785729031,0.02069733803756278,0.0,0.0,0.0
D1,17,zero,77,True,True,True,12.9885380553889,False,False,False,False,,,5.009999999999938,0.0,full,0.6217022090206814,1.178149402500111,0.02167264268834317,0.0,0.0,0.0
D1,17,zero,78,True,True,True,11.579932007309846,False,False,False,False,,,5.009999999999938,0.0,warmup,0.48107140492051537,1.2237028225935525,0.02093420330393901,0.0,0.0,0.0
D1,17,zero,79,True,True,True,13.327972300868613,False,False,False,False,,,5.009999999999938,0.0,intermediate,0.5582002597826974,1.2360374228455522,0.022487497815232696,0.0,0.0,0.0
D1,17,zero,80,True,True,True,16.79779276338605,False,False,False,False,,,5.009999999999938,0.0,full,0.5342840136425704,1.0989328427743525,0.01937287022145817,0.0,0.0,0.0
D1,17,zero,81,True,True,True,11.702742204433184,False,False,False,False,,,5.009999999999938,0.0,warmup,0.5198020969208147,1.2222703211615975,0.0213072660232238,0.0,0.0,0.0
D1,17,zero,82,True,True,True,12.239620224079825,False,False,False,False,,,5.009999999999938,0.0,intermediate,0.5418115409414938,1.2476588704407745,0.024569543678928565,0.0,0.0,0.0
D1,17,zero,83,True,True,True,11.423128473811131,False,False,False,False,,,5.009999999999938,0.0,full,0.48067514698452624,1.3134212480291771,0.01974474007279419,0.0,0.0,0.0
D1,17,zero,84,True,True,True,13.588868421141397,False,False,False,False,,,5.009999999999938,0.0,warmup,0.5182181653316911,1.240184064601315,0.019831222033441214,0.0,0.0,0.0
D1,17,zero,85,True,True,True,11.356662981263307,False,False,False,False,,,5.009999999999938,0.0,intermediate,0.4215685252329265,1.096261173554801,0.01684891901132032,0.0,0.0,0.0
D1,17,zero,86,True,True,True,12.991816402205323,False,False,False,False,,,5.009999999999938,0.0,full,0.45929631408227567,1.3403272016459777,0.02044558400660955,0.0,0.0,0.0
D1,17,zero,87,True,True,True,12.987130020782711,False,False,False,False,,,5.009999999999938,0.0,warmup,0.5101437457234121,1.2259015013553074,0.020767704750459248,0.0,0.0,0.0
D1,17,zero,88,True,True,True,13.57414980434687,False,False,False,False,,,5.009999999999938,0.0,intermediate,0.510237487959977,1.36657991163753,0.021568404595461662,0.0,0.0,0.0
D1,17,zero,89,True,True,True,13.648355069340372,False,False,False,False,,,5.009999999999938,0.0,full,0.670320389540348,1.0790204426581789,0.020731911146645784,0.0,0.0,0.0
D1,17,zero,90,True,True,True,12.41082013218532,False,False,False,False,,,5.009999999999938,0.0,warmup,0.4871652420600959,1.1732984908471253,0.0192726020695391,0.0,0.0,0.0
D1,17,zero,91,True,True,True,13.973000566125918,False,False,False,False,,,5.009999999999938,0.0,intermediate,0.5063899162248642,1.2129222183053707,0.021088217757763466,0.0,0.0,0.0
D1,17,zero,92,True,True,True,15.406735437934145,False,False,False,False,,,5.009999999999938,0.0,full,0.39331817024535876,1.05629062348945,0.021598286396971207,0.0,0.0,0.0
D1,17,zero,93,True,True,True,12.04264228239495,False,False,False,False,,,5.009999999999938,0.0,warmup,0.4809392138214365,1.1890876549511458,0.019615753589066653,0.0,0.0,0.0
D1,17,zero,94,True,True,True,11.194654704593827,False,False,False,False,,,5.009999999999938,0.0,intermediate,0.5615218737550742,1.3768853723217598,0.02209375225901859,0.0,0.0,0.0
D1,17,zero,95,True,True,True,10.858965838949505,False,False,False,False,,,5.009999999999938,0.0,full,0.6818918618697445,0.7643543624064467,0.01789121460884787,0.0,0.0,0.0
D1,17,zero,96,True,True,True,11.483098209468753,False,False,False,False,,,5.009999999999938,0.0,warmup,0.5053135879878038,1.1841457332405028,0.019967508628679808,0.0,0.0,0.0
D1,17,zero,97,False,True,False,11.251177835403844,False,False,False,False,unstable box motion,timeout,0.3000000000000001,0.0,intermediate,0.5212111576019438,1.2965194086396024,0.026252759252292687,0.0,0.0,0.0
D1,17,zero,98,True,True,True,14.224999763186673,False,False,False,False,,,5.009999999999938,0.0,full,0.3626765151612195,1.1750646730460341,0.018789776779400906,0.0,0.0,0.0
D1,17,zero,99,True,True,True,13.715144922363443,False,False,False,False,,,5.009999999999938,0.0,warmup,0.4854086464968972,1.192907376054963,0.01923333992859854,0.0,0.0,0.0
D1,27,learned,0,True,True,True,11.925679714574422,False,False,False,False,,,5.009999999999938,0.0,warmup,0.5128083197961336,1.1512648415214817,0.0192220097315784,0.5024906864769865,0.05169504675547795,0.8707301020622253
D1,27,learned,1,True,True,True,11.71928471845537,False,False,False,False,,,5.009999999999938,0.0,intermediate,0.5583821710176411,1.2738890168815886,0.03061166513457484,0.5029122386742655,0.05305346818106949,0.9392385482788086
D1,27,learned,2,True,True,True,9.188334846867527,False,False,False,False,,,5.009999999999938,0.0,full,0.42594280942227786,0.9534267532589371,0.021516455738042582,0.5016006629697763,0.05089039028649336,0.9976388216018677
D1,27,learned,3,True,True,True,12.046375589120949,False,False,False,False,,,5.009999999999938,0.0,warmup,0.509978780669319,1.1525834806578006,0.02546726816428222,0.5026212412679258,0.054831464178624036,0.9064134359359741
D1,27,learned,4,True,True,True,10.959483944918997,False,False,False,False,,,5.009999999999938,0.0,intermediate,0.5696580900535205,1.2016692008919285,0.023645188403717158,0.5021759949460881,0.053397668563649525,0.8834519982337952
D1,27,learned,5,False,True,False,13.155133315612353,False,False,False,False,unstable box motion,timeout,0.0,0.0,full,0.4265115823194439,1.437154991672124,17.71394877786308,0.5060867461881594,0.2189847017372293,1.1919828653335571
D1,27,learned,6,True,True,True,11.462721465786801,False,False,False,False,,,5.009999999999938,0.0,warmup,0.5075895884587166,1.2407813524535225,0.022087315955894454,0.502485212726911,0.05260132738515406,0.8847533464431763
D1,27,learned,7,True,True,True,11.523742466618726,False,False,False,False,,,5.009999999999938,0.0,intermediate,0.48690102169905397,1.038737655570714,0.01490187771077766,0.5024397790026812,0.04851461996133468,0.7545979619026184
D1,27,learned,8,False,True,False,13.162696795073233,False,False,False,False,unstable box motion,timeout,0.0,0.0,full,0.505785052514625,1.5431761150884702,31.97254006652975,0.5058733183000509,0.3018812563928909,1.3160709142684937
D1,27,learned,9,True,True,True,10.79046751916613,False,False,False,False,,,5.009999999999938,0.0,warmup,0.49479990440431754,1.1688952171756082,0.018551719555527292,0.5025179661475597,0.05181364492455032,0.8451820015907288
D1,27,learned,10,True,True,True,11.202561446829096,False,False,False,False,,,5.009999999999938,0.0,intermediate,0.5579570453338745,1.2889912019305365,0.03049452314847363,0.502865323826952,0.053752398564423584,0.8620344400405884
D1,27,learned,11,False,True,False,13.399084577002139,False,False,False,False,unstable box motion,timeout,0.0,0.0,full,0.637714525300757,1.1834188609198721,58.75265559549564,0.48132140645601457,0.4716819922639323,1.2894322872161865
D1,27,learned,12,True,True,True,12.347501668411072,False,False,False,False,,,5.009999999999938,0.0,warmup,0.5009263118149376,1.2188247958799947,0.019273996407531063,0.5028668297010787,0.05024354685063063,0.8331025242805481
D1,27,learned,13,True,True,True,10.953802178908438,False,False,False,False,,,5.009999999999938,0.0,intermediate,0.5721493389616075,1.0132527290956106,0.027434959734824876,0.5019159508155733,0.057122329044012495,0.9591453671455383
D1,27,learned,14,False,True,False,9.501400259289136,False,False,False,False,unstable box motion,timeout,4.789999999999942,0.0,full,0.47084174840317594,1.1668854451158555,0.026677703266546966,0.500990111024503,0.04837634714586394,0.9941321611404419
D1,27,learned,15,True,True,True,10.956477564198684,False,False,False,False,,,5.009999999999938,0.0,warmup,0.48738766261608873,1.2336237205624674,0.020327572346760536,0.5024520126096559,0.05140380851258772,0.8659929633140564
D1,27,learned,16,True,True,True,11.54043779830908,False,False,False,False,,,5.009999999999938,0.0,intermediate,0.44463355547976935,1.2760410585312312,0.026398301624444617,0.5024316810517367,0.052543252946053165,0.9314810037612915
D1,27,learned,17,False,True,False,14.39306960948014,False,False,False,False,unstable box motion,timeout,0.0,0.0,full,0.545833674323523,1.1579762526510662,42.36299935022414,0.5038096444852069,0.3324311699292489,1.1307275295257568
D1,27,learned,18,True,True,True,11.182108091947216,False,False,False,False,,,5.009999999999938,0.0,warmup,0.49298274539423165,1.2346759141610777,0.019585943694228312,0.502425340764606,0.05317678029792351,0.8284626007080078
D1,27,learned,19,False,True,False,10.80746129161519,False,False,False,False,unstable box motion,timeout,4.959999999999939,0.0,intermediate,0.4838916734878356,1.3374730526845824,0.027576031195953074,0.5019115984900017,0.050408960566190736,0.9547885656356812
D1,27,learned,20,True,True,True,10.813922472387947,False,False,False,False,,,5.009999999999938,0.0,full,0.5020057240424289,0.7954649007207342,0.01799375290130473,0.4998093767882172,0.05142413034119843,0.8657523393630981
D1,27,learned,21,True,True,True,10.890917845135537,False,False,False,False,,,5.009999999999938,0.0,warmup,0.4904104543646842,1.1673474497063143,0.01861330351739796,0.5026977219535131,0.05212389627637199,0.8447265625
D1,27,learned,22,True,True,True,10.633492599861302,False,False,False,False,,,5.009999999999938,0.0,intermediate,0.4526350727341898,1.1252112590506311,0.018715886120631978,0.5022806022736502,0.050300741469254714,0.8664563894271851
D1,27,learned,23,False,True,False,13.926374100057124,False,False,False,False,unstable box motion,timeout,0.0,0.0,full,0.4904961771661215,1.343875645190756,18.52457108151558,0.5062951021226672,0.21796610907385391,1.1383401155471802
D1,27,learned,24,True,True,True,11.22343613347769,False,False,False,False,,,5.009999999999938,0.0,warmup,0.5109693765412465,1.211283449106051,0.026226256311976778,0.502608288272789,0.053806684222307395,0.8824917078018188
D1,27,learned,25,True,True,True,10.479841583045012,False,False,False,False,,,5.009999999999938,0.0,intermediate,0.5317344461251952,1.0067531604749642,0.018540902565031606,0.5020358287864086,0.05403439422510275,0.8354193568229675
D1,27,learned,26,False,True,False,13.685794921141934,True,False,False,False,unstable box motion,timeout,0.0,0.0,full,0.5135364956319597,0.9791037239291087,44.31834057977676,0.5159919428025155,0.3456393483706883,1.2266807556152344
D1,27,learned,27,True,True,True,10.866651619086069,False,False,False,False,,,5.009999999999938,0.0,warmup,0.48896578770858773,1.2364416551319382,0.018955285772665243,0.5026042747715168,0.05152578492312224,0.8469683527946472
D1,27,learned,28,True,True,True,12.714709893082498,False,False,False,False,,,5.009999999999938,0.0,intermediate,0.46606083056516756,1.0333475627374389,0.019461587413128197,0.5013334995835325,0.052716974530140966,0.8509215712547302
D1,27,learned,29,True,True,True,13.302439551614286,False,False,False,False,,,5.009999999999938,0.0,full,0.4781300590747878,1.1076903259488948,0.017662296024774947,0.5024811959125438,0.04978093786938292,0.861149251461029
D1,27,learned,30,True,True,True,11.078283785204418,False,False,False,False,,,5.009999999999938,0.0,warmup,0.500472282046089,1.2042566690466316,0.018819113802431047,0.5025637825648434,0.052224825663142835,0.8426666855812073
D1,27,learned,31,True,True,True,8.76408461904234,False,False,False,False,,,5.009999999999938,0.0,intermediate,0.42123466907856777,1.253002323925152,0.025905626220795164,0.5024056420585055,0.05334829426476661,0.915503740310669
D1,27,learned,32,False,True,False,10.219067805826134,False,False,False,False,unstable box motion,timeout,4.569999999999947,0.0,full,0.49655863214725254,1.0809459611070078,0.025658373859210878,0.501024804702657,0.05026003225174333,1.0244488716125488
D1,27,learned,33,True,True,True,12.157705907352087,False,False,False,False,,,5.009999999999938,0.0,warmup,0.4824355574271533,1.21891463319844,0.02008481586273075,0.5026275737382652,0.05011091775310188,0.8256668448448181
D1,27,learned,34,True,True,True,11.858061634216586,False,False,False,False,,,5.009999999999938,0.0,intermediate,0.5593516103811621,1.3360529847388807,0.032711542782300575,0.5025807408846166,0.05301497139957514,0.9564051032066345
D1,27,learned,35,False,True,False,12.544406738363211,False,False,False,False,unstable box motion,timeout,0.0,0.0,full,0.5821520363062294,0.9352893720189832,50.40893275592423,0.5036617920709183,0.3614207105890715,1.2591466903686523
D1,27,learned,36,True,True,True,12.568188558637619,False,False,False,False,,,5.009999999999938,0.0,warmup,0.49003588725688896,1.1949944693625023,0.018670117543712252,0.5024922182634243,0.04994389570490522,0.8258790969848633
D1,27,learned,37,True,True,True,11.702298289493985,False,False,False,False,,,5.009999999999938,0.0,intermediate,0.47202966125532003,1.0718062194041447,0.02402367993173893,0.5022968515644959,0.05366366195073425,0.9306909441947937
D1,27,learned,38,False,True,False,13.72438359909837,False,False,False,False,contact loss,timeout,0.0,0.0,full,0.39720311956649396,1.1780777381288443,18.13156841122222,0.5047818118080992,0.20890352051971214,1.1354923248291016
D1,27,learned,39,True,True,True,11.637645711018543,False,False,False,False,,,5.009999999999938,0.0,warmup,0.48760734892737573,1.2436457867865334,0.020740717862647792,0.5023766883230483,0.05194784731281047,0.8624927401542664
D1,27,learned,40,True,True,True,13.151092104494019,False,False,False,False,,,5.009999999999938,0.0,intermediate,0.4697590305539757,1.000828031345263,0.020475059569240575,0.5014374305361231,0.04828278573655739,0.8001842498779297
D1,27,learned,41,True,True,True,11.647151378709209,False,False,False,False,,,5.009999999999938,0.0,full,0.5399893072381774,1.543457179043201,0.032491463543368494,0.5030945196031718,0.04912920530515317,0.942267894744873
D1,27,learned,42,True,True,True,10.844591197041877,False,False,False,False,,,5.009999999999938,0.0,warmup,0.4885757854329753,1.2269349832847654,0.018852401593786386,0.5025790364075037,0.05192710686743213,0.8443682789802551
D1,27,learned,43,True,True,True,12.585086264805103,False,False,False,False,,,5.009999999999938,0.0,intermediate,0.5760872145672483,1.17039712756378,0.02153320520358624,0.5024827990910836,0.0499555520809311,0.962070643901825
D1,27,learned,44,False,True,False,8.329667563982602,False,False,False,False,unstable box motion,timeout,4.789999999999942,0.0,full,0.38303639555873803,1.338079672902308,0.025421622370666527,0.5010178173331827,0.04746757017980729,1.010631799697876
D1,27,learned,45,True,True,True,11.20777315058737,False,False,False,False,,,5.009999999999938,0.0,warmup,0.49174394141055583,1.2240044962498438,0.024926373880376378,0.5028726109065522,0.052534267173072545,0.8936058282852173
D1,27,learned,46,True,True,True,12.052757247851195,False,False,False,False,,,5.009999999999938,0.0,intermediate,0.43827127758724876,1.208110249995769,0.02404136713990885,0.5030654110430245,0.04950237059078756,0.8981069922447205
D1,27,learned,47,False,True,False,12.461118219086616,False,False,False,False,unstable box motion,timeout,0.0,0.0,full,0.6424065509628292,1.102805538886461,8.698025776614742,0.5033597995824425,0.09702824418566057,0.9115847945213318
D1,27,learned,48,True,True,True,11.939131761550602,False,False,False,False,,,5.009999999999938,0.0,warmup,0.5085148659503609,1.174116055562226,0.025849108356314817,0.5026983008517011,0.05424519290239845,0.9046844244003296
D1,27,learned,49,False,True,False,10.339787552286419,False,False,False,False,unstable box motion,timeout,4.959999999999939,0.0,intermediate,0.45103892656726835,1.2464647082307405,0.02625246880328999,0.5020461224057343,0.04925960555805692,0.9103002548217773
D1,27,learned,50,False,True,False,12.542421369709675,False,False,False,False,unstable box motion,timeout,0.0,0.0,full,0.3726770816353148,1.4920678302689376,10.509139818003646,0.503985912690659,0.10215718520406102,0.9924010038375854
D1,27,learned,51,True,True,True,10.800589114575544,False,False,False,False,,,5.009999999999938,0.0,warmup,0.5121655145357621,1.2468573748815532,0.027079179300524937,0.5027033157028786,0.055541063629513845,0.8977717161178589
D1,27,learned,52,True,True,True,9.881814923049337,False,False,False,False,,,5.009999999999938,0.0,intermediate,0.5619201427171274,1.0007040595710093,0.02452046266257518,0.5017037352618147,0.05742042642295695,0.9691613912582397
D1,27,learned,53,True,True,True,10.443262217030416,False,False,False,False,,,5.009999999999938,0.0,full,0.5243303082272294,0.9612646556452364,0.021326963505419218,0.5005245208016423,0.055096034696769144,0.9087211489677429
D1,27,learned,54,True,True,True,10.672500206740162,False,False,False,False,,,5.009999999999938,0.0,warmup,0.4863359531545361,1.2434969451900522,0.0193038701740425,0.5026381085140345,0.051828849569613956,0.8419957756996155
D1,27,learned,55,False,True,False,10.679942980842544,False,False,False,False,unstable box motion,timeout,4.9199999999999395,0.0,intermediate,0.4252483777736942,1.264293204911614,0.026459320670518698,0.5021581982211878,0.04921223174514515,0.9340648055076599
D1,27,learned,56,False,True,False,16.420539207411036,False,False,False,False,unstable box motion,timeout,0.0,0.0,full,0.5295575228792385,1.4527831122188495,39.137518105623,0.5148959534448418,0.31054667246394924,1.1459870338439941
D1,27,learned,57,True,True,True,11.75907865493134,False,False,False,False,,,5.009999999999938,0.0,warmup,0.5141180905828481,1.2082259258941315,0.020849304747166227,0.5024600298878659,0.05310108229301893,0.8576922416687012
D1,27,learned,58,True,True,True,11.166158119931744,False,False,False,False,,,5.009999999999938,0.0,intermediate,0.44073145090136284,1.0827524946051303,0.02078700596926834,0.5021147856352451,0.04703957222326896,0.7779662013053894
D1,27,learned,59,False,True,False,10.198656141018297,False,False,False,False,unstable box motion,timeout,0.4300000000000002,0.0,full,0.5261049150037435,1.2326145627183616,0.032347785016713815,0.5010998196002848,0.049349372824653986,0.9563859105110168
D1,27,learned,60,True,True,True,12.668094669921281,False,False,False,False,,,5.009999999999938,0.0,warmup,0.5030441815117926,1.235296079410372,0.01975834527206235,0.5027402677875341,0.05129242576949764,0.825168788433075
D1,27,learned,61,True,True,True,10.880181630087844,False,False,False,False,,,5.009999999999938,0.0,intermediate,0.5389551631654701,1.197412975915647,0.02810954436074452,0.5025770030092513,0.05444923259865362,0.9486792087554932
D1,27,learned,62,True,True,True,9.772990818674877,False,False,False,False,,,5.009999999999938,0.0,full,0.37411391740488836,0.778022602554542,0.019422931552974004,0.5029486577697541,0.04673665150848919,0.7309250235557556
D1,27,learned,63,True,True,True,12.407803567800656,False,False,False,False,,,5.009999999999938,0.0,warmup,0.5180958832674765,1.1775949033705304,0.0259882844797382,0.5027551200005,0.05453356382248428,0.9066749811172485
D1,27,learned,64,True,True,True,11.364410037614967,False,False,False,False,,,5.009999999999938,0.0,intermediate,0.4319834064826628,1.2497602045329117,0.0251388721125834,0.5026661745211926,0.05306956838527119,0.9093323945999146
D1,27,learned,65,True,True,True,10.127689913019829,False,False,False,False,,,5.009999999999938,0.0,full,0.46955263519301244,1.3618770382643257,0.026761011106152286,0.5022746261028951,0.04953380071807628,1.0243812799453735
D1,27,learned,66,True,True,True,11.611431980477228,False,False,False,False,,,5.009999999999938,0.0,warmup,0.5144610774914211,1.2260844704151872,0.022312852507976464,0.5025471940842902,0.05286004592916129,0.8878704309463501
D1,27,learned,67,True,True,True,11.168104369210383,False,False,False,False,,,5.009999999999938,0.0,intermediate,0.4243514781482216,1.2158876925074258,0.02470458031424433,0.5030185880107053,0.05091108732717478,0.8822330832481384
D1,27,learned,68,True,True,True,8.928433412223207,False,False,False,False,,,5.009999999999938,0.0,full,0.41267677704972583,0.8528733183238331,0.021338856534177757,0.5010858271702062,0.053783160792344645,1.0326119661331177
D1,27,learned,69,True,True,True,12.162877150531536,False,False,False,False,,,5.009999999999938,0.0,warmup,0.49438308838503003,1.1989058255816771,0.024314035740523775,0.5028775044079316,0.05211099095531451,0.8498676419258118
D1,27,learned,70,True,True,True,11.008600001804346,False,False,False,False,,,5.009999999999938,0.0,intermediate,0.45607536866522447,1.0072921878164434,0.020727026853240415,0.5025574653544209,0.05104325797122707,0.858184278011322
D1,27,learned,71,False,True,False,10.425840734086403,False,False,False,False,unstable box motion,timeout,4.759999999999943,0.0,full,0.4890386342296652,1.3446198045538313,0.02837846919215024,0.5011057645418365,0.048999310996649524,1.0245567560195923
D1,27,learned,72,True,True,True,12.252408316178109,False,False,False,False,,,5.009999999999938,0.0,warmup,0.5181769401123936,1.2214768875486623,0.026637167279113055,0.5029427897306332,0.052817145699953445,0.8997044563293457
D1,27,learned,73,True,True,True,11.232420766523152,False,False,False,False,,,5.009999999999938,0.0,intermediate,0.47561330230223386,1.274057400905906,0.019111853188270647,0.5021946620493545,0.0504630736541003,0.8113120794296265
D1,27,learned,74,False,True,False,13.296452443077705,False,False,False,False,unstable box motion,timeout,0.0,0.0,full,0.6302656463012763,1.2363069994594955,45.962165610282774,0.5177282093861637,0.34532064444784605,1.1218867301940918
D1,27,learned,75,True,True,True,13.109932477380472,False,False,False,False,,,5.009999999999938,0.0,warmup,0.5128891502103221,1.1693339809485719,0.02520002656443894,0.5029437232943912,0.05305228385140044,0.8778398036956787
D1,27,learned,76,True,True,True,11.878869136621592,False,False,False,False,,,5.009999999999938,0.0,intermediate,0.5029775957233502,1.1173203785729031,0.018841863612100582,0.5021019812926069,0.05452620394254763,0.8225089907646179
D1,27,learned,77,True,True,True,11.395133176402322,False,False,False,False,,,5.009999999999938,0.0,full,0.6217022090206814,1.178149402500111,0.03317487888995116,0.5023745464025463,0.05244255888071294,0.9076868891716003
D1,27,learned,78,True,True,True,12.87035546334377,False,False,False,False,,,5.009999999999938,0.0,warmup,0.48107140492051537,1.2237028225935525,0.025006086286201216,0.5029328857215529,0.05226873888036693,0.8750842809677124
D1,27,learned,79,True,True,True,11.423181377882171,False,False,False,False,,,5.009999999999938,0.0,intermediate,0.5582002597826974,1.2360374228455522,0.02324308457490365,0.5019040290125943,0.05364706408045309,0.8774967193603516
D1,27,learned,80,False,True,False,15.787740439431733,False,False,False,False,unstable box motion,timeout,0.0,0.0,full,0.5342840136425704,1.0989328427743525,37.55446609691342,0.5041987636770137,0.30527156408077905,1.1402077674865723
D1,27,learned,81,True,True,True,11.584618005084227,False,False,False,False,,,5.009999999999938,0.0,warmup,0.5198020969208147,1.2222703211615975,0.02514724703262649,0.5024380446265057,0.05201547948046224,0.8938664197921753
D1,27,learned,82,False,True,False,11.922481566672307,False,False,False,False,unstable box motion,timeout,0.0,0.0,intermediate,0.5418115409414938,1.2476588704407745,8.85368774015639,0.5020839581942045,0.09187488637731543,0.8376244902610779
D1,27,learned,83,True,True,True,11.468500941520233,False,False,False,False,,,5.009999999999938,0.0,full,0.48067514698452624,1.3134212480291771,0.02562393851841172,0.5026011669229047,0.04932995157226199,0.9752669334411621
D1,27,learned,84,True,True,True,12.323294546002732,False,False,False,False,,,5.009999999999938,0.0,warmup,0.5182181653316911,1.240184064601315,0.020816463051330242,0.502438303642471,0.05295205595508965,0.8602899312973022
D1,27,learned,85,False,True,False,10.666405361564344,False,False,False,False,unstable box motion,timeout,4.989999999999938,0.0,intermediate,0.4215685252329265,1.096261173554801,0.017956109152729816,0.502189436230646,0.0460343587944018,0.7691522240638733
D1,27,learned,86,True,True,True,11.279738005913705,False,False,False,False,,,5.009999999999938,0.0,full,0.45929631408227567,1.3403272016459777,0.02533504885595657,0.5029626951335453,0.049960825652035655,0.8298150300979614
D1,27,learned,87,True,True,True,12.833570682665515,False,False,False,False,,,5.009999999999938,0.0,warmup,0.5101437457234121,1.2259015013553074,0.0260702480275491,0.5030216806251093,0.05189642213788703,0.8804554343223572
D1,27,learned,88,True,True,True,12.634394386452525,False,False,False,False,,,5.009999999999938,0.0,intermediate,0.510237487959977,1.36657991163753,0.021327697106779602,0.5022936431898457,0.05136670612661585,0.8632404804229736
D1,27,learned,89,False,True,False,12.783652868019901,False,False,False,False,unstable box motion,timeout,0.0,0.0,full,0.670320389540348,1.0790204426581789,50.112624942979075,0.5102511795766639,0.36837809105071107,1.3354123830795288
D1,27,learned,90,True,True,True,11.443694305523373,False,False,False,False,,,5.009999999999938,0.0,warmup,0.4871652420600959,1.1732984908471253,0.024329318608168653,0.5026715302851185,0.05264048744581557,0.8926998376846313
D1,27,learned,91,True,True,True,12.021249989186206,False,False,False,False,,,5.009999999999938,0.0,intermediate,0.5063899162248642,1.2129222183053707,0.022901958964197867,0.5021071160643613,0.04744166642537012,0.77317214012146
D1,27,learned,92,True,True,True,8.157459695683764,False,False,False,False,,,5.009999999999938,0.0,full,0.39331817024535876,1.05629062348945,0.02570220590037899,0.5008791786844005,0.053030470557390685,1.0431708097457886
D1,27,learned,93,True,True,True,12.236013794920261,False,False,False,False,,,5.009999999999938,0.0,warmup,0.4809392138214365,1.1890876549511458,0.02511616065421348,0.5027316805270273,0.05202034441606393,0.8998214602470398
D1,27,learned,94,True,True,True,11.1989716583329,False,False,False,False,,,5.009999999999938,0.0,intermediate,0.5615218737550742,1.3768853723217598,0.032564143693544594,0.5027372505003698,0.052812214652733065,0.9727308750152588
D1,27,learned,95,True,True,True,11.642823842322468,False,False,False,False,,,5.009999999999938,0.0,full,0.6818918618697445,0.7643543624064467,0.018411722265616284,0.4989832185306234,0.05457907940528653,0.9722656607627869
D1,27,learned,96,True,True,True,11.543382387965138,False,False,False,False,,,5.009999999999938,0.0,warmup,0.5053135879878038,1.1841457332405028,0.024957358406541577,0.5024527029013094,0.05290567352284191,0.8846435546875
D1,27,learned,97,True,True,True,10.331441414183626,False,False,False,False,,,5.009999999999938,0.0,intermediate,0.5212111576019438,1.2965194086396024,0.02854770995195768,0.5024459237331131,0.05527689357579037,0.9060105681419373
D1,27,learned,98,True,True,True,8.161939063947802,False,False,False,False,,,5.009999999999938,0.0,full,0.3626765151612195,1.1750646730460341,0.025141812758617526,0.5024425023131069,0.05171409605813611,0.9769973158836365
D1,27,learned,99,True,True,True,11.481391453255188,False,False,False,False,,,5.009999999999938,0.0,warmup,0.4854086464968972,1.192907376054963,0.019222454456609736,0.5026238068585657,0.05080670938914409,0.8270776271820068
D1,27,zero,0,True,True,True,11.738354911025425,False,False,False,False,,,5.009999999999938,0.0,warmup,0.5128083197961336,1.1512648415214817,0.020524704885670875,0.0,0.0,0.0
D1,27,zero,1,True,True,True,10.830579550058902,False,False,False,False,,,5.009999999999938,0.0,intermediate,0.5583821710176411,1.2738890168815886,0.021524058705885075,0.0,0.0,0.0
D1,27,zero,2,True,True,True,14.616173209565286,False,False,False,False,,,5.009999999999938,0.0,full,0.42594280942227786,0.9534267532589371,0.01892775203049847,0.0,0.0,0.0
D1,27,zero,3,True,True,True,11.568182226702957,False,False,False,False,,,5.009999999999938,0.0,warmup,0.509978780669319,1.1525834806578006,0.019745057731862987,0.0,0.0,0.0
D1,27,zero,4,True,True,True,12.364718741778496,False,False,False,False,,,5.009999999999938,0.0,intermediate,0.5696580900535205,1.2016692008919285,0.022633081379030535,0.0,0.0,0.0
D1,27,zero,5,True,True,True,13.186414426163863,False,False,False,False,,,5.009999999999938,0.0,full,0.4265115823194439,1.437154991672124,0.01958959302918034,0.0,0.0,0.0
D1,27,zero,6,True,True,True,12.46223287268657,False,False,False,False,,,5.009999999999938,0.0,warmup,0.5075895884587166,1.2407813524535225,0.020192722766563982,0.0,0.0,0.0
D1,27,zero,7,True,True,True,12.261601811426459,False,False,False,False,,,5.009999999999938,0.0,intermediate,0.48690102169905397,1.038737655570714,0.01861121414637554,0.0,0.0,0.0
D1,27,zero,8,True,True,True,14.926811516078901,False,False,False,False,,,5.009999999999938,0.0,full,0.505785052514625,1.5431761150884702,0.020777114905751404,0.0,0.0,0.0
D1,27,zero,9,True,True,True,12.771315230132634,False,False,False,False,,,5.009999999999938,0.0,warmup,0.49479990440431754,1.1688952171756082,0.019264537339446296,0.0,0.0,0.0
D1,27,zero,10,True,True,True,12.521168372504572,False,False,False,False,,,5.009999999999938,0.0,intermediate,0.5579570453338745,1.2889912019305365,0.02131871344685938,0.0,0.0,0.0
D1,27,zero,11,True,True,True,13.487418966169331,False,False,False,False,,,5.009999999999938,0.0,full,0.637714525300757,1.1834188609198721,0.021447244954935992,0.0,0.0,0.0
D1,27,zero,12,True,True,True,11.846786047031546,False,False,False,False,,,5.009999999999938,0.0,warmup,0.5009263118149376,1.2188247958799947,0.01921838984294255,0.0,0.0,0.0
D1,27,zero,13,True,True,True,11.137920408588595,False,False,False,False,,,5.009999999999938,0.0,intermediate,0.5721493389616075,1.0132527290956106,0.020717342775059128,0.0,0.0,0.0
D1,27,zero,14,False,True,False,15.155238321123084,False,False,False,False,unstable box motion,timeout,0.03,0.0,full,0.47084174840317594,1.1668854451158555,0.026557507917864553,0.0,0.0,0.0
D1,27,zero,15,True,True,True,12.399727102133248,False,False,False,False,,,5.009999999999938,0.0,warmup,0.48738766261608873,1.2336237205624674,0.019552985343880152,0.0,0.0,0.0
D1,27,zero,16,True,True,True,10.543584403839262,False,False,False,False,,,5.009999999999938,0.0,intermediate,0.44463355547976935,1.2760410585312312,0.020276664806378623,0.0,0.0,0.0
D1,27,zero,17,True,True,True,15.672199567182052,False,False,False,False,,,5.009999999999938,0.0,full,0.545833674323523,1.1579762526510662,0.017107805017850253,0.0,0.0,0.0
D1,27,zero,18,True,True,True,11.322579746573014,False,False,False,False,,,5.009999999999938,0.0,warmup,0.49298274539423165,1.2346759141610777,0.01925566826692108,0.0,0.0,0.0
D1,27,zero,19,True,True,True,11.155680855521663,False,False,False,False,,,5.009999999999938,0.0,intermediate,0.4838916734878356,1.3374730526845824,0.024876101120294845,0.0,0.0,0.0
D1,27,zero,20,True,True,True,13.026208480181129,False,False,False,False,,,5.009999999999938,0.0,full,0.5020057240424289,0.7954649007207342,0.01789318386298323,0.0,0.0,0.0
D1,27,zero,21,True,True,True,12.683176769608474,False,False,False,False,,,5.009999999999938,0.0,warmup,0.4904104543646842,1.1673474497063143,0.018642198329941247,0.0,0.0,0.0
D1,27,zero,22,True,True,True,10.681627400806933,False,False,False,False,,,5.009999999999938,0.0,intermediate,0.4526350727341898,1.1252112590506311,0.018561166107325437,0.0,0.0,0.0
D1,27,zero,23,True,True,True,16.48203204477007,False,False,False,False,,,5.009999999999938,0.0,full,0.4904961771661215,1.343875645190756,0.019752857920643112,0.0,0.0,0.0
D1,27,zero,24,True,True,True,11.429635162153506,False,False,False,False,,,5.009999999999938,0.0,warmup,0.5109693765412465,1.211283449106051,0.019960664302061885,0.0,0.0,0.0
D1,27,zero,25,True,True,True,11.548916252243453,False,False,False,False,,,5.009999999999938,0.0,intermediate,0.5317344461251952,1.0067531604749642,0.023471311417128774,0.0,0.0,0.0
D1,27,zero,26,True,True,True,13.734417413825255,False,False,False,False,,,5.009999999999938,0.0,full,0.5135364956319597,0.9791037239291087,0.019078146087533176,0.0,0.0,0.0
D1,27,zero,27,True,True,True,13.644535779155124,False,False,False,False,,,5.009999999999938,0.0,warmup,0.48896578770858773,1.2364416551319382,0.019642584295162437,0.0,0.0,0.0
D1,27,zero,28,True,True,True,12.733471125530139,False,False,False,False,,,5.009999999999938,0.0,intermediate,0.46606083056516756,1.0333475627374389,0.018909839435079328,0.0,0.0,0.0
D1,27,zero,29,True,True,True,12.599032010864597,False,False,False,False,,,5.009999999999938,0.0,full,0.4781300590747878,1.1076903259488948,0.017900430311176076,0.0,0.0,0.0
D1,27,zero,30,True,True,True,12.103391048363374,False,False,False,False,,,5.009999999999938,0.0,warmup,0.500472282046089,1.2042566690466316,0.02134140268833359,0.0,0.0,0.0
D1,27,zero,31,True,True,True,9.765438339959955,False,False,False,False,,,5.009999999999938,0.0,intermediate,0.42123466907856777,1.253002323925152,0.02106934490308074,0.0,0.0,0.0
D1,27,zero,32,True,True,True,15.514522121129373,False,False,False,False,,,5.009999999999938,0.0,full,0.49655863214725254,1.0809459611070078,0.020464976506717518,0.0,0.0,0.0
D1,27,zero,33,True,True,True,12.160583709270684,False,False,False,False,,,5.009999999999938,0.0,warmup,0.4824355574271533,1.21891463319844,0.01879245097104759,0.0,0.0,0.0
D1,27,zero,34,True,True,True,12.147443313738606,False,False,False,False,,,5.009999999999938,0.0,intermediate,0.5593516103811621,1.3360529847388807,0.024879432704356705,0.0,0.0,0.0
D1,27,zero,35,True,True,True,13.55928262275364,False,False,False,False,,,5.009999999999938,0.0,full,0.5821520363062294,0.9352893720189832,0.018317930834546144,0.0,0.0,0.0
D1,27,zero,36,True,True,True,13.716412862449031,False,False,False,False,,,5.009999999999938,0.0,warmup,0.49003588725688896,1.1949944693625023,0.01796843022675573,0.0,0.0,0.0
D1,27,zero,37,True,True,True,11.095700036819728,False,False,False,False,,,5.009999999999938,0.0,intermediate,0.47202966125532003,1.0718062194041447,0.018868581266375584,0.0,0.0,0.0
D1,27,zero,38,True,True,True,13.880949274654087,False,False,False,False,,,5.009999999999938,0.0,full,0.39720311956649396,1.1780777381288443,0.019673506655049418,0.0,0.0,0.0
D1,27,zero,39,True,True,True,11.526520114446598,False,False,False,False,,,5.009999999999938,0.0,warmup,0.48760734892737573,1.2436457867865334,0.019385065029217455,0.0,0.0,0.0
D1,27,zero,40,True,True,True,12.061099445506247,False,False,False,False,,,5.009999999999938,0.0,intermediate,0.4697590305539757,1.000828031345263,0.017596014798999617,0.0,0.0,0.0
D1,27,zero,41,True,True,True,11.504657684614092,False,False,False,False,,,5.009999999999938,0.0,full,0.5399893072381774,1.543457179043201,0.02173951781237901,0.0,0.0,0.0
D1,27,zero,42,True,True,True,12.897892983577803,False,False,False,False,,,5.009999999999938,0.0,warmup,0.4885757854329753,1.2269349832847654,0.019759561578133057,0.0,0.0,0.0
D1,27,zero,43,True,True,True,12.537669787151682,False,False,False,False,,,5.009999999999938,0.0,intermediate,0.5760872145672483,1.17039712756378,0.020583550771206962,0.0,0.0,0.0
D1,27,zero,44,False,True,False,15.096611338962546,False,False,False,False,unstable box motion,timeout,4.319999999999952,0.0,full,0.38303639555873803,1.338079672902308,0.024257387971864056,0.0,0.0,0.0
D1,27,zero,45,True,True,True,11.375084214706135,False,False,False,False,,,5.009999999999938,0.0,warmup,0.49174394141055583,1.2240044962498438,0.021107896776920747,0.0,0.0,0.0
D1,27,zero,46,True,True,True,12.188356921533073,False,False,False,False,,,5.009999999999938,0.0,intermediate,0.43827127758724876,1.208110249995769,0.019624434893668836,0.0,0.0,0.0
D1,27,zero,47,True,True,True,12.631155603772365,False,False,False,False,,,5.009999999999938,0.0,full,0.6424065509628292,1.102805538886461,0.02234347624032534,0.0,0.0,0.0
D1,27,zero,48,True,True,True,12.103540904387291,False,False,False,False,,,5.009999999999938,0.0,warmup,0.5085148659503609,1.174116055562226,0.019925626213098395,0.0,0.0,0.0
D1,27,zero,49,False,True,False,10.888682556938575,False,False,False,False,unstable box motion,timeout,4.9199999999999395,0.0,intermediate,0.45103892656726835,1.2464647082307405,0.023403004107901977,0.0,0.0,0.0
D1,27,zero,50,True,True,True,12.871844227990742,False,False,False,False,,,5.009999999999938,0.0,full,0.3726770816353148,1.4920678302689376,0.018474518983907312,0.0,0.0,0.0
D1,27,zero,51,True,True,True,12.593188389920833,False,False,False,False,,,5.009999999999938,0.0,warmup,0.5121655145357621,1.2468573748815532,0.021948901648773615,0.0,0.0,0.0
D1,27,zero,52,True,True,True,11.146518413117931,False,False,False,False,,,5.009999999999938,0.0,intermediate,0.5619201427171274,1.0007040595710093,0.020153368232881087,0.0,0.0,0.0
D1,27,zero,53,False,True,False,10.933532139994828,False,False,False,False,unstable box motion,timeout,0.0,0.0,full,0.5243303082272294,0.9612646556452364,0.02704959192079744,0.0,0.0,0.0
D1,27,zero,54,True,True,True,11.645497721620153,False,False,False,False,,,5.009999999999938,0.0,warmup,0.4863359531545361,1.2434969451900522,0.019740720266721527,0.0,0.0,0.0
D1,27,zero,55,True,True,True,10.372984641335833,False,False,False,False,,,5.009999999999938,0.0,intermediate,0.4252483777736942,1.264293204911614,0.019829078470073987,0.0,0.0,0.0
D1,27,zero,56,True,True,True,15.660273121656271,False,False,False,False,,,5.009999999999938,0.0,full,0.5295575228792385,1.4527831122188495,0.02125027016567552,0.0,0.0,0.0
D1,27,zero,57,True,True,True,11.664993813367882,False,False,False,False,,,5.009999999999938,0.0,warmup,0.5141180905828481,1.2082259258941315,0.020046614578491457,0.0,0.0,0.0
D1,27,zero,58,True,True,True,12.833310439344888,False,False,False,False,,,5.009999999999938,0.0,intermediate,0.44073145090136284,1.0827524946051303,0.017661037809848682,0.0,0.0,0.0
D1,27,zero,59,False,True,False,10.786813377918,False,False,False,False,unstable box motion,timeout,0.0,0.0,full,0.5261049150037435,1.2326145627183616,0.028961401730140612,0.0,0.0,0.0
D1,27,zero,60,True,True,True,14.057405083535322,False,False,False,False,,,5.009999999999938,0.0,warmup,0.5030441815117926,1.235296079410372,0.01947456560739661,0.0,0.0,0.0
D1,27,zero,61,True,True,True,11.722104758643887,False,False,False,False,,,5.009999999999938,0.0,intermediate,0.5389551631654701,1.197412975915647,0.0213238570614697,0.0,0.0,0.0
D1,27,zero,62,True,True,True,10.638377386630937,False,False,False,False,,,5.009999999999938,0.0,full,0.37411391740488836,0.778022602554542,0.01676448897332273,0.0,0.0,0.0
D1,27,zero,63,True,True,True,12.649191696082571,False,False,False,False,,,5.009999999999938,0.0,warmup,0.5180958832674765,1.1775949033705304,0.021361247207560653,0.0,0.0,0.0
D1,27,zero,64,True,True,True,10.973253038263325,False,False,False,False,,,5.009999999999938,0.0,intermediate,0.4319834064826628,1.2497602045329117,0.021161324741186725,0.0,0.0,0.0
D1,27,zero,65,True,True,True,15.340810501620641,False,False,False,False,,,5.009999999999938,0.0,full,0.46955263519301244,1.3618770382643257,0.01980480690814856,0.0,0.0,0.0
D1,27,zero,66,True,True,True,12.677741184117474,False,False,False,False,,,5.009999999999938,0.0,warmup,0.5144610774914211,1.2260844704151872,0.020090461804586887,0.0,0.0,0.0
D1,27,zero,67,True,True,True,11.289540440513754,False,False,False,False,,,5.009999999999938,0.0,intermediate,0.4243514781482216,1.2158876925074258,0.01831588588599263,0.0,0.0,0.0
D1,27,zero,68,True,True,True,15.368647798306753,False,False,False,False,,,5.009999999999938,0.0,full,0.41267677704972583,0.8528733183238331,0.01889109077635428,0.0,0.0,0.0
D1,27,zero,69,True,True,True,13.02834171804609,False,False,False,False,,,5.009999999999938,0.0,warmup,0.49438308838503003,1.1989058255816771,0.02116964247775522,0.0,0.0,0.0
D1,27,zero,70,True,True,True,12.037024274117723,False,False,False,False,,,5.009999999999938,0.0,intermediate,0.45607536866522447,1.0072921878164434,0.0192772741060451,0.0,0.0,0.0
D1,27,zero,71,False,True,False,15.433544709994084,False,False,False,False,unstable box motion,timeout,4.989999999999938,0.0,full,0.4890386342296652,1.3446198045538313,0.022905367738605516,0.0,0.0,0.0
D1,27,zero,72,True,True,True,11.253358843153073,False,False,False,False,,,5.009999999999938,0.0,warmup,0.5181769401123936,1.2214768875486623,0.021342074279822477,0.0,0.0,0.0
D1,27,zero,73,True,True,True,12.704304638292744,False,False,False,False,,,5.009999999999938,0.0,intermediate,0.47561330230223386,1.274057400905906,0.019915115891681334,0.0,0.0,0.0
D1,27,zero,74,False,True,False,16.170052108648875,False,False,False,False,unstable box motion,timeout,0.0,0.0,full,0.6302656463012763,1.2363069994594955,23.177463378213357,0.0,0.0,0.0
D1,27,zero,75,True,True,True,11.439538438209095,False,False,False,False,,,5.009999999999938,0.0,warmup,0.5128891502103221,1.1693339809485719,0.021418575610176786,0.0,0.0,0.0
D1,27,zero,76,True,True,True,13.65858490353449,False,False,False,False,,,5.009999999999938,0.0,intermediate,0.5029775957233502,1.1173203785729031,0.02069733803756278,0.0,0.0,0.0
D1,27,zero,77,True,True,True,12.9885380553889,False,False,False,False,,,5.009999999999938,0.0,full,0.6217022090206814,1.178149402500111,0.02167264268834317,0.0,0.0,0.0
D1,27,zero,78,True,True,True,11.579932007309846,False,False,False,False,,,5.009999999999938,0.0,warmup,0.48107140492051537,1.2237028225935525,0.02093420330393901,0.0,0.0,0.0
D1,27,zero,79,True,True,True,13.327972300868613,False,False,False,False,,,5.009999999999938,0.0,intermediate,0.5582002597826974,1.2360374228455522,0.022487497815232696,0.0,0.0,0.0
D1,27,zero,80,True,True,True,16.79779276338605,False,False,False,False,,,5.009999999999938,0.0,full,0.5342840136425704,1.0989328427743525,0.01937287022145817,0.0,0.0,0.0
D1,27,zero,81,True,True,True,11.702742204433184,False,False,False,False,,,5.009999999999938,0.0,warmup,0.5198020969208147,1.2222703211615975,0.0213072660232238,0.0,0.0,0.0
D1,27,zero,82,True,True,True,12.239620224079825,False,False,False,False,,,5.009999999999938,0.0,intermediate,0.5418115409414938,1.2476588704407745,0.024569543678928565,0.0,0.0,0.0
D1,27,zero,83,True,True,True,11.423128473811131,False,False,False,False,,,5.009999999999938,0.0,full,0.48067514698452624,1.3134212480291771,0.01974474007279419,0.0,0.0,0.0
D1,27,zero,84,True,True,True,13.588868421141397,False,False,False,False,,,5.009999999999938,0.0,warmup,0.5182181653316911,1.240184064601315,0.019831222033441214,0.0,0.0,0.0
D1,27,zero,85,True,True,True,11.356662981263307,False,False,False,False,,,5.009999999999938,0.0,intermediate,0.4215685252329265,1.096261173554801,0.01684891901132032,0.0,0.0,0.0
D1,27,zero,86,True,True,True,12.991816402205323,False,False,False,False,,,5.009999999999938,0.0,full,0.45929631408227567,1.3403272016459777,0.02044558400660955,0.0,0.0,0.0
D1,27,zero,87,True,True,True,12.987130020782711,False,False,False,False,,,5.009999999999938,0.0,warmup,0.5101437457234121,1.2259015013553074,0.020767704750459248,0.0,0.0,0.0
D1,27,zero,88,True,True,True,13.57414980434687,False,False,False,False,,,5.009999999999938,0.0,intermediate,0.510237487959977,1.36657991163753,0.021568404595461662,0.0,0.0,0.0
D1,27,zero,89,True,True,True,13.648355069340372,False,False,False,False,,,5.009999999999938,0.0,full,0.670320389540348,1.0790204426581789,0.020731911146645784,0.0,0.0,0.0
D1,27,zero,90,True,True,True,12.41082013218532,False,False,False,False,,,5.009999999999938,0.0,warmup,0.4871652420600959,1.1732984908471253,0.0192726020695391,0.0,0.0,0.0
D1,27,zero,91,True,True,True,13.973000566125918,False,False,False,False,,,5.009999999999938,0.0,intermediate,0.5063899162248642,1.2129222183053707,0.021088217757763466,0.0,0.0,0.0
D1,27,zero,92,True,True,True,15.406735437934145,False,False,False,False,,,5.009999999999938,0.0,full,0.39331817024535876,1.05629062348945,0.021598286396971207,0.0,0.0,0.0
D1,27,zero,93,True,True,True,12.04264228239495,False,False,False,False,,,5.009999999999938,0.0,warmup,0.4809392138214365,1.1890876549511458,0.019615753589066653,0.0,0.0,0.0
D1,27,zero,94,True,True,True,11.194654704593827,False,False,False,False,,,5.009999999999938,0.0,intermediate,0.5615218737550742,1.3768853723217598,0.02209375225901859,0.0,0.0,0.0
D1,27,zero,95,True,True,True,10.858965838949505,False,False,False,False,,,5.009999999999938,0.0,full,0.6818918618697445,0.7643543624064467,0.01789121460884787,0.0,0.0,0.0
D1,27,zero,96,True,True,True,11.483098209468753,False,False,False,False,,,5.009999999999938,0.0,warmup,0.5053135879878038,1.1841457332405028,0.019967508628679808,0.0,0.0,0.0
D1,27,zero,97,False,True,False,11.251177835403844,False,False,False,False,unstable box motion,timeout,0.3000000000000001,0.0,intermediate,0.5212111576019438,1.2965194086396024,0.026252759252292687,0.0,0.0,0.0
D1,27,zero,98,True,True,True,14.224999763186673,False,False,False,False,,,5.009999999999938,0.0,full,0.3626765151612195,1.1750646730460341,0.018789776779400906,0.0,0.0,0.0
D1,27,zero,99,True,True,True,13.715144922363443,False,False,False,False,,,5.009999999999938,0.0,warmup,0.4854086464968972,1.192907376054963,0.01923333992859854,0.0,0.0,0.0
D2,7,learned,0,False,True,False,,False,False,False,False,interception miss,box passed the interception workspace,0.0,0.0,warmup,0.5128083197961336,1.1512648415214817,3.100958781024477,1.3499749797567708,0.3505570591591737,0.9053040742874146
D2,7,learned,1,False,True,False,13.70655617527007,False,False,False,False,insufficient grip,timeout,0.0,0.0,intermediate,0.5583821710176411,1.2738890168815886,64.26350151828885,1.2163025146266104,1.3993094494087355,2.0584399700164795
D2,7,learned,2,True,True,True,8.629506444658862,False,False,False,False,,,5.009999999999938,0.0,full,0.42594280942227786,0.9534267532589371,0.01675727345497815,0.23932360983009893,0.059549347212611646,0.8370081186294556
D2,7,learned,3,False,True,False,5.408689456978134,False,False,False,False,unilateral-contact failure,timeout,0.0,0.0,warmup,0.509978780669319,1.1525834806578006,64.61672889618396,1.2411640164126427,1.5819288725938117,2.126155376434326
D2,7,learned,4,False,True,False,11.91723955397009,False,False,False,False,insufficient grip,timeout,0.0,0.0,intermediate,0.5696580900535205,1.2016692008919285,64.0696917057055,1.2324347411522394,1.4042787940321224,2.0783348083496094
D2,7,learned,5,False,True,False,,False,False,False,False,interception miss,box passed the interception workspace,0.0,0.0,full,0.4265115823194439,1.437154991672124,3.3972209790552865,1.3542029666073838,0.3323387628204304,0.9396669864654541
D2,7,learned,6,False,True,False,5.178820003908029,False,False,False,False,unilateral-contact failure,timeout,0.0,0.0,warmup,0.5075895884587166,1.2407813524535225,64.5753519943556,1.226414152259994,1.5555743804680449,2.055065631866455
D2,7,learned,7,False,True,False,14.178547602558691,False,False,False,False,insufficient grip,timeout,0.0,0.0,intermediate,0.48690102169905397,1.038737655570714,64.04814389001262,1.212322611991011,1.4306977287946003,2.3063156604766846
D2,7,learned,8,False,True,False,,False,False,False,False,interception miss,box passed the interception workspace,0.0,0.0,full,0.505785052514625,1.5431761150884702,3.349775356532769,1.3600753543567192,0.3403503041125886,0.9407133460044861
D2,7,learned,9,False,True,False,4.559952956889493,False,False,False,False,unilateral-contact failure,box passed the interception workspace,0.0,0.0,warmup,0.49479990440431754,1.1688952171756082,3.143603105628027,1.3092921543447902,0.3408487619379994,0.911868155002594
D2,7,learned,10,False,True,False,,False,False,False,False,interception miss,box passed the interception workspace,0.0,0.0,intermediate,0.5579570453338745,1.2889912019305365,3.1417961599394593,1.3306782619710136,0.3447527439549457,0.9033262133598328
D2,7,learned,11,False,True,False,,False,False,False,False,interception miss,box passed the interception workspace,0.0,0.0,full,0.637714525300757,1.1834188609198721,3.4080177180404294,1.3552090024177712,0.33214331671519026,0.9395343065261841
D2,7,learned,12,False,True,False,,False,False,False,False,interception miss,box passed the interception workspace,0.0,0.0,warmup,0.5009263118149376,1.2188247958799947,3.2293673477923908,1.3391838909511058,0.3441402877547911,0.9147359728813171
D2,7,learned,13,False,True,False,8.099361669670557,False,False,False,False,unilateral-contact failure,timeout,0.0,0.0,intermediate,0.5721493389616075,1.0132527290956106,63.98154188648414,1.195452166707852,1.316531170741655,1.986869215965271
D2,7,learned,14,True,True,True,10.867284342689256,False,False,False,False,,,5.009999999999938,0.0,full,0.47084174840317594,1.1668854451158555,0.016796310255289566,0.2516785194367629,0.0631520221283589,0.8378722667694092
D2,7,learned,15,False,True,False,,False,False,False,False,interception miss,box passed the interception workspace,0.0,0.0,warmup,0.48738766261608873,1.2336237205624674,3.0858947051014205,1.3477388778132686,0.3505967638167717,0.9058966040611267
D2,7,learned,16,False,True,False,11.171592623319889,False,False,False,False,insufficient grip,timeout,0.0,0.0,intermediate,0.44463355547976935,1.2760410585312312,64.40118936640242,1.234840692892244,1.533026836578335,2.108652353286743
D2,7,learned,17,False,True,False,,False,False,False,False,interception miss,box passed the interception workspace,0.0,0.0,full,0.545833674323523,1.1579762526510662,3.4675086291754362,1.3719093484385794,0.3300626176988354,0.945745587348938
D2,7,learned,18,False,True,False,5.118501143599121,False,False,False,False,unilateral-contact failure,timeout,0.0,0.0,warmup,0.49298274539423165,1.2346759141610777,64.59056383845893,1.226927315029067,1.583956403112305,2.0787484645843506
D2,7,learned,19,False,True,False,11.117636390672947,False,False,False,False,insufficient grip,timeout,0.0,0.0,intermediate,0.4838916734878356,1.3374730526845824,63.69964153113371,1.139286651146141,1.1587966731303772,1.9337897300720215
D2,7,learned,20,False,True,False,5.2726946606473355,False,False,False,False,unilateral-contact failure,timeout,0.0,0.0,full,0.5020057240424289,0.7954649007207342,64.62706738896875,1.231956564189463,1.5990197082090059,2.0539848804473877
D2,7,learned,21,False,True,False,,False,False,False,False,interception miss,box passed the interception workspace,0.0,0.0,warmup,0.4904104543646842,1.1673474497063143,3.1491497281971736,1.347496147240117,0.3454514979823506,0.9108574390411377
D2,7,learned,22,False,True,False,,False,False,False,False,interception miss,box passed the interception workspace,0.0,0.0,intermediate,0.4526350727341898,1.1252112590506311,3.1553576789019515,1.3329562191217608,0.34486053265172284,0.9030717015266418
D2,7,learned,23,False,False,False,18.305713642511574,True,False,False,True,excessive first-contact impact,timeout,0.0,0.0,full,0.4904961771661215,1.343875645190756,62.1521621748298,1.1614593737438517,0.947426115285073,1.9066787958145142
D2,7,learned,24,False,True,False,5.311951715797141,False,False,False,False,unilateral-contact failure,timeout,0.0,0.0,warmup,0.5109693765412465,1.211283449106051,64.58496990446459,1.2062047286999567,1.5375382538638742,2.1444387435913086
D2,7,learned,25,False,True,False,4.886777194825799,False,False,False,False,unilateral-contact failure,timeout,0.0,0.0,intermediate,0.5317344461251952,1.0067531604749642,64.67871311291103,1.2330821536049572,1.5990909565166969,2.141822338104248
D2,7,learned,26,False,False,False,21.18452906991598,True,False,False,True,excessive first-contact impact,timeout,0.0,0.0,full,0.5135364956319597,0.9791037239291087,64.00972186231292,1.2036535359189398,1.4424528677389026,2.263084650039673
D2,7,learned,27,False,True,False,,False,False,False,False,interception miss,box passed the interception workspace,0.0,0.0,warmup,0.48896578770858773,1.2364416551319382,3.108504353973328,1.367941718022912,0.3524606512681417,0.9151460528373718
D2,7,learned,28,False,True,False,5.3903384726973576,False,False,False,False,unilateral-contact failure,timeout,0.0,0.0,intermediate,0.46606083056516756,1.0333475627374389,64.56219210914813,1.2385923313608531,1.5823072747513651,2.131232500076294
D2,7,learned,29,False,True,False,,False,False,False,False,interception miss,box passed the interception workspace,0.0,0.0,full,0.4781300590747878,1.1076903259488948,3.119333171983392,1.356584605397692,0.3547676906249869,0.9106072783470154
D2,7,learned,30,False,True,False,,False,False,False,False,interception miss,box passed the interception workspace,0.0,0.0,warmup,0.500472282046089,1.2042566690466316,3.181743403282352,1.3555694729114167,0.34854411290945025,0.9149639010429382
D2,7,learned,31,False,True,False,9.780898444706295,False,False,False,False,insufficient grip,timeout,0.0,0.0,intermediate,0.42123466907856777,1.253002323925152,63.812099036057106,1.2022468633809056,1.2421500782775028,2.03483510017395
D2,7,learned,32,False,True,False,14.315708599283894,False,False,False,False,unstable box motion,timeout,3.9999999999999587,0.0,full,0.49655863214725254,1.0809459611070078,0.018983865687398134,0.22252932990085705,0.052367473999038336,0.8033126592636108
D2,7,learned,33,False,True,False,,False,False,False,False,interception miss,box passed the interception workspace,0.0,0.0,warmup,0.4824355574271533,1.21891463319844,3.2165047866158063,1.3374316190369662,0.3446514302099656,0.9163026809692383
D2,7,learned,34,False,True,False,11.872403333715136,False,False,False,False,insufficient grip,timeout,0.0,0.0,intermediate,0.5593516103811621,1.3360529847388807,64.26765848087251,1.235426169443137,1.4381626977665083,1.9915786981582642
D2,7,learned,35,False,True,False,,False,False,False,False,interception miss,box passed the interception workspace,0.0,0.0,full,0.5821520363062294,0.9352893720189832,3.3043641938640875,1.3569329777547816,0.3400837394317061,0.9309113025665283
D2,7,learned,36,False,True,False,5.458218732683064,False,False,False,False,unilateral-contact failure,timeout,0.0,0.0,warmup,0.49003588725688896,1.1949944693625023,64.55896034681068,1.2373524373071334,1.6077799029874482,2.0678398609161377
D2,7,learned,37,False,True,False,11.06683595561351,False,False,False,False,insufficient grip,timeout,0.0,0.0,intermediate,0.47202966125532003,1.0718062194041447,63.88588083661848,1.198129994108655,1.294102012248976,2.15836238861084
D2,7,learned,38,False,True,False,13.944901254893772,False,False,False,False,insufficient grip,timeout,0.0,0.0,full,0.39720311956649396,1.1780777381288443,63.42702333907127,1.2147412767932724,1.4188431473608527,1.9182509183883667
D2,7,learned,39,False,True,False,,False,False,False,False,interception miss,box passed the interception workspace,0.0,0.0,warmup,0.48760734892737573,1.2436457867865334,3.0975140185845977,1.3515209557515546,0.35269192098776864,0.9084739089012146
D2,7,learned,40,False,True,False,16.96464378486724,False,False,False,False,insufficient grip,timeout,0.0,0.0,intermediate,0.4697590305539757,1.000828031345263,64.11069456325441,1.2117883792192021,1.5001267630181143,2.0689902305603027
D2,7,learned,41,False,True,False,12.414616188832017,False,False,False,False,insufficient grip,timeout,0.0,0.0,full,0.5399893072381774,1.543457179043201,64.09134310722591,1.221412844306484,1.3945347600270595,2.078648567199707
D2,7,learned,42,False,True,False,5.1362254138808074,False,False,False,False,unilateral-contact failure,timeout,0.0,0.0,warmup,0.4885757854329753,1.2269349832847654,64.65994922664731,1.2373109575662415,1.6021439992000315,2.156808614730835
D2,7,learned,43,False,True,False,12.33443038555004,False,False,False,False,insufficient grip,timeout,0.0,0.0,intermediate,0.5760872145672483,1.17039712756378,64.03268215815608,1.2152171593219898,1.361817798054378,2.0823769569396973
D2,7,learned,44,False,True,False,11.201169640751012,False,False,False,False,unstable box motion,timeout,3.799999999999963,0.0,full,0.38303639555873803,1.338079672902308,0.023130842787601504,0.23195473927002802,0.055433913571094826,0.8269214630126953
D2,7,learned,45,False,True,False,4.9803561247720465,False,False,False,False,unilateral-contact failure,timeout,0.0,0.0,warmup,0.49174394141055583,1.2240044962498438,64.71890200557732,1.225124467869806,1.5947077147542899,2.1277198791503906
D2,7,learned,46,False,True,False,11.182467056423935,False,False,False,False,insufficient grip,timeout,0.0,0.0,intermediate,0.43827127758724876,1.208110249995769,64.1917608367787,1.2283619138481086,1.4615154945052096,2.09840726852417
D2,7,learned,47,False,True,False,5.307041893293598,False,False,False,False,unilateral-contact failure,timeout,0.0,0.0,full,0.6424065509628292,1.102805538886461,64.71854937323569,1.244351316244697,1.6128797486105135,2.0516083240509033
D2,7,learned,48,False,True,False,5.695371761805334,False,False,False,False,unilateral-contact failure,timeout,0.0,0.0,warmup,0.5085148659503609,1.174116055562226,64.50785722611911,1.2258704326218874,1.504304234433387,2.132566213607788
D2,7,learned,49,False,True,False,12.163375895211788,False,False,False,False,unilateral-contact failure,timeout,0.0,0.0,intermediate,0.45103892656726835,1.2464647082307405,64.40856602456954,1.2372527241748104,1.5083146237635188,2.118053674697876
D2,7,learned,50,False,True,False,,False,False,False,False,interception miss,box passed the interception workspace,0.0,0.0,full,0.3726770816353148,1.4920678302689376,3.5279710980223173,1.3424839076926762,0.3258200780271242,0.9410357475280762
D2,7,learned,51,False,True,False,12.892290603083492,False,False,False,False,insufficient grip,timeout,0.0,0.0,warmup,0.5121655145357621,1.2468573748815532,64.19004197201356,1.2307330599740203,1.4401961108137453,1.9952913522720337
D2,7,learned,52,False,True,False,10.518003426428914,False,False,False,False,insufficient grip,timeout,0.0,0.0,intermediate,0.5619201427171274,1.0007040595710093,63.199251158232116,1.042091658028794,1.1074428194375443,2.2004165649414062
D2,7,learned,53,False,True,False,12.303522564922048,False,False,False,False,unilateral-contact failure,timeout,0.0,0.0,full,0.5243303082272294,0.9612646556452364,64.44320145967674,1.2408385756103602,1.5284760265584503,2.154799699783325
D2,7,learned,54,False,True,False,,False,False,False,False,interception miss,box passed the interception workspace,0.0,0.0,warmup,0.4863359531545361,1.2434969451900522,3.1599066562394773,1.3510034187749664,0.3470519183885198,0.9130739569664001
D2,7,learned,55,False,True,False,10.40766955696869,False,False,False,False,insufficient grip,timeout,0.0,0.0,intermediate,0.4252483777736942,1.264293204911614,64.53941410156607,1.2458142010881623,1.5677989595276969,2.093235492706299
D2,7,learned,56,False,True,False,15.254390523727583,False,False,False,False,insufficient grip,timeout,0.0,0.0,full,0.5295575228792385,1.4527831122188495,63.872773791928864,1.225021845180454,1.5104808804153331,1.9967058897018433
D2,7,learned,57,False,True,False,5.141636473891299,False,False,False,False,unilateral-contact failure,timeout,0.0,0.0,warmup,0.5141180905828481,1.2082259258941315,64.62363653271001,1.2367724722095201,1.616816083228332,2.101851224899292
D2,7,learned,58,False,True,False,4.983425439600573,False,False,False,False,unilateral-contact failure,timeout,0.0,0.0,intermediate,0.44073145090136284,1.0827524946051303,64.45411150442723,1.2268082798954483,1.57370673175369,2.1215879917144775
D2,7,learned,59,False,True,False,11.367286527845039,False,False,False,False,insufficient grip,timeout,0.0,0.0,full,0.5261049150037435,1.2326145627183616,63.90694970596671,1.223310423966309,1.283700696692935,1.9619877338409424
D2,7,learned,60,False,True,False,,False,False,False,False,interception miss,box passed the interception workspace,0.0,0.0,warmup,0.5030441815117926,1.235296079410372,3.1690822035023447,1.3567224872273334,0.35196101964802307,0.9216237664222717
D2,7,learned,61,False,True,False,12.103137481594295,False,False,False,False,insufficient grip,timeout,0.0,0.0,intermediate,0.5389551631654701,1.197412975915647,64.1338896455838,1.2314261560866269,1.3710745952597687,2.0051891803741455
D2,7,learned,62,False,True,False,,False,False,False,False,interception miss,box passed the interception workspace,0.0,0.0,full,0.37411391740488836,0.778022602554542,3.392945261370783,1.3496782629995943,0.3294919965954574,0.9366868138313293
D2,7,learned,63,False,True,False,5.3207386688038225,False,False,False,False,unilateral-contact failure,timeout,0.0,0.0,warmup,0.5180958832674765,1.1775949033705304,64.59292521688509,1.235580623674669,1.5596648821500796,2.129828691482544
D2,7,learned,64,False,True,False,4.732635620684593,False,False,False,False,unilateral-contact failure,timeout,0.0,0.0,intermediate,0.4319834064826628,1.2497602045329117,64.5976743202109,1.2357610318839085,1.567319151439837,2.1542201042175293
D2,7,learned,65,True,True,True,11.139041376408336,False,False,False,False,,,5.009999999999938,0.0,full,0.46955263519301244,1.3618770382643257,0.016535423757979558,0.24499293884212014,0.053939651638979305,0.8096793293952942
D2,7,learned,66,False,True,False,5.178401193537616,False,False,False,False,unilateral-contact failure,timeout,0.0,0.0,warmup,0.5144610774914211,1.2260844704151872,64.61151041665714,1.231494819435348,1.604949050388698,2.0938260555267334
D2,7,learned,67,False,True,False,4.572876904833363,False,False,False,False,unilateral-contact failure,timeout,0.0,0.0,intermediate,0.4243514781482216,1.2158876925074258,64.58600034064456,1.2239874447879868,1.5873205021609154,2.111506938934326
D2,7,learned,68,True,True,True,17.798678113953482,False,False,False,False,,,5.009999999999938,0.0,full,0.41267677704972583,0.8528733183238331,0.01593779702256524,0.2392133898258367,0.05508858443566361,0.7981512546539307
D2,7,learned,69,False,True,False,5.235115778603495,False,False,False,False,unilateral-contact failure,timeout,0.0,0.0,warmup,0.49438308838503003,1.1989058255816771,64.60437563664179,1.2365201080481054,1.6135626619242665,2.136261463165283
D2,7,learned,70,False,True,False,12.84317090106909,False,False,False,False,insufficient grip,timeout,0.0,0.0,intermediate,0.45607536866522447,1.0072921878164434,63.993306135103914,1.2053190698594942,1.3657952356897294,2.048346757888794
D2,7,learned,71,False,True,False,14.605579320082462,False,False,False,False,unstable box motion,timeout,3.759999999999964,0.0,full,0.4890386342296652,1.3446198045538313,0.02401749004475355,0.22814770675446133,0.05430021352700091,0.8096258044242859
D2,7,learned,72,False,True,False,13.335267327423686,False,False,False,False,unilateral-contact failure,timeout,0.0,0.0,warmup,0.5181769401123936,1.2214768875486623,64.40496363155493,1.2281499559873246,1.5394571451443646,2.109825372695923
D2,7,learned,73,False,True,False,5.3853768435900555,False,False,False,False,unilateral-contact failure,timeout,0.0,0.0,intermediate,0.47561330230223386,1.274057400905906,64.56918585070272,1.2414118588612764,1.6570919816601755,2.1054627895355225
D2,7,learned,74,False,True,False,17.041869136476514,False,False,False,False,insufficient grip,timeout,0.0,0.0,full,0.6302656463012763,1.2363069994594955,62.72307750063801,1.185661785953788,1.2116576023147043,2.0665032863616943
D2,7,learned,75,False,True,False,5.444596482409866,False,False,False,False,unilateral-contact failure,timeout,0.0,0.0,warmup,0.5128891502103221,1.1693339809485719,64.60654733516922,1.2375068015267274,1.632264877541789,2.0829105377197266
D2,7,learned,76,False,True,False,16.391189160100552,False,False,False,False,unilateral-contact failure,timeout,0.0,0.0,intermediate,0.5029775957233502,1.1173203785729031,64.3722711174603,1.2380732308962292,1.552440131178924,2.0787274837493896
D2,7,learned,77,False,True,False,13.380044884126619,False,False,False,False,insufficient grip,timeout,0.0,0.0,full,0.6217022090206814,1.178149402500111,64.52056656911685,1.2370121861187113,1.6241879119085414,2.067689895629883
D2,7,learned,78,False,True,False,4.876925080625352,False,False,False,False,unilateral-contact failure,timeout,0.0,0.0,warmup,0.48107140492051537,1.2237028225935525,64.58533966248228,1.2251851807279226,1.5849689797285411,2.1412465572357178
D2,7,learned,79,False,True,False,12.279209503675588,False,False,False,False,insufficient grip,timeout,0.0,0.0,intermediate,0.5582002597826974,1.2360374228455522,64.13063603395321,1.2212045859752887,1.497680450358561,2.2212471961975098
D2,7,learned,80,False,False,False,18.159714520308377,True,False,False,True,excessive first-contact impact,timeout,0.0,0.0,full,0.5342840136425704,1.0989328427743525,62.699959785145076,1.1564128397859779,1.1134914556478284,1.908715844154358
D2,7,learned,81,False,True,False,,False,False,False,False,interception miss,box passed the interception workspace,0.0,0.0,warmup,0.5198020969208147,1.2222703211615975,3.0589597945777958,1.3541894943044375,0.3569128403975281,0.9005029797554016
D2,7,learned,82,False,True,False,16.661083665366007,False,False,False,False,insufficient grip,timeout,0.0,0.0,intermediate,0.5418115409414938,1.2476588704407745,63.91524150240469,1.2006881893887174,1.3383115993386934,2.0412938594818115
D2,7,learned,83,False,True,False,11.007291698918005,False,False,False,False,insufficient grip,timeout,0.0,0.0,full,0.48067514698452624,1.3134212480291771,63.12414861428746,1.0483107112390018,0.9974192995471614,1.6347697973251343
D2,7,learned,84,False,True,False,5.575048547346081,False,False,False,False,unilateral-contact failure,timeout,0.0,0.0,warmup,0.5182181653316911,1.240184064601315,64.6264499487049,1.206607315375806,1.5667699988612107,2.115952491760254
D2,7,learned,85,False,True,False,16.017910355845633,False,False,False,False,insufficient grip,timeout,0.0,0.0,intermediate,0.4215685252329265,1.096261173554801,63.966337514651876,1.191463174354884,1.379846839979291,2.1128411293029785
D2,7,learned,86,False,True,False,4.659941634655487,False,False,False,False,unilateral-contact failure,timeout,0.0,0.0,full,0.45929631408227567,1.3403272016459777,64.64164043854706,1.2352257451958892,1.6053045797381285,2.1455063819885254
D2,7,learned,87,False,True,False,5.382340336055143,False,False,False,False,unilateral-contact failure,timeout,0.0,0.0,warmup,0.5101437457234121,1.2259015013553074,64.59024878306,1.2409605964145733,1.6115390810476882,2.1160802841186523
D2,7,learned,88,False,True,False,5.605321337724711,False,False,False,False,unilateral-contact failure,timeout,0.0,0.0,intermediate,0.510237487959977,1.36657991163753,64.59758059160941,1.2363280059742319,1.6279021425119469,2.158169984817505
D2,7,learned,89,False,True,False,5.16660995244616,False,False,False,False,unilateral-contact failure,timeout,0.0,0.0,full,0.670320389540348,1.0790204426581789,64.69014145833322,1.242748304203307,1.6674335557621505,2.1158134937286377
D2,7,learned,90,False,True,False,5.169761388314969,False,False,False,False,unilateral-contact failure,timeout,0.0,0.0,warmup,0.4871652420600959,1.1732984908471253,64.67820322320726,1.2151931014236044,1.5803742332969393,2.1344003677368164
D2,7,learned,91,False,True,False,,False,False,False,False,interception miss,box passed the interception workspace,0.0,0.0,intermediate,0.5063899162248642,1.2129222183053707,3.3439819312566184,1.3395051946919088,0.3362259718253174,0.9301849603652954
D2,7,learned,92,False,False,False,18.85725801141005,True,False,False,True,excessive first-contact impact,timeout,4.389999999999951,0.0,full,0.39331817024535876,1.05629062348945,0.019190885513317553,0.22316055744084146,0.048561275997199116,0.7757218480110168
D2,7,learned,93,False,True,False,11.981590046998589,False,False,False,False,insufficient grip,timeout,0.0,0.0,warmup,0.4809392138214365,1.1890876549511458,64.3932806906641,1.2262671361116224,1.5220741309677916,2.024256706237793
D2,7,learned,94,False,True,False,10.71365737798732,False,False,False,False,insufficient grip,timeout,0.0,0.0,intermediate,0.5615218737550742,1.3768853723217598,63.6563595959285,1.168228334707744,1.1238939677957178,2.0371124744415283
D2,7,learned,95,False,True,False,11.529743555581978,False,False,False,False,insufficient grip,timeout,0.0,0.0,full,0.6818918618697445,0.7643543624064467,64.11816700671623,1.1683583014083707,1.3222295614784316,2.0433428287506104
D2,7,learned,96,False,True,False,5.0775814420536545,False,False,False,False,unilateral-contact failure,timeout,0.0,0.0,warmup,0.5053135879878038,1.1841457332405028,64.65752399537827,1.2376565503992853,1.6204814498981328,2.1383020877838135
D2,7,learned,97,False,True,False,12.521151509378143,False,False,False,False,unilateral-contact failure,timeout,0.0,0.0,intermediate,0.5212111576019438,1.2965194086396024,64.20918487091183,1.2224885384232163,1.409886090877865,2.1308817863464355
D2,7,learned,98,False,True,False,8.398698985051809,False,False,False,False,unstable box motion,timeout,0.0,0.0,full,0.3626765151612195,1.1750646730460341,27.784460609038295,0.3184967342465259,0.1282019142219464,0.8559277057647705
D2,7,learned,99,False,True,False,,False,False,False,False,interception miss,box passed the interception workspace,0.0,0.0,warmup,0.4854086464968972,1.192907376054963,3.1723046476663126,1.357158812346632,0.35187960947877256,0.9214156866073608
D2,7,zero,0,True,True,True,11.738354911025425,False,False,False,False,,,5.009999999999938,0.0,warmup,0.5128083197961336,1.1512648415214817,0.020524704885670875,0.0,0.0,0.0
D2,7,zero,1,True,True,True,10.830579550058902,False,False,False,False,,,5.009999999999938,0.0,intermediate,0.5583821710176411,1.2738890168815886,0.021524058705885075,0.0,0.0,0.0
D2,7,zero,2,True,True,True,14.616173209565286,False,False,False,False,,,5.009999999999938,0.0,full,0.42594280942227786,0.9534267532589371,0.01892775203049847,0.0,0.0,0.0
D2,7,zero,3,True,True,True,11.568182226702957,False,False,False,False,,,5.009999999999938,0.0,warmup,0.509978780669319,1.1525834806578006,0.019745057731862987,0.0,0.0,0.0
D2,7,zero,4,True,True,True,12.364718741778496,False,False,False,False,,,5.009999999999938,0.0,intermediate,0.5696580900535205,1.2016692008919285,0.022633081379030535,0.0,0.0,0.0
D2,7,zero,5,True,True,True,13.186414426163863,False,False,False,False,,,5.009999999999938,0.0,full,0.4265115823194439,1.437154991672124,0.01958959302918034,0.0,0.0,0.0
D2,7,zero,6,True,True,True,12.46223287268657,False,False,False,False,,,5.009999999999938,0.0,warmup,0.5075895884587166,1.2407813524535225,0.020192722766563982,0.0,0.0,0.0
D2,7,zero,7,True,True,True,12.261601811426459,False,False,False,False,,,5.009999999999938,0.0,intermediate,0.48690102169905397,1.038737655570714,0.01861121414637554,0.0,0.0,0.0
D2,7,zero,8,True,True,True,14.926811516078901,False,False,False,False,,,5.009999999999938,0.0,full,0.505785052514625,1.5431761150884702,0.020777114905751404,0.0,0.0,0.0
D2,7,zero,9,True,True,True,12.771315230132634,False,False,False,False,,,5.009999999999938,0.0,warmup,0.49479990440431754,1.1688952171756082,0.019264537339446296,0.0,0.0,0.0
D2,7,zero,10,True,True,True,12.521168372504572,False,False,False,False,,,5.009999999999938,0.0,intermediate,0.5579570453338745,1.2889912019305365,0.02131871344685938,0.0,0.0,0.0
D2,7,zero,11,True,True,True,13.487418966169331,False,False,False,False,,,5.009999999999938,0.0,full,0.637714525300757,1.1834188609198721,0.021447244954935992,0.0,0.0,0.0
D2,7,zero,12,True,True,True,11.846786047031546,False,False,False,False,,,5.009999999999938,0.0,warmup,0.5009263118149376,1.2188247958799947,0.01921838984294255,0.0,0.0,0.0
D2,7,zero,13,True,True,True,11.137920408588595,False,False,False,False,,,5.009999999999938,0.0,intermediate,0.5721493389616075,1.0132527290956106,0.020717342775059128,0.0,0.0,0.0
D2,7,zero,14,False,True,False,15.155238321123084,False,False,False,False,unstable box motion,timeout,0.03,0.0,full,0.47084174840317594,1.1668854451158555,0.026557507917864553,0.0,0.0,0.0
D2,7,zero,15,True,True,True,12.399727102133248,False,False,False,False,,,5.009999999999938,0.0,warmup,0.48738766261608873,1.2336237205624674,0.019552985343880152,0.0,0.0,0.0
D2,7,zero,16,True,True,True,10.543584403839262,False,False,False,False,,,5.009999999999938,0.0,intermediate,0.44463355547976935,1.2760410585312312,0.020276664806378623,0.0,0.0,0.0
D2,7,zero,17,True,True,True,15.672199567182052,False,False,False,False,,,5.009999999999938,0.0,full,0.545833674323523,1.1579762526510662,0.017107805017850253,0.0,0.0,0.0
D2,7,zero,18,True,True,True,11.322579746573014,False,False,False,False,,,5.009999999999938,0.0,warmup,0.49298274539423165,1.2346759141610777,0.01925566826692108,0.0,0.0,0.0
D2,7,zero,19,True,True,True,11.155680855521663,False,False,False,False,,,5.009999999999938,0.0,intermediate,0.4838916734878356,1.3374730526845824,0.024876101120294845,0.0,0.0,0.0
D2,7,zero,20,True,True,True,13.026208480181129,False,False,False,False,,,5.009999999999938,0.0,full,0.5020057240424289,0.7954649007207342,0.01789318386298323,0.0,0.0,0.0
D2,7,zero,21,True,True,True,12.683176769608474,False,False,False,False,,,5.009999999999938,0.0,warmup,0.4904104543646842,1.1673474497063143,0.018642198329941247,0.0,0.0,0.0
D2,7,zero,22,True,True,True,10.681627400806933,False,False,False,False,,,5.009999999999938,0.0,intermediate,0.4526350727341898,1.1252112590506311,0.018561166107325437,0.0,0.0,0.0
D2,7,zero,23,True,True,True,16.48203204477007,False,False,False,False,,,5.009999999999938,0.0,full,0.4904961771661215,1.343875645190756,0.019752857920643112,0.0,0.0,0.0
D2,7,zero,24,True,True,True,11.429635162153506,False,False,False,False,,,5.009999999999938,0.0,warmup,0.5109693765412465,1.211283449106051,0.019960664302061885,0.0,0.0,0.0
D2,7,zero,25,True,True,True,11.548916252243453,False,False,False,False,,,5.009999999999938,0.0,intermediate,0.5317344461251952,1.0067531604749642,0.023471311417128774,0.0,0.0,0.0
D2,7,zero,26,True,True,True,13.734417413825255,False,False,False,False,,,5.009999999999938,0.0,full,0.5135364956319597,0.9791037239291087,0.019078146087533176,0.0,0.0,0.0
D2,7,zero,27,True,True,True,13.644535779155124,False,False,False,False,,,5.009999999999938,0.0,warmup,0.48896578770858773,1.2364416551319382,0.019642584295162437,0.0,0.0,0.0
D2,7,zero,28,True,True,True,12.733471125530139,False,False,False,False,,,5.009999999999938,0.0,intermediate,0.46606083056516756,1.0333475627374389,0.018909839435079328,0.0,0.0,0.0
D2,7,zero,29,True,True,True,12.599032010864597,False,False,False,False,,,5.009999999999938,0.0,full,0.4781300590747878,1.1076903259488948,0.017900430311176076,0.0,0.0,0.0
D2,7,zero,30,True,True,True,12.103391048363374,False,False,False,False,,,5.009999999999938,0.0,warmup,0.500472282046089,1.2042566690466316,0.02134140268833359,0.0,0.0,0.0
D2,7,zero,31,True,True,True,9.765438339959955,False,False,False,False,,,5.009999999999938,0.0,intermediate,0.42123466907856777,1.253002323925152,0.02106934490308074,0.0,0.0,0.0
D2,7,zero,32,True,True,True,15.514522121129373,False,False,False,False,,,5.009999999999938,0.0,full,0.49655863214725254,1.0809459611070078,0.020464976506717518,0.0,0.0,0.0
D2,7,zero,33,True,True,True,12.160583709270684,False,False,False,False,,,5.009999999999938,0.0,warmup,0.4824355574271533,1.21891463319844,0.01879245097104759,0.0,0.0,0.0
D2,7,zero,34,True,True,True,12.147443313738606,False,False,False,False,,,5.009999999999938,0.0,intermediate,0.5593516103811621,1.3360529847388807,0.024879432704356705,0.0,0.0,0.0
D2,7,zero,35,True,True,True,13.55928262275364,False,False,False,False,,,5.009999999999938,0.0,full,0.5821520363062294,0.9352893720189832,0.018317930834546144,0.0,0.0,0.0
D2,7,zero,36,True,True,True,13.716412862449031,False,False,False,False,,,5.009999999999938,0.0,warmup,0.49003588725688896,1.1949944693625023,0.01796843022675573,0.0,0.0,0.0
D2,7,zero,37,True,True,True,11.095700036819728,False,False,False,False,,,5.009999999999938,0.0,intermediate,0.47202966125532003,1.0718062194041447,0.018868581266375584,0.0,0.0,0.0
D2,7,zero,38,True,True,True,13.880949274654087,False,False,False,False,,,5.009999999999938,0.0,full,0.39720311956649396,1.1780777381288443,0.019673506655049418,0.0,0.0,0.0
D2,7,zero,39,True,True,True,11.526520114446598,False,False,False,False,,,5.009999999999938,0.0,warmup,0.48760734892737573,1.2436457867865334,0.019385065029217455,0.0,0.0,0.0
D2,7,zero,40,True,True,True,12.061099445506247,False,False,False,False,,,5.009999999999938,0.0,intermediate,0.4697590305539757,1.000828031345263,0.017596014798999617,0.0,0.0,0.0
D2,7,zero,41,True,True,True,11.504657684614092,False,False,False,False,,,5.009999999999938,0.0,full,0.5399893072381774,1.543457179043201,0.02173951781237901,0.0,0.0,0.0
D2,7,zero,42,True,True,True,12.897892983577803,False,False,False,False,,,5.009999999999938,0.0,warmup,0.4885757854329753,1.2269349832847654,0.019759561578133057,0.0,0.0,0.0
D2,7,zero,43,True,True,True,12.537669787151682,False,False,False,False,,,5.009999999999938,0.0,intermediate,0.5760872145672483,1.17039712756378,0.020583550771206962,0.0,0.0,0.0
D2,7,zero,44,False,True,False,15.096611338962546,False,False,False,False,unstable box motion,timeout,4.319999999999952,0.0,full,0.38303639555873803,1.338079672902308,0.024257387971864056,0.0,0.0,0.0
D2,7,zero,45,True,True,True,11.375084214706135,False,False,False,False,,,5.009999999999938,0.0,warmup,0.49174394141055583,1.2240044962498438,0.021107896776920747,0.0,0.0,0.0
D2,7,zero,46,True,True,True,12.188356921533073,False,False,False,False,,,5.009999999999938,0.0,intermediate,0.43827127758724876,1.208110249995769,0.019624434893668836,0.0,0.0,0.0
D2,7,zero,47,True,True,True,12.631155603772365,False,False,False,False,,,5.009999999999938,0.0,full,0.6424065509628292,1.102805538886461,0.02234347624032534,0.0,0.0,0.0
D2,7,zero,48,True,True,True,12.103540904387291,False,False,False,False,,,5.009999999999938,0.0,warmup,0.5085148659503609,1.174116055562226,0.019925626213098395,0.0,0.0,0.0
D2,7,zero,49,False,True,False,10.888682556938575,False,False,False,False,unstable box motion,timeout,4.9199999999999395,0.0,intermediate,0.45103892656726835,1.2464647082307405,0.023403004107901977,0.0,0.0,0.0
D2,7,zero,50,True,True,True,12.871844227990742,False,False,False,False,,,5.009999999999938,0.0,full,0.3726770816353148,1.4920678302689376,0.018474518983907312,0.0,0.0,0.0
D2,7,zero,51,True,True,True,12.593188389920833,False,False,False,False,,,5.009999999999938,0.0,warmup,0.5121655145357621,1.2468573748815532,0.021948901648773615,0.0,0.0,0.0
D2,7,zero,52,True,True,True,11.146518413117931,False,False,False,False,,,5.009999999999938,0.0,intermediate,0.5619201427171274,1.0007040595710093,0.020153368232881087,0.0,0.0,0.0
D2,7,zero,53,False,True,False,10.933532139994828,False,False,False,False,unstable box motion,timeout,0.0,0.0,full,0.5243303082272294,0.9612646556452364,0.02704959192079744,0.0,0.0,0.0
D2,7,zero,54,True,True,True,11.645497721620153,False,False,False,False,,,5.009999999999938,0.0,warmup,0.4863359531545361,1.2434969451900522,0.019740720266721527,0.0,0.0,0.0
D2,7,zero,55,True,True,True,10.372984641335833,False,False,False,False,,,5.009999999999938,0.0,intermediate,0.4252483777736942,1.264293204911614,0.019829078470073987,0.0,0.0,0.0
D2,7,zero,56,True,True,True,15.660273121656271,False,False,False,False,,,5.009999999999938,0.0,full,0.5295575228792385,1.4527831122188495,0.02125027016567552,0.0,0.0,0.0
D2,7,zero,57,True,True,True,11.664993813367882,False,False,False,False,,,5.009999999999938,0.0,warmup,0.5141180905828481,1.2082259258941315,0.020046614578491457,0.0,0.0,0.0
D2,7,zero,58,True,True,True,12.833310439344888,False,False,False,False,,,5.009999999999938,0.0,intermediate,0.44073145090136284,1.0827524946051303,0.017661037809848682,0.0,0.0,0.0
D2,7,zero,59,False,True,False,10.786813377918,False,False,False,False,unstable box motion,timeout,0.0,0.0,full,0.5261049150037435,1.2326145627183616,0.028961401730140612,0.0,0.0,0.0
D2,7,zero,60,True,True,True,14.057405083535322,False,False,False,False,,,5.009999999999938,0.0,warmup,0.5030441815117926,1.235296079410372,0.01947456560739661,0.0,0.0,0.0
D2,7,zero,61,True,True,True,11.722104758643887,False,False,False,False,,,5.009999999999938,0.0,intermediate,0.5389551631654701,1.197412975915647,0.0213238570614697,0.0,0.0,0.0
D2,7,zero,62,True,True,True,10.638377386630937,False,False,False,False,,,5.009999999999938,0.0,full,0.37411391740488836,0.778022602554542,0.01676448897332273,0.0,0.0,0.0
D2,7,zero,63,True,True,True,12.649191696082571,False,False,False,False,,,5.009999999999938,0.0,warmup,0.5180958832674765,1.1775949033705304,0.021361247207560653,0.0,0.0,0.0
D2,7,zero,64,True,True,True,10.973253038263325,False,False,False,False,,,5.009999999999938,0.0,intermediate,0.4319834064826628,1.2497602045329117,0.021161324741186725,0.0,0.0,0.0
D2,7,zero,65,True,True,True,15.340810501620641,False,False,False,False,,,5.009999999999938,0.0,full,0.46955263519301244,1.3618770382643257,0.01980480690814856,0.0,0.0,0.0
D2,7,zero,66,True,True,True,12.677741184117474,False,False,False,False,,,5.009999999999938,0.0,warmup,0.5144610774914211,1.2260844704151872,0.020090461804586887,0.0,0.0,0.0
D2,7,zero,67,True,True,True,11.289540440513754,False,False,False,False,,,5.009999999999938,0.0,intermediate,0.4243514781482216,1.2158876925074258,0.01831588588599263,0.0,0.0,0.0
D2,7,zero,68,True,True,True,15.368647798306753,False,False,False,False,,,5.009999999999938,0.0,full,0.41267677704972583,0.8528733183238331,0.01889109077635428,0.0,0.0,0.0
D2,7,zero,69,True,True,True,13.02834171804609,False,False,False,False,,,5.009999999999938,0.0,warmup,0.49438308838503003,1.1989058255816771,0.02116964247775522,0.0,0.0,0.0
D2,7,zero,70,True,True,True,12.037024274117723,False,False,False,False,,,5.009999999999938,0.0,intermediate,0.45607536866522447,1.0072921878164434,0.0192772741060451,0.0,0.0,0.0
D2,7,zero,71,False,True,False,15.433544709994084,False,False,False,False,unstable box motion,timeout,4.989999999999938,0.0,full,0.4890386342296652,1.3446198045538313,0.022905367738605516,0.0,0.0,0.0
D2,7,zero,72,True,True,True,11.253358843153073,False,False,False,False,,,5.009999999999938,0.0,warmup,0.5181769401123936,1.2214768875486623,0.021342074279822477,0.0,0.0,0.0
D2,7,zero,73,True,True,True,12.704304638292744,False,False,False,False,,,5.009999999999938,0.0,intermediate,0.47561330230223386,1.274057400905906,0.019915115891681334,0.0,0.0,0.0
D2,7,zero,74,False,True,False,16.170052108648875,False,False,False,False,unstable box motion,timeout,0.0,0.0,full,0.6302656463012763,1.2363069994594955,23.177463378213357,0.0,0.0,0.0
D2,7,zero,75,True,True,True,11.439538438209095,False,False,False,False,,,5.009999999999938,0.0,warmup,0.5128891502103221,1.1693339809485719,0.021418575610176786,0.0,0.0,0.0
D2,7,zero,76,True,True,True,13.65858490353449,False,False,False,False,,,5.009999999999938,0.0,intermediate,0.5029775957233502,1.1173203785729031,0.02069733803756278,0.0,0.0,0.0
D2,7,zero,77,True,True,True,12.9885380553889,False,False,False,False,,,5.009999999999938,0.0,full,0.6217022090206814,1.178149402500111,0.02167264268834317,0.0,0.0,0.0
D2,7,zero,78,True,True,True,11.579932007309846,False,False,False,False,,,5.009999999999938,0.0,warmup,0.48107140492051537,1.2237028225935525,0.02093420330393901,0.0,0.0,0.0
D2,7,zero,79,True,True,True,13.327972300868613,False,False,False,False,,,5.009999999999938,0.0,intermediate,0.5582002597826974,1.2360374228455522,0.022487497815232696,0.0,0.0,0.0
D2,7,zero,80,True,True,True,16.79779276338605,False,False,False,False,,,5.009999999999938,0.0,full,0.5342840136425704,1.0989328427743525,0.01937287022145817,0.0,0.0,0.0
D2,7,zero,81,True,True,True,11.702742204433184,False,False,False,False,,,5.009999999999938,0.0,warmup,0.5198020969208147,1.2222703211615975,0.0213072660232238,0.0,0.0,0.0
D2,7,zero,82,True,True,True,12.239620224079825,False,False,False,False,,,5.009999999999938,0.0,intermediate,0.5418115409414938,1.2476588704407745,0.024569543678928565,0.0,0.0,0.0
D2,7,zero,83,True,True,True,11.423128473811131,False,False,False,False,,,5.009999999999938,0.0,full,0.48067514698452624,1.3134212480291771,0.01974474007279419,0.0,0.0,0.0
D2,7,zero,84,True,True,True,13.588868421141397,False,False,False,False,,,5.009999999999938,0.0,warmup,0.5182181653316911,1.240184064601315,0.019831222033441214,0.0,0.0,0.0
D2,7,zero,85,True,True,True,11.356662981263307,False,False,False,False,,,5.009999999999938,0.0,intermediate,0.4215685252329265,1.096261173554801,0.01684891901132032,0.0,0.0,0.0
D2,7,zero,86,True,True,True,12.991816402205323,False,False,False,False,,,5.009999999999938,0.0,full,0.45929631408227567,1.3403272016459777,0.02044558400660955,0.0,0.0,0.0
D2,7,zero,87,True,True,True,12.987130020782711,False,False,False,False,,,5.009999999999938,0.0,warmup,0.5101437457234121,1.2259015013553074,0.020767704750459248,0.0,0.0,0.0
D2,7,zero,88,True,True,True,13.57414980434687,False,False,False,False,,,5.009999999999938,0.0,intermediate,0.510237487959977,1.36657991163753,0.021568404595461662,0.0,0.0,0.0
D2,7,zero,89,True,True,True,13.648355069340372,False,False,False,False,,,5.009999999999938,0.0,full,0.670320389540348,1.0790204426581789,0.020731911146645784,0.0,0.0,0.0
D2,7,zero,90,True,True,True,12.41082013218532,False,False,False,False,,,5.009999999999938,0.0,warmup,0.4871652420600959,1.1732984908471253,0.0192726020695391,0.0,0.0,0.0
D2,7,zero,91,True,True,True,13.973000566125918,False,False,False,False,,,5.009999999999938,0.0,intermediate,0.5063899162248642,1.2129222183053707,0.021088217757763466,0.0,0.0,0.0
D2,7,zero,92,True,True,True,15.406735437934145,False,False,False,False,,,5.009999999999938,0.0,full,0.39331817024535876,1.05629062348945,0.021598286396971207,0.0,0.0,0.0
D2,7,zero,93,True,True,True,12.04264228239495,False,False,False,False,,,5.009999999999938,0.0,warmup,0.4809392138214365,1.1890876549511458,0.019615753589066653,0.0,0.0,0.0
D2,7,zero,94,True,True,True,11.194654704593827,False,False,False,False,,,5.009999999999938,0.0,intermediate,0.5615218737550742,1.3768853723217598,0.02209375225901859,0.0,0.0,0.0
D2,7,zero,95,True,True,True,10.858965838949505,False,False,False,False,,,5.009999999999938,0.0,full,0.6818918618697445,0.7643543624064467,0.01789121460884787,0.0,0.0,0.0
D2,7,zero,96,True,True,True,11.483098209468753,False,False,False,False,,,5.009999999999938,0.0,warmup,0.5053135879878038,1.1841457332405028,0.019967508628679808,0.0,0.0,0.0
D2,7,zero,97,False,True,False,11.251177835403844,False,False,False,False,unstable box motion,timeout,0.3000000000000001,0.0,intermediate,0.5212111576019438,1.2965194086396024,0.026252759252292687,0.0,0.0,0.0
D2,7,zero,98,True,True,True,14.224999763186673,False,False,False,False,,,5.009999999999938,0.0,full,0.3626765151612195,1.1750646730460341,0.018789776779400906,0.0,0.0,0.0
D2,7,zero,99,True,True,True,13.715144922363443,False,False,False,False,,,5.009999999999938,0.0,warmup,0.4854086464968972,1.192907376054963,0.01923333992859854,0.0,0.0,0.0
D2,17,learned,0,False,True,False,14.9522293514792,True,True,False,True,emergency force,emergency contact force exceeded,0.0,0.0,warmup,0.5128083197961336,1.1512648415214817,0.3317462606784484,2.7388125248096213,1.0275620308171198,3.075610399246216
D2,17,learned,1,False,True,False,14.329955963095463,True,True,False,True,emergency force,emergency contact force exceeded,0.0,0.0,intermediate,0.5583821710176411,1.2738890168815886,0.2572101873508308,2.7553779359379242,0.9764858892113708,2.8947436809539795
D2,17,learned,2,False,True,False,11.368157899182425,True,True,False,True,emergency force,emergency contact force exceeded,0.0,0.0,full,0.42594280942227786,0.9534267532589371,0.1676707083867796,2.766939557577153,0.9660270790286039,2.978928327560425
D2,17,learned,3,False,True,False,15.656553596356467,True,True,False,True,emergency force,emergency contact force exceeded,0.0,0.0,warmup,0.509978780669319,1.1525834806578006,0.29738975758716474,2.75562989545296,1.0561375445779413,3.1100916862487793
D2,17,learned,4,False,True,False,15.695802320016117,True,True,False,True,emergency force,emergency contact force exceeded,0.0,0.0,intermediate,0.5696580900535205,1.2016692008919285,0.04820497785571856,2.577498384408725,0.815338944279247,2.8930671215057373
D2,17,learned,5,False,True,False,12.694950875003236,True,True,False,True,emergency force,emergency contact force exceeded,0.0,0.0,full,0.4265115823194439,1.437154991672124,0.0744026062073614,2.6253423470793513,0.9091286409779319,2.5197196006774902
D2,17,learned,6,False,True,False,14.08644166706857,True,True,False,True,emergency force,emergency contact force exceeded,0.0,0.0,warmup,0.5075895884587166,1.2407813524535225,0.3450129985563925,2.6412194474172623,1.0020639542671084,2.938570737838745
D2,17,learned,7,False,True,False,14.678601158562497,True,True,False,True,emergency force,emergency contact force exceeded,0.0,0.0,intermediate,0.48690102169905397,1.038737655570714,0.06590506166723412,2.7115488229116775,0.9372584144542883,2.599412441253662
D2,17,learned,8,False,True,False,15.773731246226038,True,True,False,True,emergency force,emergency contact force exceeded,0.0,0.0,full,0.505785052514625,1.5431761150884702,0.07903550486120262,2.696872394914365,0.9708718385886063,2.725527048110962
D2,17,learned,9,False,True,False,13.291399662031822,True,True,False,True,emergency force,emergency contact force exceeded,0.0,0.0,warmup,0.49479990440431754,1.1688952171756082,0.27723291400490596,2.714255899725904,1.0026620502982821,2.7823190689086914
D2,17,learned,10,False,True,False,13.533163524719116,True,True,False,True,emergency force,emergency contact force exceeded,0.0,0.0,intermediate,0.5579570453338745,1.2889912019305365,0.3080251694465048,2.5870702990727605,0.9767958057990063,2.8967270851135254
D2,17,learned,11,False,True,False,17.274854564215296,False,False,False,False,unstable box motion,timeout,0.0,0.0,full,0.637714525300757,1.1834188609198721,58.98545884880369,2.894444143311013,1.663736761819039,2.5176239013671875
D2,17,learned,12,False,True,False,13.99705373023433,True,True,False,True,emergency force,emergency contact force exceeded,0.0,0.0,warmup,0.5009263118149376,1.2188247958799947,0.3001762625389084,2.671627303703954,1.016092371706869,3.0042688846588135
D2,17,learned,13,False,True,False,15.33937768960619,True,True,False,True,emergency force,emergency contact force exceeded,0.0,0.0,intermediate,0.5721493389616075,1.0132527290956106,0.03192760226535823,2.781327130198281,0.7600524613292876,3.0739352703094482
D2,17,learned,14,False,True,False,13.413231505002846,True,True,False,True,emergency force,emergency contact force exceeded,0.0,0.0,full,0.47084174840317594,1.1668854451158555,0.016796967201381578,2.8702365881727605,0.25126835466405784,3.066929578781128
D2,17,learned,15,False,True,False,13.081623528227647,True,True,False,True,emergency force,emergency contact force exceeded,0.0,0.0,warmup,0.48738766261608873,1.2336237205624674,0.3244513866646035,2.696799004852587,1.0425956957584734,3.044326066970825
D2,17,learned,16,False,True,False,13.938760321790511,True,True,False,True,emergency force,emergency contact force exceeded,0.0,0.0,intermediate,0.44463355547976935,1.2760410585312312,0.2578680326053158,2.822617410518369,1.0431920631196012,3.0959558486938477
D2,17,learned,17,False,True,False,14.73883565437227,True,False,False,False,unstable box motion,timeout,0.0,0.0,full,0.545833674323523,1.1579762526510662,50.9382480965698,3.215939148531045,1.349224268613117,2.6084606647491455
D2,17,learned,18,False,True,False,12.45597931684173,True,True,False,True,emergency force,emergency contact force exceeded,0.0,0.0,warmup,0.49298274539423165,1.2346759141610777,0.2423552618697407,2.692138040324896,0.9874751957921455,2.9676499366760254
D2,17,learned,19,False,True,False,13.801467563254704,True,False,False,False,unstable box motion,timeout,3.279999999999974,0.0,intermediate,0.4838916734878356,1.3374730526845824,0.023264593617892473,2.832592403520889,0.23785888301208616,2.9908864498138428
D2,17,learned,20,False,True,False,13.917203594938906,True,True,False,True,emergency force,emergency contact force exceeded,0.0,0.0,full,0.5020057240424289,0.7954649007207342,0.3141723833273093,2.70574556667712,0.984003151104284,2.943882703781128
D2,17,learned,21,False,True,False,13.809706852453122,True,True,False,True,emergency force,emergency contact force exceeded,0.0,0.0,warmup,0.4904104543646842,1.1673474497063143,0.30278785804223773,2.64237893840239,0.9936033612332091,2.933542251586914
D2,17,learned,22,False,True,False,12.777510235467142,True,True,False,True,emergency force,emergency contact force exceeded,0.0,0.0,intermediate,0.4526350727341898,1.1252112590506311,0.32438363624356265,2.7267499639341772,1.0122786954913325,2.9076952934265137
D2,17,learned,23,False,True,False,15.07349284163449,True,False,False,False,unstable box motion,timeout,0.0,0.0,full,0.4904961771661215,1.343875645190756,27.82350337455141,2.7092925109131576,0.7561512417239802,2.597926139831543
D2,17,learned,24,False,True,False,14.511854657803674,True,True,False,True,emergency force,emergency contact force exceeded,0.0,0.0,warmup,0.5109693765412465,1.211283449106051,0.3034811640356419,2.7200224088758604,1.0319500760835352,2.991572380065918
D2,17,learned,25,False,True,False,14.786793010056112,True,True,False,True,emergency force,emergency contact force exceeded,0.0,0.0,intermediate,0.5317344461251952,1.0067531604749642,0.19252359274340644,2.6576142181627844,1.1285421760131915,2.7759947776794434
D2,17,learned,26,False,True,False,16.137649263815007,True,True,False,True,emergency force,emergency contact force exceeded,0.0,0.0,full,0.5135364956319597,0.9791037239291087,0.11640227403400154,2.644609475051555,0.8938974868838808,2.5163352489471436
D2,17,learned,27,False,True,False,14.485799633686256,True,True,False,True,emergency force,emergency contact force exceeded,0.0,0.0,warmup,0.48896578770858773,1.2364416551319382,0.33700699225468755,2.7550433566341046,1.0479322814812453,3.0902810096740723
D2,17,learned,28,False,True,False,14.12947325424209,True,True,False,True,emergency force,emergency contact force exceeded,0.0,0.0,intermediate,0.46606083056516756,1.0333475627374389,0.32015961206497806,2.7632095126116467,1.0706770097818767,3.107456922531128
D2,17,learned,29,False,True,False,15.063471213072972,True,True,False,True,emergency force,emergency contact force exceeded,0.0,0.0,full,0.4781300590747878,1.1076903259488948,0.162376209813741,2.6763361282584692,1.0813911717224827,2.92464280128479
D2,17,learned,30,False,True,False,14.273304078054219,True,True,False,True,emergency force,emergency contact force exceeded,0.0,0.0,warmup,0.500472282046089,1.2042566690466316,0.31213301877219113,2.779190951902252,1.0381148635986306,2.9694106578826904
D2,17,learned,31,False,True,False,12.657914929166669,True,True,False,True,emergency force,emergency contact force exceeded,0.0,0.0,intermediate,0.42123466907856777,1.253002323925152,0.24527493478149903,2.7496782891154687,0.9790800418261261,2.9006190299987793
D2,17,learned,32,False,True,False,13.646158613977246,True,True,False,True,emergency force,emergency contact force exceeded,0.0,0.0,full,0.49655863214725254,1.0809459611070078,0.08073868091874996,2.8517755809927032,1.0024434243712355,2.984840154647827
D2,17,learned,33,False,True,False,14.414422775276778,True,True,False,True,emergency force,emergency contact force exceeded,0.0,0.0,warmup,0.4824355574271533,1.21891463319844,0.15672858138191836,2.6652367240463515,1.0918817882322602,3.066580057144165
D2,17,learned,34,False,True,False,15.085394166582867,True,True,False,True,emergency force,emergency contact force exceeded,0.0,0.0,intermediate,0.5593516103811621,1.3360529847388807,0.17552626923692236,2.7606152759444944,1.058080777955743,3.0664734840393066
D2,17,learned,35,False,True,False,16.649457325159624,True,True,False,True,emergency force,emergency contact force exceeded,0.0,0.0,full,0.5821520363062294,0.9352893720189832,0.240598278224605,2.7394501360502024,1.0002886435815266,2.868319272994995
D2,17,learned,36,False,True,False,14.381674883640208,True,True,False,True,emergency force,emergency contact force exceeded,0.0,0.0,warmup,0.49003588725688896,1.1949944693625023,0.2863485857471349,2.5951236168029665,1.0583523443082765,2.9459633827209473
D2,17,learned,37,False,True,False,14.32319576708776,True,False,False,False,unstable box motion,timeout,3.2599999999999745,0.0,intermediate,0.47202966125532003,1.0718062194041447,0.019703661289633887,2.817540582160242,0.24472591714401332,3.018037796020508
D2,17,learned,38,False,True,False,12.521215147799964,True,True,False,True,emergency force,emergency contact force exceeded,0.0,0.0,full,0.39720311956649396,1.1780777381288443,0.27081053733822746,2.3811918345392336,0.8705017820067771,2.5370631217956543
D2,17,learned,39,False,True,False,14.509389345911801,True,True,False,True,emergency force,emergency contact force exceeded,0.0,0.0,warmup,0.48760734892737573,1.2436457867865334,0.35380431866509876,2.6793388126646365,1.0428615084794515,3.096548080444336
D2,17,learned,40,False,True,False,14.69326691879471,True,True,False,True,emergency force,emergency contact force exceeded,0.0,0.0,intermediate,0.4697590305539757,1.000828031345263,0.3236206740100633,2.6636428003314143,1.0136971823126077,2.588526725769043
D2,17,learned,41,False,True,False,15.982053290291532,True,True,False,True,emergency force,emergency contact force exceeded,0.0,0.0,full,0.5399893072381774,1.543457179043201,0.20158594005711125,2.73397857463389,0.9331676085542852,2.9912068843841553
D2,17,learned,42,False,True,False,14.140544839208093,True,True,False,True,emergency force,emergency contact force exceeded,0.0,0.0,warmup,0.4885757854329753,1.2269349832847654,0.3467990636051785,2.742811610940256,1.0325620935585063,2.7201008796691895
D2,17,learned,43,False,True,False,16.392026632619952,True,True,False,True,emergency force,emergency contact force exceeded,0.0,0.0,intermediate,0.5760872145672483,1.17039712756378,0.19310299440426001,2.7837824937197246,0.9354156208141605,2.9919233322143555
D2,17,learned,44,False,True,False,10.609473913137663,True,True,False,True,emergency force,emergency contact force exceeded,0.0,0.0,full,0.38303639555873803,1.338079672902308,0.13920596792627,2.8726071810123197,0.9908389634155965,3.0173285007476807
D2,17,learned,45,False,True,False,14.329350010287406,True,True,False,True,emergency force,emergency contact force exceeded,0.0,0.0,warmup,0.49174394141055583,1.2240044962498438,0.27520634951292194,2.7011833083166477,0.9775054194742725,3.068476438522339
D2,17,learned,46,False,True,False,13.702236818507016,True,False,False,False,unstable box motion,timeout,3.3399999999999728,0.0,intermediate,0.43827127758724876,1.208110249995769,0.017596731980456547,2.7597439015821763,0.23300705731979438,3.0085501670837402
D2,17,learned,47,False,True,False,15.444376660614566,True,True,False,True,emergency force,emergency contact force exceeded,0.0,0.0,full,0.6424065509628292,1.102805538886461,0.21402569872118696,2.798267948484432,0.8744712558480493,3.2140614986419678
D2,17,learned,48,False,True,False,13.811293613317936,True,True,False,True,emergency force,emergency contact force exceeded,0.0,0.0,warmup,0.5085148659503609,1.174116055562226,0.30665764537911816,2.706893069627742,1.0352008429512676,3.0899863243103027
D2,17,learned,49,False,True,False,12.895526451022075,True,True,False,True,emergency force,emergency contact force exceeded,0.0,0.0,intermediate,0.45103892656726835,1.2464647082307405,0.28787992603055973,2.7341323105924866,1.0602739154152117,3.064539909362793
D2,17,learned,50,False,True,False,12.949736937783396,True,True,False,True,emergency force,emergency contact force exceeded,0.0,0.0,full,0.3726770816353148,1.4920678302689376,0.22573347621645587,2.491563528309693,0.847445917049689,2.5989303588867188
D2,17,learned,51,False,True,False,13.48627160169111,True,True,False,True,emergency force,emergency contact force exceeded,0.0,0.0,warmup,0.5121655145357621,1.2468573748815532,0.29841993007495904,2.696644709725118,1.0323029961902648,3.0421981811523438
D2,17,learned,52,False,True,False,14.945333692184402,True,True,False,False,unstable box motion,timeout,3.319999999999973,0.0,intermediate,0.5619201427171274,1.0007040595710093,0.017748533710505252,2.8053927613637137,0.22092884664423765,3.0170211791992188
D2,17,learned,53,False,True,False,14.66049410125008,True,True,False,True,emergency force,emergency contact force exceeded,0.0,0.0,full,0.5243303082272294,0.9612646556452364,0.28602691879059927,2.782943474753591,1.0624714775453552,3.0408804416656494
D2,17,learned,54,False,True,False,14.260398764233642,True,True,False,True,emergency force,emergency contact force exceeded,0.0,0.0,warmup,0.4863359531545361,1.2434969451900522,0.29839243358501844,2.6643812734650756,1.0177788240118668,3.076592206954956
D2,17,learned,55,False,True,False,11.926426975523144,True,True,False,True,emergency force,emergency contact force exceeded,0.0,0.0,intermediate,0.4252483777736942,1.264293204911614,0.2166515533071266,2.745713480694601,1.0618178996733052,3.0687286853790283
D2,17,learned,56,False,True,False,14.717904477174663,True,False,False,False,unstable box motion,timeout,0.0,0.0,full,0.5295575228792385,1.4527831122188495,38.12850325142979,2.767705296587045,0.9956160435985242,2.540614604949951
D2,17,learned,57,False,True,False,15.044844459677817,True,True,False,True,emergency force,emergency contact force exceeded,0.0,0.0,warmup,0.5141180905828481,1.2082259258941315,0.33006321658808085,2.754519260693981,1.0452274434769957,3.1063711643218994
D2,17,learned,58,False,True,False,14.572321188227592,True,True,False,True,emergency force,emergency contact force exceeded,0.0,0.0,intermediate,0.44073145090136284,1.0827524946051303,0.19321194103860073,2.670660542809248,1.0900996999589951,2.7818503379821777
D2,17,learned,59,False,True,False,13.78455775643781,True,True,False,True,emergency force,emergency contact force exceeded,0.0,0.0,full,0.5261049150037435,1.2326145627183616,0.23930944984215294,2.8345018259891677,1.0458044352144311,3.0939223766326904
D2,17,learned,60,False,True,False,15.643315001470906,True,True,False,True,emergency force,emergency contact force exceeded,0.0,0.0,warmup,0.5030441815117926,1.235296079410372,0.2985139155860624,2.726906353483719,1.033901197083581,3.084839105606079
D2,17,learned,61,False,True,False,14.59709458861573,True,True,False,True,emergency force,emergency contact force exceeded,0.0,0.0,intermediate,0.5389551631654701,1.197412975915647,0.07216558811314285,2.733154176986282,0.7561887258381926,3.0291271209716797
D2,17,learned,62,False,True,False,9.4653605967775,True,True,False,True,emergency force,emergency contact force exceeded,0.0,0.0,full,0.37411391740488836,0.778022602554542,0.22126794239474026,2.5185379466875286,1.0108516761709168,2.5169310569763184
D2,17,learned,63,False,True,False,14.959189520665703,True,True,False,True,emergency force,emergency contact force exceeded,0.0,0.0,warmup,0.5180958832674765,1.1775949033705304,0.27081426949378173,2.727182483536443,1.015117445101654,3.0896425247192383
D2,17,learned,64,False,True,False,11.686752733808756,True,True,False,True,emergency force,emergency contact force exceeded,0.0,0.0,intermediate,0.4319834064826628,1.2497602045329117,0.2892273728109271,2.730758572411024,1.012830524481833,3.0016684532165527
D2,17,learned,65,False,True,False,13.457709404278997,True,True,False,True,emergency force,emergency contact force exceeded,0.0,0.0,full,0.46955263519301244,1.3618770382643257,0.12006682872300059,2.75333787226614,0.9135950069686167,2.8811540603637695
D2,17,learned,66,False,True,False,14.310764268543757,True,True,False,True,emergency force,emergency contact force exceeded,0.0,0.0,warmup,0.5144610774914211,1.2260844704151872,0.33086253908367025,2.6932885821391435,1.0203703272284246,3.0863125324249268
D2,17,learned,67,False,True,False,11.790636801589221,True,True,False,True,emergency force,emergency contact force exceeded,0.0,0.0,intermediate,0.4243514781482216,1.2158876925074258,0.24834032818762147,2.652752043637664,0.9682848754180771,2.97104811668396
D2,17,learned,68,False,True,False,11.726283002517798,True,True,False,True,emergency force,emergency contact force exceeded,0.0,0.0,full,0.41267677704972583,0.8528733183238331,0.10721295670021179,2.857082441103379,0.9375387543728679,2.94354510307312
D2,17,learned,69,False,True,False,14.575889100767645,True,True,False,True,emergency force,emergency contact force exceeded,0.0,0.0,warmup,0.49438308838503003,1.1989058255816771,0.3442282508882458,2.6480952288391286,1.0137659267169759,2.9482622146606445
D2,17,learned,70,False,True,False,14.479592279768134,True,True,False,True,emergency force,emergency contact force exceeded,0.0,0.0,intermediate,0.45607536866522447,1.0072921878164434,0.31080569597862273,2.6622324509959117,0.964595131822071,2.895505428314209
D2,17,learned,71,False,True,False,13.408000139979372,True,True,False,True,emergency force,emergency contact force exceeded,0.0,0.0,full,0.4890386342296652,1.3446198045538313,0.08764633943975597,2.873546098250919,1.012098203928155,2.9945619106292725
D2,17,learned,72,False,True,False,15.209159591568408,True,True,False,True,emergency force,emergency contact force exceeded,0.0,0.0,warmup,0.5181769401123936,1.2214768875486623,0.2854679115121831,2.7247344405219485,1.0173972945788181,3.0773496627807617
D2,17,learned,73,False,True,False,14.926725188137333,True,True,False,True,emergency force,emergency contact force exceeded,0.0,0.0,intermediate,0.47561330230223386,1.274057400905906,0.16642044546810952,2.74543956794772,1.1033829541936997,2.926171064376831
D2,17,learned,74,False,True,False,15.33927088080519,True,False,False,False,unstable box motion,timeout,0.0,0.0,full,0.6302656463012763,1.2363069994594955,47.20251862761895,2.68885038843414,1.115841770599197,2.5139639377593994
D2,17,learned,75,False,True,False,15.684702897134372,True,True,False,True,emergency force,emergency contact force exceeded,0.0,0.0,warmup,0.5128891502103221,1.1693339809485719,0.31443655006672555,2.703640717784445,1.0325961292301322,3.0806281566619873
D2,17,learned,76,False,True,False,14.812935215832129,True,True,False,True,emergency force,emergency contact force exceeded,0.0,0.0,intermediate,0.5029775957233502,1.1173203785729031,0.2283285749529137,2.6274825051333877,1.0636452161504522,2.8749568462371826
D2,17,learned,77,False,True,False,16.748689197997685,True,True,False,True,emergency force,emergency contact force exceeded,0.0,0.0,full,0.6217022090206814,1.178149402500111,0.26242027697468334,2.7520110815053296,0.9958182543208732,3.0572006702423096
D2,17,learned,78,False,True,False,14.768790623395853,True,True,False,True,emergency force,emergency contact force exceeded,0.0,0.0,warmup,0.48107140492051537,1.2237028225935525,0.31249630436476467,2.717157676729334,1.0397620717538338,3.079129219055176
D2,17,learned,79,False,True,False,16.593686485434493,True,True,False,True,emergency force,emergency contact force exceeded,0.0,0.0,intermediate,0.5582002597826974,1.2360374228455522,0.3164617798466816,2.72379738224236,1.018608506242133,2.982736110687256
D2,17,learned,80,False,True,False,13.831282584432188,False,False,False,False,unstable box motion,timeout,0.0,0.0,full,0.5342840136425704,1.0989328427743525,58.57322459252487,3.2828780580569625,1.4480006656582867,2.5950586795806885
D2,17,learned,81,False,True,False,15.43598194634703,True,True,False,True,emergency force,emergency contact force exceeded,0.0,0.0,warmup,0.5198020969208147,1.2222703211615975,0.3074104268913828,2.7363048227550957,1.0421732896754499,3.092259645462036
D2,17,learned,82,False,True,False,14.898505556580336,True,True,False,True,emergency force,emergency contact force exceeded,0.0,0.0,intermediate,0.5418115409414938,1.2476588704407745,0.2345638847682985,2.641523942290787,1.067119215461579,2.629286050796509
D2,17,learned,83,False,True,False,14.161159741387584,True,True,False,True,emergency force,emergency contact force exceeded,0.0,0.0,full,0.48067514698452624,1.3134212480291771,0.014607622579080584,2.766228268052646,0.5918673563720233,2.974229335784912
D2,17,learned,84,False,True,False,14.776930048379349,True,True,False,True,emergency force,emergency contact force exceeded,0.0,0.0,warmup,0.5182181653316911,1.240184064601315,0.29656473819681417,2.6651848423999542,1.0390802802403971,3.0629019737243652
D2,17,learned,85,False,True,False,12.465711300023226,True,True,False,True,emergency force,emergency contact force exceeded,0.0,0.0,intermediate,0.4215685252329265,1.096261173554801,0.1937210085623029,2.588320500894955,1.0668895372913942,2.6008033752441406
D2,17,learned,86,False,True,False,12.760912929294483,True,True,False,True,emergency force,emergency contact force exceeded,0.0,0.0,full,0.45929631408227567,1.3403272016459777,0.2493059113344776,2.6658445498746537,0.9871592548728552,3.058279514312744
D2,17,learned,87,False,True,False,14.461396031045574,True,True,False,True,emergency force,emergency contact force exceeded,0.0,0.0,warmup,0.5101437457234121,1.2259015013553074,0.2994737623250052,2.7496129117380783,0.9958124396400255,2.9278368949890137
D2,17,learned,88,False,True,False,15.19260756187931,True,True,False,True,emergency force,emergency contact force exceeded,0.0,0.0,intermediate,0.510237487959977,1.36657991163753,0.29673851875309015,2.723753512016289,1.0279313501882918,2.9404540061950684
D2,17,learned,89,False,True,False,16.79846696552849,True,False,False,False,unstable box motion,timeout,0.0,0.0,full,0.670320389540348,1.0790204426581789,42.314090095969206,2.4900836877867003,0.9885105481397892,2.8410441875457764
D2,17,learned,90,False,True,False,14.03361951199099,True,True,False,True,emergency force,emergency contact force exceeded,0.0,0.0,warmup,0.4871652420600959,1.1732984908471253,0.2997960633669611,2.7072381704301725,0.9921597532408598,3.079648017883301
D2,17,learned,91,False,True,False,14.83898163563879,True,True,False,True,emergency force,emergency contact force exceeded,0.0,0.0,intermediate,0.5063899162248642,1.2129222183053707,0.1396321505305551,2.634763693548504,1.1106096147821192,2.8287110328674316
D2,17,learned,92,False,True,False,11.372652535875035,True,True,False,True,emergency force,emergency contact force exceeded,0.0,0.0,full,0.39331817024535876,1.05629062348945,0.07744094011509543,2.9081479107278767,0.9169693910778406,2.9189000129699707
D2,17,learned,93,False,True,False,13.86998485087145,True,True,False,True,emergency force,emergency contact force exceeded,0.0,0.0,warmup,0.4809392138214365,1.1890876549511458,0.2006897790168966,2.6939718207098124,1.0730550324920802,3.0759503841400146
D2,17,learned,94,False,True,False,14.480882840117669,True,True,False,True,emergency force,emergency contact force exceeded,0.0,0.0,intermediate,0.5615218737550742,1.3768853723217598,0.08477814071903315,2.7082423242100093,0.7155778205394745,2.8827428817749023
D2,17,learned,95,False,True,False,16.791373700974763,True,True,False,True,emergency force,emergency contact force exceeded,0.0,0.0,full,0.6818918618697445,0.7643543624064467,0.24029584748093075,2.7925780335981125,0.9590408026922456,2.982358455657959
D2,17,learned,96,False,True,False,14.981735580584019,True,True,False,True,emergency force,emergency contact force exceeded,0.0,0.0,warmup,0.5053135879878038,1.1841457332405028,0.3110693678038304,2.716489382144322,1.0513691496030957,3.107138156890869
D2,17,learned,97,False,True,False,14.193032890874036,True,True,False,True,emergency force,emergency contact force exceeded,0.0,0.0,intermediate,0.5212111576019438,1.2965194086396024,0.3031148492970016,2.733200804348378,1.0195023035359325,2.9843251705169678
D2,17,learned,98,False,True,False,10.32808272702897,True,True,False,True,emergency force,emergency contact force exceeded,0.0,0.0,full,0.3626765151612195,1.1750646730460341,0.07844375140536584,2.7954745483115744,0.9163529553406295,2.987806558609009
D2,17,learned,99,False,True,False,14.216414364684224,True,True,False,True,emergency force,emergency contact force exceeded,0.0,0.0,warmup,0.4854086464968972,1.192907376054963,0.27231991933537913,2.658275568748856,1.0066753204024974,3.0662527084350586
D2,17,zero,0,True,True,True,11.738354911025425,False,False,False,False,,,5.009999999999938,0.0,warmup,0.5128083197961336,1.1512648415214817,0.020524704885670875,0.0,0.0,0.0
D2,17,zero,1,True,True,True,10.830579550058902,False,False,False,False,,,5.009999999999938,0.0,intermediate,0.5583821710176411,1.2738890168815886,0.021524058705885075,0.0,0.0,0.0
D2,17,zero,2,True,True,True,14.616173209565286,False,False,False,False,,,5.009999999999938,0.0,full,0.42594280942227786,0.9534267532589371,0.01892775203049847,0.0,0.0,0.0
D2,17,zero,3,True,True,True,11.568182226702957,False,False,False,False,,,5.009999999999938,0.0,warmup,0.509978780669319,1.1525834806578006,0.019745057731862987,0.0,0.0,0.0
D2,17,zero,4,True,True,True,12.364718741778496,False,False,False,False,,,5.009999999999938,0.0,intermediate,0.5696580900535205,1.2016692008919285,0.022633081379030535,0.0,0.0,0.0
D2,17,zero,5,True,True,True,13.186414426163863,False,False,False,False,,,5.009999999999938,0.0,full,0.4265115823194439,1.437154991672124,0.01958959302918034,0.0,0.0,0.0
D2,17,zero,6,True,True,True,12.46223287268657,False,False,False,False,,,5.009999999999938,0.0,warmup,0.5075895884587166,1.2407813524535225,0.020192722766563982,0.0,0.0,0.0
D2,17,zero,7,True,True,True,12.261601811426459,False,False,False,False,,,5.009999999999938,0.0,intermediate,0.48690102169905397,1.038737655570714,0.01861121414637554,0.0,0.0,0.0
D2,17,zero,8,True,True,True,14.926811516078901,False,False,False,False,,,5.009999999999938,0.0,full,0.505785052514625,1.5431761150884702,0.020777114905751404,0.0,0.0,0.0
D2,17,zero,9,True,True,True,12.771315230132634,False,False,False,False,,,5.009999999999938,0.0,warmup,0.49479990440431754,1.1688952171756082,0.019264537339446296,0.0,0.0,0.0
D2,17,zero,10,True,True,True,12.521168372504572,False,False,False,False,,,5.009999999999938,0.0,intermediate,0.5579570453338745,1.2889912019305365,0.02131871344685938,0.0,0.0,0.0
D2,17,zero,11,True,True,True,13.487418966169331,False,False,False,False,,,5.009999999999938,0.0,full,0.637714525300757,1.1834188609198721,0.021447244954935992,0.0,0.0,0.0
D2,17,zero,12,True,True,True,11.846786047031546,False,False,False,False,,,5.009999999999938,0.0,warmup,0.5009263118149376,1.2188247958799947,0.01921838984294255,0.0,0.0,0.0
D2,17,zero,13,True,True,True,11.137920408588595,False,False,False,False,,,5.009999999999938,0.0,intermediate,0.5721493389616075,1.0132527290956106,0.020717342775059128,0.0,0.0,0.0
D2,17,zero,14,False,True,False,15.155238321123084,False,False,False,False,unstable box motion,timeout,0.03,0.0,full,0.47084174840317594,1.1668854451158555,0.026557507917864553,0.0,0.0,0.0
D2,17,zero,15,True,True,True,12.399727102133248,False,False,False,False,,,5.009999999999938,0.0,warmup,0.48738766261608873,1.2336237205624674,0.019552985343880152,0.0,0.0,0.0
D2,17,zero,16,True,True,True,10.543584403839262,False,False,False,False,,,5.009999999999938,0.0,intermediate,0.44463355547976935,1.2760410585312312,0.020276664806378623,0.0,0.0,0.0
D2,17,zero,17,True,True,True,15.672199567182052,False,False,False,False,,,5.009999999999938,0.0,full,0.545833674323523,1.1579762526510662,0.017107805017850253,0.0,0.0,0.0
D2,17,zero,18,True,True,True,11.322579746573014,False,False,False,False,,,5.009999999999938,0.0,warmup,0.49298274539423165,1.2346759141610777,0.01925566826692108,0.0,0.0,0.0
D2,17,zero,19,True,True,True,11.155680855521663,False,False,False,False,,,5.009999999999938,0.0,intermediate,0.4838916734878356,1.3374730526845824,0.024876101120294845,0.0,0.0,0.0
D2,17,zero,20,True,True,True,13.026208480181129,False,False,False,False,,,5.009999999999938,0.0,full,0.5020057240424289,0.7954649007207342,0.01789318386298323,0.0,0.0,0.0
D2,17,zero,21,True,True,True,12.683176769608474,False,False,False,False,,,5.009999999999938,0.0,warmup,0.4904104543646842,1.1673474497063143,0.018642198329941247,0.0,0.0,0.0
D2,17,zero,22,True,True,True,10.681627400806933,False,False,False,False,,,5.009999999999938,0.0,intermediate,0.4526350727341898,1.1252112590506311,0.018561166107325437,0.0,0.0,0.0
D2,17,zero,23,True,True,True,16.48203204477007,False,False,False,False,,,5.009999999999938,0.0,full,0.4904961771661215,1.343875645190756,0.019752857920643112,0.0,0.0,0.0
D2,17,zero,24,True,True,True,11.429635162153506,False,False,False,False,,,5.009999999999938,0.0,warmup,0.5109693765412465,1.211283449106051,0.019960664302061885,0.0,0.0,0.0
D2,17,zero,25,True,True,True,11.548916252243453,False,False,False,False,,,5.009999999999938,0.0,intermediate,0.5317344461251952,1.0067531604749642,0.023471311417128774,0.0,0.0,0.0
D2,17,zero,26,True,True,True,13.734417413825255,False,False,False,False,,,5.009999999999938,0.0,full,0.5135364956319597,0.9791037239291087,0.019078146087533176,0.0,0.0,0.0
D2,17,zero,27,True,True,True,13.644535779155124,False,False,False,False,,,5.009999999999938,0.0,warmup,0.48896578770858773,1.2364416551319382,0.019642584295162437,0.0,0.0,0.0
D2,17,zero,28,True,True,True,12.733471125530139,False,False,False,False,,,5.009999999999938,0.0,intermediate,0.46606083056516756,1.0333475627374389,0.018909839435079328,0.0,0.0,0.0
D2,17,zero,29,True,True,True,12.599032010864597,False,False,False,False,,,5.009999999999938,0.0,full,0.4781300590747878,1.1076903259488948,0.017900430311176076,0.0,0.0,0.0
D2,17,zero,30,True,True,True,12.103391048363374,False,False,False,False,,,5.009999999999938,0.0,warmup,0.500472282046089,1.2042566690466316,0.02134140268833359,0.0,0.0,0.0
D2,17,zero,31,True,True,True,9.765438339959955,False,False,False,False,,,5.009999999999938,0.0,intermediate,0.42123466907856777,1.253002323925152,0.02106934490308074,0.0,0.0,0.0
D2,17,zero,32,True,True,True,15.514522121129373,False,False,False,False,,,5.009999999999938,0.0,full,0.49655863214725254,1.0809459611070078,0.020464976506717518,0.0,0.0,0.0
D2,17,zero,33,True,True,True,12.160583709270684,False,False,False,False,,,5.009999999999938,0.0,warmup,0.4824355574271533,1.21891463319844,0.01879245097104759,0.0,0.0,0.0
D2,17,zero,34,True,True,True,12.147443313738606,False,False,False,False,,,5.009999999999938,0.0,intermediate,0.5593516103811621,1.3360529847388807,0.024879432704356705,0.0,0.0,0.0
D2,17,zero,35,True,True,True,13.55928262275364,False,False,False,False,,,5.009999999999938,0.0,full,0.5821520363062294,0.9352893720189832,0.018317930834546144,0.0,0.0,0.0
D2,17,zero,36,True,True,True,13.716412862449031,False,False,False,False,,,5.009999999999938,0.0,warmup,0.49003588725688896,1.1949944693625023,0.01796843022675573,0.0,0.0,0.0
D2,17,zero,37,True,True,True,11.095700036819728,False,False,False,False,,,5.009999999999938,0.0,intermediate,0.47202966125532003,1.0718062194041447,0.018868581266375584,0.0,0.0,0.0
D2,17,zero,38,True,True,True,13.880949274654087,False,False,False,False,,,5.009999999999938,0.0,full,0.39720311956649396,1.1780777381288443,0.019673506655049418,0.0,0.0,0.0
D2,17,zero,39,True,True,True,11.526520114446598,False,False,False,False,,,5.009999999999938,0.0,warmup,0.48760734892737573,1.2436457867865334,0.019385065029217455,0.0,0.0,0.0
D2,17,zero,40,True,True,True,12.061099445506247,False,False,False,False,,,5.009999999999938,0.0,intermediate,0.4697590305539757,1.000828031345263,0.017596014798999617,0.0,0.0,0.0
D2,17,zero,41,True,True,True,11.504657684614092,False,False,False,False,,,5.009999999999938,0.0,full,0.5399893072381774,1.543457179043201,0.02173951781237901,0.0,0.0,0.0
D2,17,zero,42,True,True,True,12.897892983577803,False,False,False,False,,,5.009999999999938,0.0,warmup,0.4885757854329753,1.2269349832847654,0.019759561578133057,0.0,0.0,0.0
D2,17,zero,43,True,True,True,12.537669787151682,False,False,False,False,,,5.009999999999938,0.0,intermediate,0.5760872145672483,1.17039712756378,0.020583550771206962,0.0,0.0,0.0
D2,17,zero,44,False,True,False,15.096611338962546,False,False,False,False,unstable box motion,timeout,4.319999999999952,0.0,full,0.38303639555873803,1.338079672902308,0.024257387971864056,0.0,0.0,0.0
D2,17,zero,45,True,True,True,11.375084214706135,False,False,False,False,,,5.009999999999938,0.0,warmup,0.49174394141055583,1.2240044962498438,0.021107896776920747,0.0,0.0,0.0
D2,17,zero,46,True,True,True,12.188356921533073,False,False,False,False,,,5.009999999999938,0.0,intermediate,0.43827127758724876,1.208110249995769,0.019624434893668836,0.0,0.0,0.0
D2,17,zero,47,True,True,True,12.631155603772365,False,False,False,False,,,5.009999999999938,0.0,full,0.6424065509628292,1.102805538886461,0.02234347624032534,0.0,0.0,0.0
D2,17,zero,48,True,True,True,12.103540904387291,False,False,False,False,,,5.009999999999938,0.0,warmup,0.5085148659503609,1.174116055562226,0.019925626213098395,0.0,0.0,0.0
D2,17,zero,49,False,True,False,10.888682556938575,False,False,False,False,unstable box motion,timeout,4.9199999999999395,0.0,intermediate,0.45103892656726835,1.2464647082307405,0.023403004107901977,0.0,0.0,0.0
D2,17,zero,50,True,True,True,12.871844227990742,False,False,False,False,,,5.009999999999938,0.0,full,0.3726770816353148,1.4920678302689376,0.018474518983907312,0.0,0.0,0.0
D2,17,zero,51,True,True,True,12.593188389920833,False,False,False,False,,,5.009999999999938,0.0,warmup,0.5121655145357621,1.2468573748815532,0.021948901648773615,0.0,0.0,0.0
D2,17,zero,52,True,True,True,11.146518413117931,False,False,False,False,,,5.009999999999938,0.0,intermediate,0.5619201427171274,1.0007040595710093,0.020153368232881087,0.0,0.0,0.0
D2,17,zero,53,False,True,False,10.933532139994828,False,False,False,False,unstable box motion,timeout,0.0,0.0,full,0.5243303082272294,0.9612646556452364,0.02704959192079744,0.0,0.0,0.0
D2,17,zero,54,True,True,True,11.645497721620153,False,False,False,False,,,5.009999999999938,0.0,warmup,0.4863359531545361,1.2434969451900522,0.019740720266721527,0.0,0.0,0.0
D2,17,zero,55,True,True,True,10.372984641335833,False,False,False,False,,,5.009999999999938,0.0,intermediate,0.4252483777736942,1.264293204911614,0.019829078470073987,0.0,0.0,0.0
D2,17,zero,56,True,True,True,15.660273121656271,False,False,False,False,,,5.009999999999938,0.0,full,0.5295575228792385,1.4527831122188495,0.02125027016567552,0.0,0.0,0.0
D2,17,zero,57,True,True,True,11.664993813367882,False,False,False,False,,,5.009999999999938,0.0,warmup,0.5141180905828481,1.2082259258941315,0.020046614578491457,0.0,0.0,0.0
D2,17,zero,58,True,True,True,12.833310439344888,False,False,False,False,,,5.009999999999938,0.0,intermediate,0.44073145090136284,1.0827524946051303,0.017661037809848682,0.0,0.0,0.0
D2,17,zero,59,False,True,False,10.786813377918,False,False,False,False,unstable box motion,timeout,0.0,0.0,full,0.5261049150037435,1.2326145627183616,0.028961401730140612,0.0,0.0,0.0
D2,17,zero,60,True,True,True,14.057405083535322,False,False,False,False,,,5.009999999999938,0.0,warmup,0.5030441815117926,1.235296079410372,0.01947456560739661,0.0,0.0,0.0
D2,17,zero,61,True,True,True,11.722104758643887,False,False,False,False,,,5.009999999999938,0.0,intermediate,0.5389551631654701,1.197412975915647,0.0213238570614697,0.0,0.0,0.0
D2,17,zero,62,True,True,True,10.638377386630937,False,False,False,False,,,5.009999999999938,0.0,full,0.37411391740488836,0.778022602554542,0.01676448897332273,0.0,0.0,0.0
D2,17,zero,63,True,True,True,12.649191696082571,False,False,False,False,,,5.009999999999938,0.0,warmup,0.5180958832674765,1.1775949033705304,0.021361247207560653,0.0,0.0,0.0
D2,17,zero,64,True,True,True,10.973253038263325,False,False,False,False,,,5.009999999999938,0.0,intermediate,0.4319834064826628,1.2497602045329117,0.021161324741186725,0.0,0.0,0.0
D2,17,zero,65,True,True,True,15.340810501620641,False,False,False,False,,,5.009999999999938,0.0,full,0.46955263519301244,1.3618770382643257,0.01980480690814856,0.0,0.0,0.0
D2,17,zero,66,True,True,True,12.677741184117474,False,False,False,False,,,5.009999999999938,0.0,warmup,0.5144610774914211,1.2260844704151872,0.020090461804586887,0.0,0.0,0.0
D2,17,zero,67,True,True,True,11.289540440513754,False,False,False,False,,,5.009999999999938,0.0,intermediate,0.4243514781482216,1.2158876925074258,0.01831588588599263,0.0,0.0,0.0
D2,17,zero,68,True,True,True,15.368647798306753,False,False,False,False,,,5.009999999999938,0.0,full,0.41267677704972583,0.8528733183238331,0.01889109077635428,0.0,0.0,0.0
D2,17,zero,69,True,True,True,13.02834171804609,False,False,False,False,,,5.009999999999938,0.0,warmup,0.49438308838503003,1.1989058255816771,0.02116964247775522,0.0,0.0,0.0
D2,17,zero,70,True,True,True,12.037024274117723,False,False,False,False,,,5.009999999999938,0.0,intermediate,0.45607536866522447,1.0072921878164434,0.0192772741060451,0.0,0.0,0.0
D2,17,zero,71,False,True,False,15.433544709994084,False,False,False,False,unstable box motion,timeout,4.989999999999938,0.0,full,0.4890386342296652,1.3446198045538313,0.022905367738605516,0.0,0.0,0.0
D2,17,zero,72,True,True,True,11.253358843153073,False,False,False,False,,,5.009999999999938,0.0,warmup,0.5181769401123936,1.2214768875486623,0.021342074279822477,0.0,0.0,0.0
D2,17,zero,73,True,True,True,12.704304638292744,False,False,False,False,,,5.009999999999938,0.0,intermediate,0.47561330230223386,1.274057400905906,0.019915115891681334,0.0,0.0,0.0
D2,17,zero,74,False,True,False,16.170052108648875,False,False,False,False,unstable box motion,timeout,0.0,0.0,full,0.6302656463012763,1.2363069994594955,23.177463378213357,0.0,0.0,0.0
D2,17,zero,75,True,True,True,11.439538438209095,False,False,False,False,,,5.009999999999938,0.0,warmup,0.5128891502103221,1.1693339809485719,0.021418575610176786,0.0,0.0,0.0
D2,17,zero,76,True,True,True,13.65858490353449,False,False,False,False,,,5.009999999999938,0.0,intermediate,0.5029775957233502,1.1173203785729031,0.02069733803756278,0.0,0.0,0.0
D2,17,zero,77,True,True,True,12.9885380553889,False,False,False,False,,,5.009999999999938,0.0,full,0.6217022090206814,1.178149402500111,0.02167264268834317,0.0,0.0,0.0
D2,17,zero,78,True,True,True,11.579932007309846,False,False,False,False,,,5.009999999999938,0.0,warmup,0.48107140492051537,1.2237028225935525,0.02093420330393901,0.0,0.0,0.0
D2,17,zero,79,True,True,True,13.327972300868613,False,False,False,False,,,5.009999999999938,0.0,intermediate,0.5582002597826974,1.2360374228455522,0.022487497815232696,0.0,0.0,0.0
D2,17,zero,80,True,True,True,16.79779276338605,False,False,False,False,,,5.009999999999938,0.0,full,0.5342840136425704,1.0989328427743525,0.01937287022145817,0.0,0.0,0.0
D2,17,zero,81,True,True,True,11.702742204433184,False,False,False,False,,,5.009999999999938,0.0,warmup,0.5198020969208147,1.2222703211615975,0.0213072660232238,0.0,0.0,0.0
D2,17,zero,82,True,True,True,12.239620224079825,False,False,False,False,,,5.009999999999938,0.0,intermediate,0.5418115409414938,1.2476588704407745,0.024569543678928565,0.0,0.0,0.0
D2,17,zero,83,True,True,True,11.423128473811131,False,False,False,False,,,5.009999999999938,0.0,full,0.48067514698452624,1.3134212480291771,0.01974474007279419,0.0,0.0,0.0
D2,17,zero,84,True,True,True,13.588868421141397,False,False,False,False,,,5.009999999999938,0.0,warmup,0.5182181653316911,1.240184064601315,0.019831222033441214,0.0,0.0,0.0
D2,17,zero,85,True,True,True,11.356662981263307,False,False,False,False,,,5.009999999999938,0.0,intermediate,0.4215685252329265,1.096261173554801,0.01684891901132032,0.0,0.0,0.0
D2,17,zero,86,True,True,True,12.991816402205323,False,False,False,False,,,5.009999999999938,0.0,full,0.45929631408227567,1.3403272016459777,0.02044558400660955,0.0,0.0,0.0
D2,17,zero,87,True,True,True,12.987130020782711,False,False,False,False,,,5.009999999999938,0.0,warmup,0.5101437457234121,1.2259015013553074,0.020767704750459248,0.0,0.0,0.0
D2,17,zero,88,True,True,True,13.57414980434687,False,False,False,False,,,5.009999999999938,0.0,intermediate,0.510237487959977,1.36657991163753,0.021568404595461662,0.0,0.0,0.0
D2,17,zero,89,True,True,True,13.648355069340372,False,False,False,False,,,5.009999999999938,0.0,full,0.670320389540348,1.0790204426581789,0.020731911146645784,0.0,0.0,0.0
D2,17,zero,90,True,True,True,12.41082013218532,False,False,False,False,,,5.009999999999938,0.0,warmup,0.4871652420600959,1.1732984908471253,0.0192726020695391,0.0,0.0,0.0
D2,17,zero,91,True,True,True,13.973000566125918,False,False,False,False,,,5.009999999999938,0.0,intermediate,0.5063899162248642,1.2129222183053707,0.021088217757763466,0.0,0.0,0.0
D2,17,zero,92,True,True,True,15.406735437934145,False,False,False,False,,,5.009999999999938,0.0,full,0.39331817024535876,1.05629062348945,0.021598286396971207,0.0,0.0,0.0
D2,17,zero,93,True,True,True,12.04264228239495,False,False,False,False,,,5.009999999999938,0.0,warmup,0.4809392138214365,1.1890876549511458,0.019615753589066653,0.0,0.0,0.0
D2,17,zero,94,True,True,True,11.194654704593827,False,False,False,False,,,5.009999999999938,0.0,intermediate,0.5615218737550742,1.3768853723217598,0.02209375225901859,0.0,0.0,0.0
D2,17,zero,95,True,True,True,10.858965838949505,False,False,False,False,,,5.009999999999938,0.0,full,0.6818918618697445,0.7643543624064467,0.01789121460884787,0.0,0.0,0.0
D2,17,zero,96,True,True,True,11.483098209468753,False,False,False,False,,,5.009999999999938,0.0,warmup,0.5053135879878038,1.1841457332405028,0.019967508628679808,0.0,0.0,0.0
D2,17,zero,97,False,True,False,11.251177835403844,False,False,False,False,unstable box motion,timeout,0.3000000000000001,0.0,intermediate,0.5212111576019438,1.2965194086396024,0.026252759252292687,0.0,0.0,0.0
D2,17,zero,98,True,True,True,14.224999763186673,False,False,False,False,,,5.009999999999938,0.0,full,0.3626765151612195,1.1750646730460341,0.018789776779400906,0.0,0.0,0.0
D2,17,zero,99,True,True,True,13.715144922363443,False,False,False,False,,,5.009999999999938,0.0,warmup,0.4854086464968972,1.192907376054963,0.01923333992859854,0.0,0.0,0.0
D2,27,learned,0,False,True,False,11.867121178768237,False,False,False,False,insufficient grip,timeout,0.0,0.0,warmup,0.5128083197961336,1.1512648415214817,62.97164795636385,49.072146567090414,1.768760167017047,2.386510133743286
D2,27,learned,1,False,True,False,10.945016163942693,False,False,False,False,unstable box motion,timeout,0.0,0.0,intermediate,0.5583821710176411,1.2738890168815886,62.556282455093935,52.196961180268396,2.157898609537099,2.55587100982666
D2,27,learned,2,False,True,False,8.713002053180917,False,False,False,False,unstable box motion,timeout,0.0,0.0,full,0.42594280942227786,0.9534267532589371,61.54154691393708,50.58462248546737,2.0358674783153194,2.9668846130371094
D2,27,learned,3,False,True,False,11.713417900704819,False,False,False,False,unstable box motion,timeout,0.0,0.0,warmup,0.509978780669319,1.1525834806578006,62.73606083843364,52.012549408747255,2.006258974485099,2.960618257522583
D2,27,learned,4,False,True,False,10.946854199513258,False,False,False,False,unstable box motion,timeout,0.0,0.0,intermediate,0.5696580900535205,1.2016692008919285,62.67767644559796,52.466333883918615,1.9630173343400072,3.1215057373046875
D2,27,learned,5,False,True,False,,False,False,False,False,interception miss,box passed the interception workspace,0.0,0.0,full,0.4265115823194439,1.437154991672124,3.3972209790552865,36.382917818516354,1.6706220344831682,2.4497230052948
D2,27,learned,6,False,True,False,11.864828703466506,False,False,False,False,unstable box motion,timeout,0.0,0.0,warmup,0.5075895884587166,1.2407813524535225,62.73813573127019,52.3263007590317,1.886927495988618,2.7430613040924072
D2,27,learned,7,False,True,False,9.58882123832949,False,False,False,False,unilateral-contact failure,timeout,0.0,0.0,intermediate,0.48690102169905397,1.038737655570714,63.63030335761018,45.43074641260408,2.346633529743579,3.9831345081329346
D2,27,learned,8,False,True,False,,False,False,False,False,interception miss,box passed the interception workspace,0.0,0.0,full,0.505785052514625,1.5431761150884702,3.349775356532769,36.33324738745844,1.681608483583356,2.5530214309692383
D2,27,learned,9,False,True,False,11.928927755714795,False,False,False,False,insufficient grip,timeout,0.0,0.0,warmup,0.49479990440431754,1.1688952171756082,63.10477859706018,49.39155335729414,2.049474747510228,2.8648993968963623
D2,27,learned,10,False,True,False,12.08156219223937,False,False,False,False,insufficient grip,timeout,0.0,0.0,intermediate,0.5579570453338745,1.2889912019305365,63.1673362533452,49.39763377884816,2.2318717360629567,3.1391565799713135
D2,27,learned,11,False,True,False,10.12704787357928,False,False,False,False,insufficient grip,timeout,0.0,0.0,full,0.637714525300757,1.1834188609198721,63.820213566533596,43.82280171821843,1.7507243794236067,4.143521308898926
D2,27,learned,12,False,True,False,12.350074450404428,False,False,False,False,insufficient grip,timeout,0.0,0.0,warmup,0.5009263118149376,1.2188247958799947,63.200309130430455,47.40344574971652,1.9473331152235291,2.3981335163116455
D2,27,learned,13,False,True,False,10.089692475637982,False,False,False,False,unstable box motion,timeout,0.0,0.0,intermediate,0.5721493389616075,1.0132527290956106,62.39388544910802,51.4448096626847,2.5852830279299193,3.6938319206237793
D2,27,learned,14,False,True,False,8.665839844020294,False,False,False,False,unstable box motion,timeout,0.0,0.0,full,0.47084174840317594,1.1668854451158555,61.8187930058689,49.577432640741414,1.8515548626865659,3.009993314743042
D2,27,learned,15,False,True,False,11.841306736098735,False,False,False,False,unstable box motion,timeout,0.0,0.0,warmup,0.48738766261608873,1.2336237205624674,62.82710089133506,52.048681050121836,1.7298581809590439,3.0657472610473633
D2,27,learned,16,False,True,False,10.195617827046487,False,False,False,False,unstable box motion,timeout,0.0,0.0,intermediate,0.44463355547976935,1.2760410585312312,62.28461738240495,51.00069308137654,1.7823266589588354,2.4121482372283936
D2,27,learned,17,False,True,False,,False,False,False,False,interception miss,box passed the interception workspace,0.0,0.0,full,0.545833674323523,1.1579762526510662,3.4675086291754362,36.95991586273617,1.6755903240897365,2.4764928817749023
D2,27,learned,18,False,True,False,11.407605670425031,False,False,False,False,insufficient grip,timeout,0.0,0.0,warmup,0.49298274539423165,1.2346759141610777,63.09375324465372,50.561200328495836,2.1643301304941995,3.1816630363464355
D2,27,learned,19,False,True,False,9.501633035059598,False,False,False,False,unstable box motion,timeout,0.0,0.0,intermediate,0.4838916734878356,1.3374730526845824,62.145508228937594,50.61117581504923,2.3786184740119745,3.080784797668457
D2,27,learned,20,False,True,False,11.322545929821457,False,False,False,False,insufficient grip,timeout,0.0,0.0,full,0.5020057240424289,0.7954649007207342,62.90742054498673,49.412914993799674,2.013980952131429,3.1192498207092285
D2,27,learned,21,False,True,False,11.272622625915407,False,False,False,False,insufficient grip,timeout,0.0,0.0,warmup,0.4904104543646842,1.1673474497063143,62.99666832517022,52.14481932538984,2.3053191721771977,3.485166549682617
D2,27,learned,22,False,True,False,11.341518411778896,False,False,False,False,unstable box motion,timeout,0.0,0.0,intermediate,0.4526350727341898,1.1252112590506311,62.76666089953445,52.521203677427174,2.484428965273047,3.4773194789886475
D2,27,learned,23,False,True,False,,False,False,False,False,interception miss,box passed the interception workspace,0.0,0.0,full,0.4904961771661215,1.343875645190756,3.54545841079714,36.55063708841331,1.6807268435756366,2.4784698486328125
D2,27,learned,24,False,True,False,11.512187625870208,False,False,False,False,insufficient grip,timeout,0.0,0.0,warmup,0.5109693765412465,1.211283449106051,62.783146567665646,52.06930157999897,1.5429971100642745,2.3751049041748047
D2,27,learned,25,False,True,False,11.202302134531504,False,False,False,False,insufficient grip,timeout,0.0,0.0,intermediate,0.5317344461251952,1.0067531604749642,62.91411419376388,52.29637630783302,1.868113039987428,3.4673380851745605
D2,27,learned,26,False,True,False,11.403616790645287,False,False,False,False,unilateral-contact failure,timeout,0.0,0.0,full,0.5135364956319597,0.9791037239291087,63.880747853901134,42.89792059534405,2.9670569412197385,3.9795827865600586
D2,27,learned,27,False,True,False,12.064000679007597,False,False,False,False,insufficient grip,timeout,0.0,0.0,warmup,0.48896578770858773,1.2364416551319382,63.13820870507813,47.85136574770483,2.0521967811243873,3.0172741413116455
D2,27,learned,28,False,True,False,12.073586777540575,False,False,False,False,insufficient grip,timeout,0.0,0.0,intermediate,0.46606083056516756,1.0333475627374389,63.009363390859754,52.00961813232346,2.288752718802009,3.7184295654296875
D2,27,learned,29,False,True,False,12.977860824869545,False,False,False,False,insufficient grip,timeout,0.0,0.0,full,0.4781300590747878,1.1076903259488948,63.06099410508203,50.12974620939577,1.898318478917437,2.4544503688812256
D2,27,learned,30,False,True,False,11.745389857536978,False,False,False,False,insufficient grip,timeout,0.0,0.0,warmup,0.500472282046089,1.2042566690466316,63.20963908991697,46.67184255349352,1.9205603307485581,2.4874017238616943
D2,27,learned,31,False,True,False,8.998915964429218,False,False,False,False,unstable box motion,timeout,0.0,0.0,intermediate,0.42123466907856777,1.253002323925152,62.3829888106651,51.14992466291093,2.133955623733678,2.5660181045532227
D2,27,learned,32,False,True,False,9.243638339808633,False,False,False,False,unstable box motion,timeout,0.0,0.0,full,0.49655863214725254,1.0809459611070078,62.031187436830514,49.964962034883754,2.090507672514234,3.221982717514038
D2,27,learned,33,False,True,False,12.162332815789409,False,False,False,False,insufficient grip,timeout,0.0,0.0,warmup,0.4824355574271533,1.21891463319844,63.145820659690386,48.68581140567592,2.1856686533205876,3.373443126678467
D2,27,learned,34,False,True,False,10.594187725681486,False,False,False,False,unstable box motion,timeout,0.0,0.0,intermediate,0.5593516103811621,1.3360529847388807,62.46332335800618,51.62024009592542,2.166312122057591,2.919191837310791
D2,27,learned,35,False,True,False,12.003155961009398,False,False,False,False,insufficient grip,timeout,0.0,0.0,full,0.5821520363062294,0.9352893720189832,63.65680680456366,44.66536586530083,1.5991165333154744,3.1028189659118652
D2,27,learned,36,False,True,False,11.45021402729389,False,False,False,False,insufficient grip,timeout,0.0,0.0,warmup,0.49003588725688896,1.1949944693625023,63.27022228590175,47.57323402275338,2.1950078640000097,2.907048225402832
D2,27,learned,37,False,True,False,10.241574734912438,False,False,False,False,unstable box motion,timeout,0.0,0.0,intermediate,0.47202966125532003,1.0718062194041447,62.434124893979536,51.607655196272546,2.009560631162354,2.493769407272339
D2,27,learned,38,False,True,False,,False,False,False,False,interception miss,box passed the interception workspace,0.0,0.0,full,0.39720311956649396,1.1780777381288443,3.603722568328324,36.81315590206888,1.6851994785431184,2.54887318611145
D2,27,learned,39,False,True,False,12.01970963685292,False,False,False,False,insufficient grip,timeout,0.0,0.0,warmup,0.48760734892737573,1.2436457867865334,62.97304446387711,50.62809157030897,1.914901252907834,2.4935309886932373
D2,27,learned,40,False,True,False,11.228833035819827,False,False,False,False,unilateral-contact failure,timeout,0.0,0.0,intermediate,0.4697590305539757,1.000828031345263,63.63940522732787,45.04272494950462,2.010276166215938,3.8122525215148926
D2,27,learned,41,False,True,False,11.5915847861338,False,False,False,False,unstable box motion,timeout,0.0,0.0,full,0.5399893072381774,1.543457179043201,62.76482058652561,52.19240798433217,1.6221980752157314,2.4781100749969482
D2,27,learned,42,False,True,False,11.767388230854587,False,False,False,False,insufficient grip,timeout,0.0,0.0,warmup,0.4885757854329753,1.2269349832847654,63.04730803665961,51.35722916756891,2.2859862362081187,3.5113134384155273
D2,27,learned,43,False,True,False,11.889729989979653,False,False,False,False,unstable box motion,timeout,0.0,0.0,intermediate,0.5760872145672483,1.17039712756378,62.798206926557,52.36497963739447,1.6160763007189547,2.409865140914917
D2,27,learned,44,False,True,False,7.833102533004375,False,False,False,False,unstable box motion,timeout,0.0,0.0,full,0.38303639555873803,1.338079672902308,62.48036900615367,50.74632374681839,1.7278398387772695,3.1870222091674805
D2,27,learned,45,False,True,False,11.262502864148406,False,False,False,False,insufficient grip,timeout,0.0,0.0,warmup,0.49174394141055583,1.2240044962498438,62.78776841441569,52.30229815487773,1.6862979244094873,2.6650497913360596
D2,27,learned,46,False,True,False,11.919187058792126,False,False,False,False,insufficient grip,timeout,0.0,0.0,intermediate,0.43827127758724876,1.208110249995769,62.80697417096569,52.22386575509309,1.9458611583390406,3.089728593826294
D2,27,learned,47,False,True,False,12.159800371566842,False,False,False,False,unstable box motion,timeout,0.0,0.0,full,0.6424065509628292,1.102805538886461,63.29088104238589,50.004810057361716,2.1079555116487403,3.161057472229004
D2,27,learned,48,False,True,False,11.734642698555243,False,False,False,False,unstable box motion,timeout,0.0,0.0,warmup,0.5085148659503609,1.174116055562226,62.56438869235855,52.2709744225708,1.9618422404131186,2.4422683715820312
D2,27,learned,49,False,True,False,10.63004026951296,False,False,False,False,unstable box motion,timeout,0.0,0.0,intermediate,0.45103892656726835,1.2464647082307405,62.32744798773702,51.29747583370626,2.0091942755399006,2.423705577850342
D2,27,learned,50,False,True,False,,False,False,False,False,interception miss,box passed the interception workspace,0.0,0.0,full,0.3726770816353148,1.4920678302689376,3.5279710980223173,36.419587301902716,1.674524714400371,2.4732415676116943
D2,27,learned,51,False,True,False,11.361046359452144,False,False,False,False,unstable box motion,timeout,0.0,0.0,warmup,0.5121655145357621,1.2468573748815532,62.70392406373726,52.210327093371546,1.3662907607933241,2.482111692428589
D2,27,learned,52,False,True,False,9.603543510448361,False,False,False,False,unstable box motion,timeout,0.0,0.0,intermediate,0.5619201427171274,1.0007040595710093,62.2063362209798,50.496657956109814,1.9579667556392295,2.631863832473755
D2,27,learned,53,False,True,False,10.773256950171465,False,False,False,False,unstable box motion,timeout,0.0,0.0,full,0.5243303082272294,0.9612646556452364,62.451317107779424,50.920710827828366,1.6657855666295758,2.416395902633667
D2,27,learned,54,False,True,False,12.095442006105973,False,False,False,False,insufficient grip,timeout,0.0,0.0,warmup,0.4863359531545361,1.2434969451900522,63.130062114393276,47.76993549466601,1.7585189118316131,2.498220682144165
D2,27,learned,55,False,True,False,10.310344476670146,False,False,False,False,unstable box motion,timeout,0.0,0.0,intermediate,0.4252483777736942,1.264293204911614,62.15762882590042,50.8631843733426,2.107633582992213,2.5948116779327393
D2,27,learned,56,False,True,False,,False,False,False,False,interception miss,box passed the interception workspace,0.0,0.0,full,0.5295575228792385,1.4527831122188495,3.5887231671801363,36.98532425994762,1.683774742640947,2.5350332260131836
D2,27,learned,57,False,True,False,11.90219409574978,False,False,False,False,insufficient grip,timeout,0.0,0.0,warmup,0.5141180905828481,1.2082259258941315,63.01880472982671,49.70644560806217,2.023401482682675,3.187167167663574
D2,27,learned,58,False,True,False,9.340329885595537,False,False,False,False,unilateral-contact failure,timeout,0.0,0.0,intermediate,0.44073145090136284,1.0827524946051303,63.32194143179951,44.36991631882675,2.660318284040716,3.597393035888672
D2,27,learned,59,False,True,False,9.919482304683967,False,False,False,False,unstable box motion,timeout,0.0,0.0,full,0.5261049150037435,1.2326145627183616,62.0602058176746,50.15157896505394,1.875759351812303,2.6125073432922363
D2,27,learned,60,False,True,False,15.485965765524103,False,False,False,False,insufficient grip,timeout,0.0,0.0,warmup,0.5030441815117926,1.235296079410372,63.22668136067799,47.778363734864215,2.2883942614868285,2.9885451793670654
D2,27,learned,61,False,True,False,10.53325169827262,False,False,False,False,unstable box motion,timeout,0.0,0.0,intermediate,0.5389551631654701,1.197412975915647,62.38386357353279,51.43391781503312,2.051427904080067,2.485670804977417
D2,27,learned,62,False,True,False,,False,False,False,False,interception miss,box passed the interception workspace,0.0,0.0,full,0.37411391740488836,0.778022602554542,3.392945261370783,36.31802021809847,1.663986168444565,2.3864762783050537
D2,27,learned,63,False,True,False,11.261701471493229,False,False,False,False,insufficient grip,timeout,0.0,0.0,warmup,0.5180958832674765,1.1775949033705304,62.64796081311177,52.13609118878547,1.681487767345139,3.0659122467041016
D2,27,learned,64,False,True,False,10.481147321743206,False,False,False,False,unstable box motion,timeout,0.0,0.0,intermediate,0.4319834064826628,1.2497602045329117,62.483197698991034,52.276824996722546,2.076004242779953,2.907136917114258
D2,27,learned,65,False,True,False,10.84319791210039,False,False,False,False,unstable box motion,timeout,0.0,0.0,full,0.46955263519301244,1.3618770382643257,62.67698614958731,51.31433299829752,1.6343475014822824,2.3773152828216553
D2,27,learned,66,False,True,False,12.27163548482012,False,False,False,False,insufficient grip,timeout,0.0,0.0,warmup,0.5144610774914211,1.2260844704151872,62.72569808708521,52.25682007894693,1.4202921713981778,2.3941380977630615
D2,27,learned,67,False,True,False,11.435494694166048,False,False,False,False,insufficient grip,timeout,0.0,0.0,intermediate,0.4243514781482216,1.2158876925074258,62.6711620335648,51.84479120629344,1.9819570160630557,2.938959836959839
D2,27,learned,68,False,True,False,8.629227592421902,False,False,False,False,unstable box motion,timeout,0.0,0.0,full,0.41267677704972583,0.8528733183238331,61.80585966366958,50.85279964908968,2.0436264207533426,2.9815714359283447
D2,27,learned,69,False,True,False,11.877557564258913,False,False,False,False,insufficient grip,timeout,0.0,0.0,warmup,0.49438308838503003,1.1989058255816771,63.01645954936747,51.88733589448179,2.136096509120294,3.094273090362549
D2,27,learned,70,False,True,False,9.957473362848706,False,False,False,False,insufficient grip,timeout,0.0,0.0,intermediate,0.45607536866522447,1.0072921878164434,62.83278877916893,50.78639461991733,2.0907325216728663,2.8770041465759277
D2,27,learned,71,False,True,False,9.058362133295892,False,False,False,False,unstable box motion,timeout,0.0,0.0,full,0.4890386342296652,1.3446198045538313,62.49599551349915,50.39655559589945,1.9184775000810623,3.326261281967163
D2,27,learned,72,False,True,False,11.624510897151211,False,False,False,False,insufficient grip,timeout,0.0,0.0,warmup,0.5181769401123936,1.2214768875486623,62.757793758013676,52.229736930439756,1.6597235653389777,2.542811870574951
D2,27,learned,73,False,True,False,11.538343826665406,False,False,False,False,insufficient grip,timeout,0.0,0.0,intermediate,0.47561330230223386,1.274057400905906,63.19136295315681,46.72325934260455,2.147914747760764,3.0845234394073486
D2,27,learned,74,False,True,False,,False,False,False,False,interception miss,box passed the interception workspace,0.0,0.0,full,0.6302656463012763,1.2363069994594955,3.662826115637696,36.93263805128615,1.6994742852720348,2.5616605281829834
D2,27,learned,75,False,True,False,12.115832840559465,False,False,False,False,insufficient grip,timeout,0.0,0.0,warmup,0.5128891502103221,1.1693339809485719,62.991138785093966,50.715148867063405,2.0512046154561854,3.2654898166656494
D2,27,learned,76,False,True,False,12.822039692982832,False,False,False,False,insufficient grip,timeout,0.0,0.0,intermediate,0.5029775957233502,1.1173203785729031,63.02055146068358,48.113718033061815,2.1448845531498746,3.258974075317383
D2,27,learned,77,False,True,False,11.984206689210593,False,False,False,False,insufficient grip,timeout,0.0,0.0,full,0.6217022090206814,1.178149402500111,63.00822938155062,48.33403360871735,2.5021893737385317,3.6231257915496826
D2,27,learned,78,False,True,False,11.72795587205191,False,False,False,False,insufficient grip,timeout,0.0,0.0,warmup,0.48107140492051537,1.2237028225935525,62.927551710574136,50.322855650872704,2.034541525678443,2.6512815952301025
D2,27,learned,79,False,True,False,11.81393078697653,False,False,False,False,contact loss,timeout,0.0,0.0,intermediate,0.5582002597826974,1.2360374228455522,62.99136350757869,48.51666242761504,2.0987905436115604,3.1042709350585938
D2,27,learned,80,False,True,False,,False,False,False,False,interception miss,box passed the interception workspace,0.0,0.0,full,0.5342840136425704,1.0989328427743525,3.53154430480123,36.60172414976109,1.6798541826506457,2.512554407119751
D2,27,learned,81,False,True,False,11.789356911253446,False,False,False,False,unstable box motion,timeout,0.0,0.0,warmup,0.5198020969208147,1.2222703211615975,62.87906242622389,51.81743895960626,1.9720284266104655,2.693633794784546
D2,27,learned,82,False,True,False,10.51389103590973,False,False,False,False,insufficient grip,timeout,0.0,0.0,intermediate,0.5418115409414938,1.2476588704407745,63.447501923699484,46.02901812650484,1.9962492829195357,3.4270243644714355
D2,27,learned,83,False,True,False,10.653173717655216,False,False,False,False,unstable box motion,timeout,0.0,0.0,full,0.48067514698452624,1.3134212480291771,62.179184147836956,50.93513218818427,1.9644788737807954,2.3724629878997803
D2,27,learned,84,False,True,False,11.813910982681406,False,False,False,False,insufficient grip,timeout,0.0,0.0,warmup,0.5182181653316911,1.240184064601315,63.182273033290365,47.43686729608261,1.8901403194373207,2.7609570026397705
D2,27,learned,85,False,True,False,10.096995959602804,False,False,False,False,insufficient grip,timeout,0.0,0.0,intermediate,0.4215685252329265,1.096261173554801,63.07840402892902,47.98474275272,2.2835729067533146,3.346525192260742
D2,27,learned,86,False,True,False,10.818195511323678,False,False,False,False,insufficient grip,timeout,0.0,0.0,full,0.45929631408227567,1.3403272016459777,63.286976447868206,45.67732550348441,1.94033893650697,2.8413941860198975
D2,27,learned,87,False,True,False,12.658026390696822,False,False,False,False,insufficient grip,timeout,0.0,0.0,warmup,0.5101437457234121,1.2259015013553074,62.96763610556218,50.89901421998024,2.1238275892580196,3.314537763595581
D2,27,learned,88,False,True,False,13.264014719351245,False,False,False,False,insufficient grip,timeout,0.0,0.0,intermediate,0.510237487959977,1.36657991163753,63.02057472311852,47.44196460700896,2.266612686977855,3.5627715587615967
D2,27,learned,89,False,True,False,11.891680927602392,False,False,False,False,insufficient grip,timeout,0.0,0.0,full,0.670320389540348,1.0790204426581789,63.94484075395383,44.43600628345905,2.1145708226758453,4.028140068054199
D2,27,learned,90,False,True,False,11.973192908354623,False,False,False,False,unstable box motion,timeout,0.0,0.0,warmup,0.4871652420600959,1.1732984908471253,62.692932475840486,51.87513097539285,1.639251074047227,3.0567445755004883
D2,27,learned,91,False,True,False,11.66749391870802,False,False,False,False,insufficient grip,timeout,0.0,0.0,intermediate,0.5063899162248642,1.2129222183053707,63.51202132317478,44.646738395786365,1.7386947321080204,3.6203718185424805
D2,27,learned,92,False,True,False,7.599567547983467,False,False,False,False,unstable box motion,timeout,0.0,0.0,full,0.39331817024535876,1.05629062348945,62.11349263859247,50.574493751662104,2.084165940795626,3.27852725982666
D2,27,learned,93,False,True,False,11.846683370265666,False,False,False,False,unstable box motion,timeout,0.0,0.0,warmup,0.4809392138214365,1.1890876549511458,62.692305136484215,52.23576954346658,1.4584966670615331,2.401571035385132
D2,27,learned,94,False,True,False,9.443577693120922,False,False,False,False,unstable box motion,timeout,0.0,0.0,intermediate,0.5615218737550742,1.3768853723217598,62.40685147727296,51.9705102077376,2.2438856899206128,2.9917595386505127
D2,27,learned,95,False,True,False,10.889604701682414,False,False,False,False,unstable box motion,timeout,0.0,0.0,full,0.6818918618697445,0.7643543624064467,62.83734103384679,51.09078069525979,1.9377261409908533,2.722297191619873
D2,27,learned,96,False,True,False,11.721219382801436,False,False,False,False,unstable box motion,timeout,0.0,0.0,warmup,0.5053135879878038,1.1841457332405028,62.82490728876947,52.157644803436234,1.4967032670522376,2.36984920501709
D2,27,learned,97,False,True,False,10.39801178986637,False,False,False,False,unstable box motion,timeout,0.0,0.0,intermediate,0.5212111576019438,1.2965194086396024,62.34572735619666,50.96128041616919,2.2900133971869945,3.4411728382110596
D2,27,learned,98,False,True,False,8.104939049833146,False,False,False,False,unstable box motion,timeout,0.0,0.0,full,0.3626765151612195,1.1750646730460341,62.16126685099919,50.75843947150683,2.1149202343395777,2.965296745300293
D2,27,learned,99,False,True,False,12.200394400650673,False,False,False,False,insufficient grip,timeout,0.0,0.0,warmup,0.4854086464968972,1.192907376054963,63.19798070020605,46.84908650579463,1.9905739413707384,2.8031105995178223
D2,27,zero,0,True,True,True,11.738354911025425,False,False,False,False,,,5.009999999999938,0.0,warmup,0.5128083197961336,1.1512648415214817,0.020524704885670875,0.0,0.0,0.0
D2,27,zero,1,True,True,True,10.830579550058902,False,False,False,False,,,5.009999999999938,0.0,intermediate,0.5583821710176411,1.2738890168815886,0.021524058705885075,0.0,0.0,0.0
D2,27,zero,2,True,True,True,14.616173209565286,False,False,False,False,,,5.009999999999938,0.0,full,0.42594280942227786,0.9534267532589371,0.01892775203049847,0.0,0.0,0.0
D2,27,zero,3,True,True,True,11.568182226702957,False,False,False,False,,,5.009999999999938,0.0,warmup,0.509978780669319,1.1525834806578006,0.019745057731862987,0.0,0.0,0.0
D2,27,zero,4,True,True,True,12.364718741778496,False,False,False,False,,,5.009999999999938,0.0,intermediate,0.5696580900535205,1.2016692008919285,0.022633081379030535,0.0,0.0,0.0
D2,27,zero,5,True,True,True,13.186414426163863,False,False,False,False,,,5.009999999999938,0.0,full,0.4265115823194439,1.437154991672124,0.01958959302918034,0.0,0.0,0.0
D2,27,zero,6,True,True,True,12.46223287268657,False,False,False,False,,,5.009999999999938,0.0,warmup,0.5075895884587166,1.2407813524535225,0.020192722766563982,0.0,0.0,0.0
D2,27,zero,7,True,True,True,12.261601811426459,False,False,False,False,,,5.009999999999938,0.0,intermediate,0.48690102169905397,1.038737655570714,0.01861121414637554,0.0,0.0,0.0
D2,27,zero,8,True,True,True,14.926811516078901,False,False,False,False,,,5.009999999999938,0.0,full,0.505785052514625,1.5431761150884702,0.020777114905751404,0.0,0.0,0.0
D2,27,zero,9,True,True,True,12.771315230132634,False,False,False,False,,,5.009999999999938,0.0,warmup,0.49479990440431754,1.1688952171756082,0.019264537339446296,0.0,0.0,0.0
D2,27,zero,10,True,True,True,12.521168372504572,False,False,False,False,,,5.009999999999938,0.0,intermediate,0.5579570453338745,1.2889912019305365,0.02131871344685938,0.0,0.0,0.0
D2,27,zero,11,True,True,True,13.487418966169331,False,False,False,False,,,5.009999999999938,0.0,full,0.637714525300757,1.1834188609198721,0.021447244954935992,0.0,0.0,0.0
D2,27,zero,12,True,True,True,11.846786047031546,False,False,False,False,,,5.009999999999938,0.0,warmup,0.5009263118149376,1.2188247958799947,0.01921838984294255,0.0,0.0,0.0
D2,27,zero,13,True,True,True,11.137920408588595,False,False,False,False,,,5.009999999999938,0.0,intermediate,0.5721493389616075,1.0132527290956106,0.020717342775059128,0.0,0.0,0.0
D2,27,zero,14,False,True,False,15.155238321123084,False,False,False,False,unstable box motion,timeout,0.03,0.0,full,0.47084174840317594,1.1668854451158555,0.026557507917864553,0.0,0.0,0.0
D2,27,zero,15,True,True,True,12.399727102133248,False,False,False,False,,,5.009999999999938,0.0,warmup,0.48738766261608873,1.2336237205624674,0.019552985343880152,0.0,0.0,0.0
D2,27,zero,16,True,True,True,10.543584403839262,False,False,False,False,,,5.009999999999938,0.0,intermediate,0.44463355547976935,1.2760410585312312,0.020276664806378623,0.0,0.0,0.0
D2,27,zero,17,True,True,True,15.672199567182052,False,False,False,False,,,5.009999999999938,0.0,full,0.545833674323523,1.1579762526510662,0.017107805017850253,0.0,0.0,0.0
D2,27,zero,18,True,True,True,11.322579746573014,False,False,False,False,,,5.009999999999938,0.0,warmup,0.49298274539423165,1.2346759141610777,0.01925566826692108,0.0,0.0,0.0
D2,27,zero,19,True,True,True,11.155680855521663,False,False,False,False,,,5.009999999999938,0.0,intermediate,0.4838916734878356,1.3374730526845824,0.024876101120294845,0.0,0.0,0.0
D2,27,zero,20,True,True,True,13.026208480181129,False,False,False,False,,,5.009999999999938,0.0,full,0.5020057240424289,0.7954649007207342,0.01789318386298323,0.0,0.0,0.0
D2,27,zero,21,True,True,True,12.683176769608474,False,False,False,False,,,5.009999999999938,0.0,warmup,0.4904104543646842,1.1673474497063143,0.018642198329941247,0.0,0.0,0.0
D2,27,zero,22,True,True,True,10.681627400806933,False,False,False,False,,,5.009999999999938,0.0,intermediate,0.4526350727341898,1.1252112590506311,0.018561166107325437,0.0,0.0,0.0
D2,27,zero,23,True,True,True,16.48203204477007,False,False,False,False,,,5.009999999999938,0.0,full,0.4904961771661215,1.343875645190756,0.019752857920643112,0.0,0.0,0.0
D2,27,zero,24,True,True,True,11.429635162153506,False,False,False,False,,,5.009999999999938,0.0,warmup,0.5109693765412465,1.211283449106051,0.019960664302061885,0.0,0.0,0.0
D2,27,zero,25,True,True,True,11.548916252243453,False,False,False,False,,,5.009999999999938,0.0,intermediate,0.5317344461251952,1.0067531604749642,0.023471311417128774,0.0,0.0,0.0
D2,27,zero,26,True,True,True,13.734417413825255,False,False,False,False,,,5.009999999999938,0.0,full,0.5135364956319597,0.9791037239291087,0.019078146087533176,0.0,0.0,0.0
D2,27,zero,27,True,True,True,13.644535779155124,False,False,False,False,,,5.009999999999938,0.0,warmup,0.48896578770858773,1.2364416551319382,0.019642584295162437,0.0,0.0,0.0
D2,27,zero,28,True,True,True,12.733471125530139,False,False,False,False,,,5.009999999999938,0.0,intermediate,0.46606083056516756,1.0333475627374389,0.018909839435079328,0.0,0.0,0.0
D2,27,zero,29,True,True,True,12.599032010864597,False,False,False,False,,,5.009999999999938,0.0,full,0.4781300590747878,1.1076903259488948,0.017900430311176076,0.0,0.0,0.0
D2,27,zero,30,True,True,True,12.103391048363374,False,False,False,False,,,5.009999999999938,0.0,warmup,0.500472282046089,1.2042566690466316,0.02134140268833359,0.0,0.0,0.0
D2,27,zero,31,True,True,True,9.765438339959955,False,False,False,False,,,5.009999999999938,0.0,intermediate,0.42123466907856777,1.253002323925152,0.02106934490308074,0.0,0.0,0.0
D2,27,zero,32,True,True,True,15.514522121129373,False,False,False,False,,,5.009999999999938,0.0,full,0.49655863214725254,1.0809459611070078,0.020464976506717518,0.0,0.0,0.0
D2,27,zero,33,True,True,True,12.160583709270684,False,False,False,False,,,5.009999999999938,0.0,warmup,0.4824355574271533,1.21891463319844,0.01879245097104759,0.0,0.0,0.0
D2,27,zero,34,True,True,True,12.147443313738606,False,False,False,False,,,5.009999999999938,0.0,intermediate,0.5593516103811621,1.3360529847388807,0.024879432704356705,0.0,0.0,0.0
D2,27,zero,35,True,True,True,13.55928262275364,False,False,False,False,,,5.009999999999938,0.0,full,0.5821520363062294,0.9352893720189832,0.018317930834546144,0.0,0.0,0.0
D2,27,zero,36,True,True,True,13.716412862449031,False,False,False,False,,,5.009999999999938,0.0,warmup,0.49003588725688896,1.1949944693625023,0.01796843022675573,0.0,0.0,0.0
D2,27,zero,37,True,True,True,11.095700036819728,False,False,False,False,,,5.009999999999938,0.0,intermediate,0.47202966125532003,1.0718062194041447,0.018868581266375584,0.0,0.0,0.0
D2,27,zero,38,True,True,True,13.880949274654087,False,False,False,False,,,5.009999999999938,0.0,full,0.39720311956649396,1.1780777381288443,0.019673506655049418,0.0,0.0,0.0
D2,27,zero,39,True,True,True,11.526520114446598,False,False,False,False,,,5.009999999999938,0.0,warmup,0.48760734892737573,1.2436457867865334,0.019385065029217455,0.0,0.0,0.0
D2,27,zero,40,True,True,True,12.061099445506247,False,False,False,False,,,5.009999999999938,0.0,intermediate,0.4697590305539757,1.000828031345263,0.017596014798999617,0.0,0.0,0.0
D2,27,zero,41,True,True,True,11.504657684614092,False,False,False,False,,,5.009999999999938,0.0,full,0.5399893072381774,1.543457179043201,0.02173951781237901,0.0,0.0,0.0
D2,27,zero,42,True,True,True,12.897892983577803,False,False,False,False,,,5.009999999999938,0.0,warmup,0.4885757854329753,1.2269349832847654,0.019759561578133057,0.0,0.0,0.0
D2,27,zero,43,True,True,True,12.537669787151682,False,False,False,False,,,5.009999999999938,0.0,intermediate,0.5760872145672483,1.17039712756378,0.020583550771206962,0.0,0.0,0.0
D2,27,zero,44,False,True,False,15.096611338962546,False,False,False,False,unstable box motion,timeout,4.319999999999952,0.0,full,0.38303639555873803,1.338079672902308,0.024257387971864056,0.0,0.0,0.0
D2,27,zero,45,True,True,True,11.375084214706135,False,False,False,False,,,5.009999999999938,0.0,warmup,0.49174394141055583,1.2240044962498438,0.021107896776920747,0.0,0.0,0.0
D2,27,zero,46,True,True,True,12.188356921533073,False,False,False,False,,,5.009999999999938,0.0,intermediate,0.43827127758724876,1.208110249995769,0.019624434893668836,0.0,0.0,0.0
D2,27,zero,47,True,True,True,12.631155603772365,False,False,False,False,,,5.009999999999938,0.0,full,0.6424065509628292,1.102805538886461,0.02234347624032534,0.0,0.0,0.0
D2,27,zero,48,True,True,True,12.103540904387291,False,False,False,False,,,5.009999999999938,0.0,warmup,0.5085148659503609,1.174116055562226,0.019925626213098395,0.0,0.0,0.0
D2,27,zero,49,False,True,False,10.888682556938575,False,False,False,False,unstable box motion,timeout,4.9199999999999395,0.0,intermediate,0.45103892656726835,1.2464647082307405,0.023403004107901977,0.0,0.0,0.0
D2,27,zero,50,True,True,True,12.871844227990742,False,False,False,False,,,5.009999999999938,0.0,full,0.3726770816353148,1.4920678302689376,0.018474518983907312,0.0,0.0,0.0
D2,27,zero,51,True,True,True,12.593188389920833,False,False,False,False,,,5.009999999999938,0.0,warmup,0.5121655145357621,1.2468573748815532,0.021948901648773615,0.0,0.0,0.0
D2,27,zero,52,True,True,True,11.146518413117931,False,False,False,False,,,5.009999999999938,0.0,intermediate,0.5619201427171274,1.0007040595710093,0.020153368232881087,0.0,0.0,0.0
D2,27,zero,53,False,True,False,10.933532139994828,False,False,False,False,unstable box motion,timeout,0.0,0.0,full,0.5243303082272294,0.9612646556452364,0.02704959192079744,0.0,0.0,0.0
D2,27,zero,54,True,True,True,11.645497721620153,False,False,False,False,,,5.009999999999938,0.0,warmup,0.4863359531545361,1.2434969451900522,0.019740720266721527,0.0,0.0,0.0
D2,27,zero,55,True,True,True,10.372984641335833,False,False,False,False,,,5.009999999999938,0.0,intermediate,0.4252483777736942,1.264293204911614,0.019829078470073987,0.0,0.0,0.0
D2,27,zero,56,True,True,True,15.660273121656271,False,False,False,False,,,5.009999999999938,0.0,full,0.5295575228792385,1.4527831122188495,0.02125027016567552,0.0,0.0,0.0
D2,27,zero,57,True,True,True,11.664993813367882,False,False,False,False,,,5.009999999999938,0.0,warmup,0.5141180905828481,1.2082259258941315,0.020046614578491457,0.0,0.0,0.0
D2,27,zero,58,True,True,True,12.833310439344888,False,False,False,False,,,5.009999999999938,0.0,intermediate,0.44073145090136284,1.0827524946051303,0.017661037809848682,0.0,0.0,0.0
D2,27,zero,59,False,True,False,10.786813377918,False,False,False,False,unstable box motion,timeout,0.0,0.0,full,0.5261049150037435,1.2326145627183616,0.028961401730140612,0.0,0.0,0.0
D2,27,zero,60,True,True,True,14.057405083535322,False,False,False,False,,,5.009999999999938,0.0,warmup,0.5030441815117926,1.235296079410372,0.01947456560739661,0.0,0.0,0.0
D2,27,zero,61,True,True,True,11.722104758643887,False,False,False,False,,,5.009999999999938,0.0,intermediate,0.5389551631654701,1.197412975915647,0.0213238570614697,0.0,0.0,0.0
D2,27,zero,62,True,True,True,10.638377386630937,False,False,False,False,,,5.009999999999938,0.0,full,0.37411391740488836,0.778022602554542,0.01676448897332273,0.0,0.0,0.0
D2,27,zero,63,True,True,True,12.649191696082571,False,False,False,False,,,5.009999999999938,0.0,warmup,0.5180958832674765,1.1775949033705304,0.021361247207560653,0.0,0.0,0.0
D2,27,zero,64,True,True,True,10.973253038263325,False,False,False,False,,,5.009999999999938,0.0,intermediate,0.4319834064826628,1.2497602045329117,0.021161324741186725,0.0,0.0,0.0
D2,27,zero,65,True,True,True,15.340810501620641,False,False,False,False,,,5.009999999999938,0.0,full,0.46955263519301244,1.3618770382643257,0.01980480690814856,0.0,0.0,0.0
D2,27,zero,66,True,True,True,12.677741184117474,False,False,False,False,,,5.009999999999938,0.0,warmup,0.5144610774914211,1.2260844704151872,0.020090461804586887,0.0,0.0,0.0
D2,27,zero,67,True,True,True,11.289540440513754,False,False,False,False,,,5.009999999999938,0.0,intermediate,0.4243514781482216,1.2158876925074258,0.01831588588599263,0.0,0.0,0.0
D2,27,zero,68,True,True,True,15.368647798306753,False,False,False,False,,,5.009999999999938,0.0,full,0.41267677704972583,0.8528733183238331,0.01889109077635428,0.0,0.0,0.0
D2,27,zero,69,True,True,True,13.02834171804609,False,False,False,False,,,5.009999999999938,0.0,warmup,0.49438308838503003,1.1989058255816771,0.02116964247775522,0.0,0.0,0.0
D2,27,zero,70,True,True,True,12.037024274117723,False,False,False,False,,,5.009999999999938,0.0,intermediate,0.45607536866522447,1.0072921878164434,0.0192772741060451,0.0,0.0,0.0
D2,27,zero,71,False,True,False,15.433544709994084,False,False,False,False,unstable box motion,timeout,4.989999999999938,0.0,full,0.4890386342296652,1.3446198045538313,0.022905367738605516,0.0,0.0,0.0
D2,27,zero,72,True,True,True,11.253358843153073,False,False,False,False,,,5.009999999999938,0.0,warmup,0.5181769401123936,1.2214768875486623,0.021342074279822477,0.0,0.0,0.0
D2,27,zero,73,True,True,True,12.704304638292744,False,False,False,False,,,5.009999999999938,0.0,intermediate,0.47561330230223386,1.274057400905906,0.019915115891681334,0.0,0.0,0.0
D2,27,zero,74,False,True,False,16.170052108648875,False,False,False,False,unstable box motion,timeout,0.0,0.0,full,0.6302656463012763,1.2363069994594955,23.177463378213357,0.0,0.0,0.0
D2,27,zero,75,True,True,True,11.439538438209095,False,False,False,False,,,5.009999999999938,0.0,warmup,0.5128891502103221,1.1693339809485719,0.021418575610176786,0.0,0.0,0.0
D2,27,zero,76,True,True,True,13.65858490353449,False,False,False,False,,,5.009999999999938,0.0,intermediate,0.5029775957233502,1.1173203785729031,0.02069733803756278,0.0,0.0,0.0
D2,27,zero,77,True,True,True,12.9885380553889,False,False,False,False,,,5.009999999999938,0.0,full,0.6217022090206814,1.178149402500111,0.02167264268834317,0.0,0.0,0.0
D2,27,zero,78,True,True,True,11.579932007309846,False,False,False,False,,,5.009999999999938,0.0,warmup,0.48107140492051537,1.2237028225935525,0.02093420330393901,0.0,0.0,0.0
D2,27,zero,79,True,True,True,13.327972300868613,False,False,False,False,,,5.009999999999938,0.0,intermediate,0.5582002597826974,1.2360374228455522,0.022487497815232696,0.0,0.0,0.0
D2,27,zero,80,True,True,True,16.79779276338605,False,False,False,False,,,5.009999999999938,0.0,full,0.5342840136425704,1.0989328427743525,0.01937287022145817,0.0,0.0,0.0
D2,27,zero,81,True,True,True,11.702742204433184,False,False,False,False,,,5.009999999999938,0.0,warmup,0.5198020969208147,1.2222703211615975,0.0213072660232238,0.0,0.0,0.0
D2,27,zero,82,True,True,True,12.239620224079825,False,False,False,False,,,5.009999999999938,0.0,intermediate,0.5418115409414938,1.2476588704407745,0.024569543678928565,0.0,0.0,0.0
D2,27,zero,83,True,True,True,11.423128473811131,False,False,False,False,,,5.009999999999938,0.0,full,0.48067514698452624,1.3134212480291771,0.01974474007279419,0.0,0.0,0.0
D2,27,zero,84,True,True,True,13.588868421141397,False,False,False,False,,,5.009999999999938,0.0,warmup,0.5182181653316911,1.240184064601315,0.019831222033441214,0.0,0.0,0.0
D2,27,zero,85,True,True,True,11.356662981263307,False,False,False,False,,,5.009999999999938,0.0,intermediate,0.4215685252329265,1.096261173554801,0.01684891901132032,0.0,0.0,0.0
D2,27,zero,86,True,True,True,12.991816402205323,False,False,False,False,,,5.009999999999938,0.0,full,0.45929631408227567,1.3403272016459777,0.02044558400660955,0.0,0.0,0.0
D2,27,zero,87,True,True,True,12.987130020782711,False,False,False,False,,,5.009999999999938,0.0,warmup,0.5101437457234121,1.2259015013553074,0.020767704750459248,0.0,0.0,0.0
D2,27,zero,88,True,True,True,13.57414980434687,False,False,False,False,,,5.009999999999938,0.0,intermediate,0.510237487959977,1.36657991163753,0.021568404595461662,0.0,0.0,0.0
D2,27,zero,89,True,True,True,13.648355069340372,False,False,False,False,,,5.009999999999938,0.0,full,0.670320389540348,1.0790204426581789,0.020731911146645784,0.0,0.0,0.0
D2,27,zero,90,True,True,True,12.41082013218532,False,False,False,False,,,5.009999999999938,0.0,warmup,0.4871652420600959,1.1732984908471253,0.0192726020695391,0.0,0.0,0.0
D2,27,zero,91,True,True,True,13.973000566125918,False,False,False,False,,,5.009999999999938,0.0,intermediate,0.5063899162248642,1.2129222183053707,0.021088217757763466,0.0,0.0,0.0
D2,27,zero,92,True,True,True,15.406735437934145,False,False,False,False,,,5.009999999999938,0.0,full,0.39331817024535876,1.05629062348945,0.021598286396971207,0.0,0.0,0.0
D2,27,zero,93,True,True,True,12.04264228239495,False,False,False,False,,,5.009999999999938,0.0,warmup,0.4809392138214365,1.1890876549511458,0.019615753589066653,0.0,0.0,0.0
D2,27,zero,94,True,True,True,11.194654704593827,False,False,False,False,,,5.009999999999938,0.0,intermediate,0.5615218737550742,1.3768853723217598,0.02209375225901859,0.0,0.0,0.0
D2,27,zero,95,True,True,True,10.858965838949505,False,False,False,False,,,5.009999999999938,0.0,full,0.6818918618697445,0.7643543624064467,0.01789121460884787,0.0,0.0,0.0
D2,27,zero,96,True,True,True,11.483098209468753,False,False,False,False,,,5.009999999999938,0.0,warmup,0.5053135879878038,1.1841457332405028,0.019967508628679808,0.0,0.0,0.0
D2,27,zero,97,False,True,False,11.251177835403844,False,False,False,False,unstable box motion,timeout,0.3000000000000001,0.0,intermediate,0.5212111576019438,1.2965194086396024,0.026252759252292687,0.0,0.0,0.0
D2,27,zero,98,True,True,True,14.224999763186673,False,False,False,False,,,5.009999999999938,0.0,full,0.3626765151612195,1.1750646730460341,0.018789776779400906,0.0,0.0,0.0
D2,27,zero,99,True,True,True,13.715144922363443,False,False,False,False,,,5.009999999999938,0.0,warmup,0.4854086464968972,1.192907376054963,0.01923333992859854,0.0,0.0,0.0
D3,7,learned,0,True,True,True,12.373500633271245,False,False,False,False,,,5.009999999999938,0.0,warmup,0.5128083197961336,1.1512648415214817,0.02211240101577139,0.2306002411222214,0.03339470173045993,0.637443482875824
D3,7,learned,1,True,True,True,11.256826898293294,False,False,False,False,,,5.009999999999938,0.0,intermediate,0.5583821710176411,1.2738890168815886,0.024209970703598902,0.22884556990980665,0.03169616187888052,0.7011984586715698
D3,7,learned,2,True,True,True,10.313624450669613,False,False,False,False,,,5.009999999999938,0.0,full,0.42594280942227786,0.9534267532589371,0.020292550571936782,0.22589708538288056,0.03023426143149693,0.7739658951759338
D3,7,learned,3,True,True,True,12.56744799452648,False,False,False,False,,,5.009999999999938,0.0,warmup,0.509978780669319,1.1525834806578006,0.020795038497984506,0.23647176293168842,0.03550601628563334,0.6738162040710449
D3,7,learned,4,True,True,True,11.264166986225748,False,False,False,False,,,5.009999999999938,0.0,intermediate,0.5696580900535205,1.2016692008919285,0.026388473580662448,0.23918237818978866,0.04002806283020304,0.653910756111145
D3,7,learned,5,False,True,False,13.0839190347073,False,False,False,False,unstable box motion,timeout,0.0,0.0,full,0.4265115823194439,1.437154991672124,23.90637339163359,0.35432960428418664,0.2173525788472034,1.2022398710250854
D3,7,learned,6,True,True,True,11.800900020972014,False,False,False,False,,,5.009999999999938,0.0,warmup,0.5075895884587166,1.2407813524535225,0.021673341109623538,0.23347134583039086,0.03459710794184357,0.653587281703949
D3,7,learned,7,True,True,True,12.501217634960662,False,False,False,False,,,5.009999999999938,0.0,intermediate,0.48690102169905397,1.038737655570714,0.014505504247405173,0.22747360887068094,0.030627227761034714,0.5310819745063782
D3,7,learned,8,True,True,True,14.198665264215562,False,False,False,False,,,5.009999999999938,0.0,full,0.505785052514625,1.5431761150884702,0.026114827378366755,0.23172572379215942,0.030672268215090212,0.5209280848503113
D3,7,learned,9,True,True,True,11.773821685871486,False,False,False,False,,,5.009999999999938,0.0,warmup,0.49479990440431754,1.1688952171756082,0.02017570460910856,0.23734198229032685,0.03756981495536852,0.6162510514259338
D3,7,learned,10,True,True,True,11.478959700073226,False,False,False,False,,,5.009999999999938,0.0,intermediate,0.5579570453338745,1.2889912019305365,0.02177057855645622,0.23243853442024448,0.034054238788946534,0.6270076036453247
D3,7,learned,11,False,True,False,11.69226621036243,False,False,False,False,unstable box motion,timeout,0.0,0.0,full,0.637714525300757,1.1834188609198721,35.69705790488364,0.5715240669293615,0.3262421018619872,1.1363732814788818
D3,7,learned,12,True,True,True,12.033953464698593,False,False,False,False,,,5.009999999999938,0.0,warmup,0.5009263118149376,1.2188247958799947,0.020540568595986,0.2339020360445856,0.03431665108263531,0.6030195951461792
D3,7,learned,13,False,True,False,10.431375919620145,False,False,False,False,unstable box motion,timeout,4.949999999999939,0.0,intermediate,0.5721493389616075,1.0132527290956106,0.02191193268942063,0.2334425242616934,0.0343008714719742,0.7252174019813538
D3,7,learned,14,False,True,False,10.655058592759513,False,False,False,False,unstable box motion,timeout,0.0,0.0,full,0.47084174840317594,1.1668854451158555,0.03148096707562427,0.23856940659165607,0.03772830833680928,0.7690514326095581
D3,7,learned,15,True,True,True,11.892352216583749,False,False,False,False,,,5.009999999999938,0.0,warmup,0.48738766261608873,1.2336237205624674,0.020889930856405472,0.23280319501352884,0.03280250229898716,0.6337320804595947
D3,7,learned,16,True,True,True,10.980283506696018,False,False,False,False,,,5.009999999999938,0.0,intermediate,0.44463355547976935,1.2760410585312312,0.021896085163127018,0.2369261634582429,0.03554648549957216,0.7004809379577637
D3,7,learned,17,False,True,False,14.883958943759678,False,False,False,False,insufficient grip,timeout,0.0,0.0,full,0.545833674323523,1.1579762526510662,61.61800037726446,0.7932027690831821,1.2315134643384122,1.6857924461364746
D3,7,learned,18,True,True,True,11.63943199533026,False,False,False,False,,,5.009999999999938,0.0,warmup,0.49298274539423165,1.2346759141610777,0.020476192651117844,0.233519496460819,0.0349560241670891,0.5993358492851257
D3,7,learned,19,False,True,False,9.878377676873077,False,False,False,False,unstable box motion,timeout,0.0,0.0,intermediate,0.4838916734878356,1.3374730526845824,0.028701516099184858,0.2328934617617925,0.03468730540181111,0.7174005508422852
D3,7,learned,20,True,True,True,12.372103174951942,False,False,False,False,,,5.009999999999938,0.0,full,0.5020057240424289,0.7954649007207342,0.018736459708357765,0.22664416506002957,0.03298378876071358,0.635979413986206
D3,7,learned,21,True,True,True,12.385804959981261,False,False,False,False,,,5.009999999999938,0.0,warmup,0.4904104543646842,1.1673474497063143,0.01942733844441866,0.2309593035195862,0.03242663383359513,0.6149742603302002
D3,7,learned,22,True,True,True,10.746576705101361,False,False,False,False,,,5.009999999999938,0.0,intermediate,0.4526350727341898,1.1252112590506311,0.019392049292294912,0.23004740301452803,0.031309620162269375,0.6312363743782043
D3,7,learned,23,False,True,False,14.017643605306251,False,False,False,False,unstable box motion,timeout,0.0,0.0,full,0.4904961771661215,1.343875645190756,34.11385268712601,0.49991292986122204,0.30856047721662827,1.0121188163757324
D3,7,learned,24,False,True,False,12.144631705194028,False,False,False,False,unstable box motion,timeout,4.9199999999999395,0.0,warmup,0.5109693765412465,1.211283449106051,0.021880736911183377,0.23240460721752793,0.03356492652374852,0.6507930755615234
D3,7,learned,25,False,True,False,11.787868794816308,False,False,False,False,unstable box motion,timeout,4.579999999999947,0.0,intermediate,0.5317344461251952,1.0067531604749642,0.024389555706873994,0.23246136083713398,0.03606525295430661,0.6047878861427307
D3,7,learned,26,False,True,False,16.015632547595228,False,False,False,False,unstable box motion,timeout,0.0,0.0,full,0.5135364956319597,0.9791037239291087,47.15737729726031,0.6256193279064354,0.4567395950491274,1.143895149230957
D3,7,learned,27,True,True,True,12.81525141977736,False,False,False,False,,,5.009999999999938,0.0,warmup,0.48896578770858773,1.2364416551319382,0.02019166225765393,0.23336287901214428,0.03442794255220135,0.6189678311347961
D3,7,learned,28,True,True,True,12.265497591233935,False,False,False,False,,,5.009999999999938,0.0,intermediate,0.46606083056516756,1.0333475627374389,0.019274930890622342,0.23362397464291731,0.03350401718961075,0.6214392185211182
D3,7,learned,29,True,True,True,12.242444385060573,False,False,False,False,,,5.009999999999938,0.0,full,0.4781300590747878,1.1076903259488948,0.018729057751354486,0.2289189810131999,0.030415083767444846,0.6300503611564636
D3,7,learned,30,True,True,True,12.462206982962954,False,False,False,False,,,5.009999999999938,0.0,warmup,0.500472282046089,1.2042566690466316,0.021897022022863213,0.23451911625251878,0.035004215918598695,0.6124402284622192
D3,7,learned,31,False,True,False,9.881384625402397,False,False,False,False,unstable box motion,timeout,4.749999999999943,0.0,intermediate,0.42123466907856777,1.253002323925152,0.025362112691774068,0.23433735440704975,0.03450957731992405,0.677169680595398
D3,7,learned,32,False,True,False,14.9236138532982,False,False,False,False,unstable box motion,timeout,4.999999999999938,0.0,full,0.49655863214725254,1.0809459611070078,0.021304596329665523,0.23235268881981114,0.03255038291681558,0.8033351302146912
D3,7,learned,33,True,True,True,12.49727088613881,False,False,False,False,,,5.009999999999938,0.0,warmup,0.4824355574271533,1.21891463319844,0.01862942318990535,0.22850604874806862,0.03105257929877009,0.5953488349914551
D3,7,learned,34,False,True,False,11.160868305936347,False,False,False,False,unstable box motion,timeout,4.939999999999939,0.0,intermediate,0.5593516103811621,1.3360529847388807,0.026802571290149707,0.24025429461886683,0.03653309242101386,0.7296315431594849
D3,7,learned,35,True,True,True,13.382961602021233,False,False,False,False,,,5.009999999999938,0.0,full,0.5821520363062294,0.9352893720189832,0.017740755582348652,0.23111081190057026,0.03400621387456638,0.5625491738319397
D3,7,learned,36,True,True,True,13.147352930806226,False,False,False,False,,,5.009999999999938,0.0,warmup,0.49003588725688896,1.1949944693625023,0.022029245299411904,0.2309065044752898,0.03226697305741069,0.5959348082542419
D3,7,learned,37,True,True,True,10.454381598996536,False,False,False,False,,,5.009999999999938,0.0,intermediate,0.47202966125532003,1.0718062194041447,0.019649848389419616,0.2331608491509551,0.034192223645376586,0.6960760354995728
D3,7,learned,38,False,True,False,15.468733291691905,False,False,False,False,insufficient grip,timeout,0.0,0.0,full,0.39720311956649396,1.1780777381288443,62.9173421017006,0.8972848070282778,1.3336884736585697,2.075836658477783
D3,7,learned,39,True,True,True,12.148756997423884,False,False,False,False,,,5.009999999999938,0.0,warmup,0.48760734892737573,1.2436457867865334,0.02068639738443126,0.23491473860169532,0.03395752920242691,0.6316545009613037
D3,7,learned,40,True,True,True,12.639068446675267,False,False,False,False,,,5.009999999999938,0.0,intermediate,0.4697590305539757,1.000828031345263,0.0178307952864953,0.22923146140516526,0.03296927056787242,0.5792699456214905
D3,7,learned,41,True,True,True,12.323211875107114,False,False,False,False,,,5.009999999999938,0.0,full,0.5399893072381774,1.543457179043201,0.027677347816101774,0.22594261029920537,0.030498627796158438,0.7109747529029846
D3,7,learned,42,True,True,True,11.921319176982687,False,False,False,False,,,5.009999999999938,0.0,warmup,0.4885757854329753,1.2269349832847654,0.02097868121612633,0.24041936543902157,0.03891998675713393,0.6173900961875916
D3,7,learned,43,True,True,True,11.356151438416322,False,False,False,False,,,5.009999999999938,0.0,intermediate,0.5760872145672483,1.17039712756378,0.02241844908936963,0.23254653003335968,0.03373062220945208,0.7338150143623352
D3,7,learned,44,False,True,False,13.0473155434524,False,False,False,False,unstable box motion,timeout,0.0,0.0,full,0.38303639555873803,1.338079672902308,0.02791164098263369,0.23713475352361324,0.03449932109631066,0.7900797128677368
D3,7,learned,45,True,True,True,11.748319441753178,False,False,False,False,,,5.009999999999938,0.0,warmup,0.49174394141055583,1.2240044962498438,0.020340072363594922,0.2319030548705822,0.03344991222851973,0.6587405800819397
D3,7,learned,46,True,True,True,11.10181551689234,False,False,False,False,,,5.009999999999938,0.0,intermediate,0.43827127758724876,1.208110249995769,0.023170006765276353,0.23421352725022657,0.033543712659956065,0.6649043560028076
D3,7,learned,47,True,True,True,12.118000431968852,False,False,False,False,,,5.009999999999938,0.0,full,0.6424065509628292,1.102805538886461,0.021565250092749375,0.23525579622566295,0.035922860615086864,0.6827142834663391
D3,7,learned,48,True,True,True,11.536375777644567,False,False,False,False,,,5.009999999999938,0.0,warmup,0.5085148659503609,1.174116055562226,0.020726072686933928,0.23256655843439095,0.034949966310598435,0.6684088110923767
D3,7,learned,49,False,True,False,10.292904559051063,False,False,False,False,unstable box motion,timeout,0.0,0.0,intermediate,0.45103892656726835,1.2464647082307405,0.026403299024152695,0.2382412274493723,0.037030400236004166,0.680659294128418
D3,7,learned,50,False,True,False,11.599887173024847,False,False,False,False,unstable box motion,timeout,0.0,0.0,full,0.3726770816353148,1.4920678302689376,24.425531159685608,0.3840345498022869,0.22408049726476229,1.0390926599502563
D3,7,learned,51,True,True,True,11.62516767424763,False,False,False,False,,,5.009999999999938,0.0,warmup,0.5121655145357621,1.2468573748815532,0.0217869265108138,0.2366234471854454,0.03662016992531717,0.6653615236282349
D3,7,learned,52,False,True,False,10.122352896482134,False,False,False,False,unstable box motion,timeout,4.9699999999999385,0.0,intermediate,0.5619201427171274,1.0007040595710093,0.021218894661271522,0.2329301896517386,0.03421120641819601,0.7413206696510315
D3,7,learned,53,False,True,False,11.324037763518694,False,False,False,False,unstable box motion,timeout,0.0,0.0,full,0.5243303082272294,0.9612646556452364,0.0290153031122716,0.23511580978584837,0.03767734810610169,0.6786871552467346
D3,7,learned,54,True,True,True,12.229338820577631,False,False,False,False,,,5.009999999999938,0.0,warmup,0.4863359531545361,1.2434969451900522,0.020464487989207827,0.23317606686846412,0.03365645796968935,0.6124017834663391
D3,7,learned,55,False,True,False,10.160885273947002,False,False,False,False,unstable box motion,timeout,4.959999999999939,0.0,intermediate,0.4252483777736942,1.264293204911614,0.021447464908835125,0.23384132725895124,0.03149402916531212,0.7053683400154114
D3,7,learned,56,False,True,False,,False,False,False,False,interception miss,box passed the interception workspace,0.0,0.0,full,0.5295575228792385,1.4527831122188495,3.5887231671801363,0.6577401566650241,0.08961842865162332,0.43420901894569397
D3,7,learned,57,True,True,True,12.285932810824798,False,False,False,False,,,5.009999999999938,0.0,warmup,0.5141180905828481,1.2082259258941315,0.02133505032665513,0.23399097715910602,0.03580568034098928,0.6248704791069031
D3,7,learned,58,True,True,True,13.185510850132104,False,False,False,False,,,5.009999999999938,0.0,intermediate,0.44073145090136284,1.0827524946051303,0.018351709083683096,0.22743916608205333,0.03102113241186112,0.5540074110031128
D3,7,learned,59,False,True,False,10.542303828485746,False,False,False,False,unstable box motion,timeout,0.0,0.0,full,0.5261049150037435,1.2326145627183616,0.032476022685753156,0.23588041201802962,0.036768793584113675,0.7267566323280334
D3,7,learned,60,True,True,True,12.638617185632167,False,False,False,False,,,5.009999999999938,0.0,warmup,0.5030441815117926,1.235296079410372,0.020767745959759377,0.2315836866347555,0.0330675639855665,0.597471296787262
D3,7,learned,61,True,True,True,10.729631140817453,False,False,False,False,,,5.009999999999938,0.0,intermediate,0.5389551631654701,1.197412975915647,0.02375446195915725,0.23343664324978386,0.03438709165915967,0.7145289778709412
D3,7,learned,62,True,True,True,9.732894459256535,False,False,False,False,,,5.009999999999938,0.0,full,0.37411391740488836,0.778022602554542,0.013238260367882705,0.22944283852320013,0.031929025105424585,0.5176680684089661
D3,7,learned,63,True,True,True,11.39241036143045,False,False,False,False,,,5.009999999999938,0.0,warmup,0.5180958832674765,1.1775949033705304,0.02271431031306224,0.23413216860496525,0.034889385394655296,0.6719082593917847
D3,7,learned,64,True,True,True,10.257572982249938,False,False,False,False,,,5.009999999999938,0.0,intermediate,0.4319834064826628,1.2497602045329117,0.020513885958398655,0.2359143570235644,0.03476617591161084,0.6774136424064636
D3,7,learned,65,True,True,True,13.330119841912325,False,False,False,False,,,5.009999999999938,0.0,full,0.46955263519301244,1.3618770382643257,0.022071627816478884,0.22242586708028925,0.029523206660323004,0.8072790503501892
D3,7,learned,66,True,True,True,12.008656107093518,False,False,False,False,,,5.009999999999938,0.0,warmup,0.5144610774914211,1.2260844704151872,0.021627551700985265,0.23427286816524798,0.03474975015986711,0.6574116945266724
D3,7,learned,67,True,True,True,10.396058623776096,False,False,False,False,,,5.009999999999938,0.0,intermediate,0.4243514781482216,1.2158876925074258,0.01938305853785075,0.2350418382729693,0.03440549802100286,0.6520190834999084
D3,7,learned,68,True,True,True,14.287253689315913,False,False,False,False,,,5.009999999999938,0.0,full,0.41267677704972583,0.8528733183238331,0.020203516532244403,0.22899619312262323,0.03166186403328697,0.8178982734680176
D3,7,learned,69,True,True,True,12.532589605843723,False,False,False,False,,,5.009999999999938,0.0,warmup,0.49438308838503003,1.1989058255816771,0.020226023237704435,0.23031158901041962,0.032589304109811396,0.6186153292655945
D3,7,learned,70,True,True,True,11.336315928173553,False,False,False,False,,,5.009999999999938,0.0,intermediate,0.45607536866522447,1.0072921878164434,0.01953057226279067,0.23330338109744878,0.03416150110589743,0.622105062007904
D3,7,learned,71,False,True,False,14.529766799621893,False,False,False,False,unstable box motion,timeout,4.749999999999943,0.0,full,0.4890386342296652,1.3446198045538313,0.025325416732419254,0.23645732195879376,0.034212117676756214,0.8083481788635254
D3,7,learned,72,True,True,True,12.691029259797897,False,False,False,False,,,5.009999999999938,0.0,warmup,0.5181769401123936,1.2214768875486623,0.02336361425968937,0.2311961561962966,0.03313570624513857,0.6673182249069214
D3,7,learned,73,True,True,True,12.343835740902533,False,False,False,False,,,5.009999999999938,0.0,intermediate,0.47561330230223386,1.274057400905906,0.021418022764553263,0.23439269375285662,0.035760957423992906,0.5833051204681396
D3,7,learned,74,False,True,False,16.02997608292607,False,False,False,False,insufficient grip,timeout,0.0,0.0,full,0.6302656463012763,1.2363069994594955,62.84151813913654,0.8995730612694641,1.2995016892585305,1.9056683778762817
D3,7,learned,75,True,True,True,12.813217966838732,False,False,False,False,,,5.009999999999938,0.0,warmup,0.5128891502103221,1.1693339809485719,0.022798390932067546,0.23125502314948226,0.032542731737332665,0.6478776335716248
D3,7,learned,76,True,True,True,12.464370777730945,False,False,False,False,,,5.009999999999938,0.0,intermediate,0.5029775957233502,1.1173203785729031,0.020823431533724117,0.23618640225276927,0.03706734395523127,0.5916295051574707
D3,7,learned,77,True,True,True,11.51788325960677,False,False,False,False,,,5.009999999999938,0.0,full,0.6217022090206814,1.178149402500111,0.023717230977420536,0.2355049162971807,0.03697961623383423,0.6778943538665771
D3,7,learned,78,True,True,True,12.263519304610309,False,False,False,False,,,5.009999999999938,0.0,warmup,0.48107140492051537,1.2237028225935525,0.022701158815416886,0.23154863231328457,0.031944808248989286,0.6437172889709473
D3,7,learned,79,True,True,True,12.095867444005686,False,False,False,False,,,5.009999999999938,0.0,intermediate,0.5582002597826974,1.2360374228455522,0.025789710967148688,0.24068812472686366,0.03969410438248903,0.6444336771965027
D3,7,learned,80,False,True,False,15.071047813374497,False,False,False,False,unstable box motion,timeout,0.0,0.0,full,0.5342840136425704,1.0989328427743525,55.157446577394374,0.7824316235127351,0.498727210522463,1.014161467552185
D3,7,learned,81,True,True,True,11.9532951467284,False,False,False,False,,,5.009999999999938,0.0,warmup,0.5198020969208147,1.2222703211615975,0.023902277497133435,0.23337043058437268,0.03403458217353998,0.661841869354248
D3,7,learned,82,True,True,True,13.05685428395383,False,False,False,False,,,5.009999999999938,0.0,intermediate,0.5418115409414938,1.2476588704407745,0.018786139909480915,0.2641745862197973,0.03212126668549372,0.5511599183082581
D3,7,learned,83,True,True,True,10.840918836019029,False,False,False,False,,,5.009999999999938,0.0,full,0.48067514698452624,1.3134212480291771,0.021657853508779735,0.2253345790041774,0.02966044024115514,0.7483649849891663
D3,7,learned,84,True,True,True,12.798990799331762,False,False,False,False,,,5.009999999999938,0.0,warmup,0.5182181653316911,1.240184064601315,0.021453610846337165,0.2361483604047693,0.0360062893409282,0.6284295916557312
D3,7,learned,85,True,True,True,11.305118537777478,False,False,False,False,,,5.009999999999938,0.0,intermediate,0.4215685252329265,1.096261173554801,0.016721278968461997,0.22487491257335734,0.030381545233037117,0.5428868532180786
D3,7,learned,86,True,True,True,12.33688631459492,False,False,False,False,,,5.009999999999938,0.0,full,0.45929631408227567,1.3403272016459777,0.021050145630688806,0.22993902258601495,0.03188245056403184,0.6026408076286316
D3,7,learned,87,True,True,True,11.791743442835601,False,False,False,False,,,5.009999999999938,0.0,warmup,0.5101437457234121,1.2259015013553074,0.020939439750170156,0.23589165718111055,0.03608826931276081,0.646600604057312
D3,7,learned,88,True,True,True,12.693411345910443,False,False,False,False,,,5.009999999999938,0.0,intermediate,0.510237487959977,1.36657991163753,0.022176048083478134,0.2389001749224245,0.03728270140802637,0.6317568421363831
D3,7,learned,89,False,True,False,13.250074527454512,False,False,False,False,unstable box motion,timeout,0.0,0.0,full,0.670320389540348,1.0790204426581789,9.948387999236214,0.2826258522719427,0.10664474581443106,1.0060957670211792
D3,7,learned,90,True,True,True,11.730304302207985,False,False,False,False,,,5.009999999999938,0.0,warmup,0.4871652420600959,1.1732984908471253,0.020389637785210392,0.23272363669975552,0.033676826133253505,0.6586215496063232
D3,7,learned,91,True,True,True,14.281323569883831,False,False,False,False,,,5.009999999999938,0.0,intermediate,0.5063899162248642,1.2129222183053707,0.01824811881342512,0.22737154794882644,0.031144887164755775,0.5507158637046814
D3,7,learned,92,True,True,True,14.88139870612608,False,False,False,False,,,5.009999999999938,0.0,full,0.39331817024535876,1.05629062348945,0.021330801535203597,0.23640574488647537,0.034777144297621534,0.830861508846283
D3,7,learned,93,True,True,True,12.20518602133787,False,False,False,False,,,5.009999999999938,0.0,warmup,0.4809392138214365,1.1890876549511458,0.020706557717947025,0.2320642481793592,0.03269554527364671,0.6691541075706482
D3,7,learned,94,True,True,True,10.20416988618928,False,False,False,False,,,5.009999999999938,0.0,intermediate,0.5615218737550742,1.3768853723217598,0.026498652533779976,0.22933226380248617,0.03189316718245766,0.7440047860145569
D3,7,learned,95,True,True,True,11.242848425283618,False,False,False,False,,,5.009999999999938,0.0,full,0.6818918618697445,0.7643543624064467,0.018499414033843652,0.21524735781595475,0.029409889293803778,0.7443612813949585
D3,7,learned,96,True,True,True,12.365988639116278,False,False,False,False,,,5.009999999999938,0.0,warmup,0.5053135879878038,1.1841457332405028,0.020653225343098273,0.23502303579919098,0.03598031674490802,0.6525530219078064
D3,7,learned,97,False,True,False,10.612456369054538,False,False,False,False,unstable box motion,timeout,0.0,0.0,intermediate,0.5212111576019438,1.2965194086396024,0.029128010807367613,0.23364985644739597,0.03662131168048031,0.6676895022392273
D3,7,learned,98,True,True,True,10.404900467342841,False,False,False,False,,,5.009999999999938,0.0,full,0.3626765151612195,1.1750646730460341,0.0197499965737311,0.23144887010273482,0.030899905239892823,0.7513703107833862
D3,7,learned,99,True,True,True,12.306173402572428,False,False,False,False,,,5.009999999999938,0.0,warmup,0.4854086464968972,1.192907376054963,0.019580126311407712,0.23681123681311592,0.03735183430976265,0.6000739932060242
D3,7,zero,0,True,True,True,11.738354911025425,False,False,False,False,,,5.009999999999938,0.0,warmup,0.5128083197961336,1.1512648415214817,0.020524704885670875,0.0,0.0,0.0
D3,7,zero,1,True,True,True,10.830579550058902,False,False,False,False,,,5.009999999999938,0.0,intermediate,0.5583821710176411,1.2738890168815886,0.021524058705885075,0.0,0.0,0.0
D3,7,zero,2,True,True,True,14.616173209565286,False,False,False,False,,,5.009999999999938,0.0,full,0.42594280942227786,0.9534267532589371,0.01892775203049847,0.0,0.0,0.0
D3,7,zero,3,True,True,True,11.568182226702957,False,False,False,False,,,5.009999999999938,0.0,warmup,0.509978780669319,1.1525834806578006,0.019745057731862987,0.0,0.0,0.0
D3,7,zero,4,True,True,True,12.364718741778496,False,False,False,False,,,5.009999999999938,0.0,intermediate,0.5696580900535205,1.2016692008919285,0.022633081379030535,0.0,0.0,0.0
D3,7,zero,5,True,True,True,13.186414426163863,False,False,False,False,,,5.009999999999938,0.0,full,0.4265115823194439,1.437154991672124,0.01958959302918034,0.0,0.0,0.0
D3,7,zero,6,True,True,True,12.46223287268657,False,False,False,False,,,5.009999999999938,0.0,warmup,0.5075895884587166,1.2407813524535225,0.020192722766563982,0.0,0.0,0.0
D3,7,zero,7,True,True,True,12.261601811426459,False,False,False,False,,,5.009999999999938,0.0,intermediate,0.48690102169905397,1.038737655570714,0.01861121414637554,0.0,0.0,0.0
D3,7,zero,8,True,True,True,14.926811516078901,False,False,False,False,,,5.009999999999938,0.0,full,0.505785052514625,1.5431761150884702,0.020777114905751404,0.0,0.0,0.0
D3,7,zero,9,True,True,True,12.771315230132634,False,False,False,False,,,5.009999999999938,0.0,warmup,0.49479990440431754,1.1688952171756082,0.019264537339446296,0.0,0.0,0.0
D3,7,zero,10,True,True,True,12.521168372504572,False,False,False,False,,,5.009999999999938,0.0,intermediate,0.5579570453338745,1.2889912019305365,0.02131871344685938,0.0,0.0,0.0
D3,7,zero,11,True,True,True,13.487418966169331,False,False,False,False,,,5.009999999999938,0.0,full,0.637714525300757,1.1834188609198721,0.021447244954935992,0.0,0.0,0.0
D3,7,zero,12,True,True,True,11.846786047031546,False,False,False,False,,,5.009999999999938,0.0,warmup,0.5009263118149376,1.2188247958799947,0.01921838984294255,0.0,0.0,0.0
D3,7,zero,13,True,True,True,11.137920408588595,False,False,False,False,,,5.009999999999938,0.0,intermediate,0.5721493389616075,1.0132527290956106,0.020717342775059128,0.0,0.0,0.0
D3,7,zero,14,False,True,False,15.155238321123084,False,False,False,False,unstable box motion,timeout,0.03,0.0,full,0.47084174840317594,1.1668854451158555,0.026557507917864553,0.0,0.0,0.0
D3,7,zero,15,True,True,True,12.399727102133248,False,False,False,False,,,5.009999999999938,0.0,warmup,0.48738766261608873,1.2336237205624674,0.019552985343880152,0.0,0.0,0.0
D3,7,zero,16,True,True,True,10.543584403839262,False,False,False,False,,,5.009999999999938,0.0,intermediate,0.44463355547976935,1.2760410585312312,0.020276664806378623,0.0,0.0,0.0
D3,7,zero,17,True,True,True,15.672199567182052,False,False,False,False,,,5.009999999999938,0.0,full,0.545833674323523,1.1579762526510662,0.017107805017850253,0.0,0.0,0.0
D3,7,zero,18,True,True,True,11.322579746573014,False,False,False,False,,,5.009999999999938,0.0,warmup,0.49298274539423165,1.2346759141610777,0.01925566826692108,0.0,0.0,0.0
D3,7,zero,19,True,True,True,11.155680855521663,False,False,False,False,,,5.009999999999938,0.0,intermediate,0.4838916734878356,1.3374730526845824,0.024876101120294845,0.0,0.0,0.0
D3,7,zero,20,True,True,True,13.026208480181129,False,False,False,False,,,5.009999999999938,0.0,full,0.5020057240424289,0.7954649007207342,0.01789318386298323,0.0,0.0,0.0
D3,7,zero,21,True,True,True,12.683176769608474,False,False,False,False,,,5.009999999999938,0.0,warmup,0.4904104543646842,1.1673474497063143,0.018642198329941247,0.0,0.0,0.0
D3,7,zero,22,True,True,True,10.681627400806933,False,False,False,False,,,5.009999999999938,0.0,intermediate,0.4526350727341898,1.1252112590506311,0.018561166107325437,0.0,0.0,0.0
D3,7,zero,23,True,True,True,16.48203204477007,False,False,False,False,,,5.009999999999938,0.0,full,0.4904961771661215,1.343875645190756,0.019752857920643112,0.0,0.0,0.0
D3,7,zero,24,True,True,True,11.429635162153506,False,False,False,False,,,5.009999999999938,0.0,warmup,0.5109693765412465,1.211283449106051,0.019960664302061885,0.0,0.0,0.0
D3,7,zero,25,True,True,True,11.548916252243453,False,False,False,False,,,5.009999999999938,0.0,intermediate,0.5317344461251952,1.0067531604749642,0.023471311417128774,0.0,0.0,0.0
D3,7,zero,26,True,True,True,13.734417413825255,False,False,False,False,,,5.009999999999938,0.0,full,0.5135364956319597,0.9791037239291087,0.019078146087533176,0.0,0.0,0.0
D3,7,zero,27,True,True,True,13.644535779155124,False,False,False,False,,,5.009999999999938,0.0,warmup,0.48896578770858773,1.2364416551319382,0.019642584295162437,0.0,0.0,0.0
D3,7,zero,28,True,True,True,12.733471125530139,False,False,False,False,,,5.009999999999938,0.0,intermediate,0.46606083056516756,1.0333475627374389,0.018909839435079328,0.0,0.0,0.0
D3,7,zero,29,True,True,True,12.599032010864597,False,False,False,False,,,5.009999999999938,0.0,full,0.4781300590747878,1.1076903259488948,0.017900430311176076,0.0,0.0,0.0
D3,7,zero,30,True,True,True,12.103391048363374,False,False,False,False,,,5.009999999999938,0.0,warmup,0.500472282046089,1.2042566690466316,0.02134140268833359,0.0,0.0,0.0
D3,7,zero,31,True,True,True,9.765438339959955,False,False,False,False,,,5.009999999999938,0.0,intermediate,0.42123466907856777,1.253002323925152,0.02106934490308074,0.0,0.0,0.0
D3,7,zero,32,True,True,True,15.514522121129373,False,False,False,False,,,5.009999999999938,0.0,full,0.49655863214725254,1.0809459611070078,0.020464976506717518,0.0,0.0,0.0
D3,7,zero,33,True,True,True,12.160583709270684,False,False,False,False,,,5.009999999999938,0.0,warmup,0.4824355574271533,1.21891463319844,0.01879245097104759,0.0,0.0,0.0
D3,7,zero,34,True,True,True,12.147443313738606,False,False,False,False,,,5.009999999999938,0.0,intermediate,0.5593516103811621,1.3360529847388807,0.024879432704356705,0.0,0.0,0.0
D3,7,zero,35,True,True,True,13.55928262275364,False,False,False,False,,,5.009999999999938,0.0,full,0.5821520363062294,0.9352893720189832,0.018317930834546144,0.0,0.0,0.0
D3,7,zero,36,True,True,True,13.716412862449031,False,False,False,False,,,5.009999999999938,0.0,warmup,0.49003588725688896,1.1949944693625023,0.01796843022675573,0.0,0.0,0.0
D3,7,zero,37,True,True,True,11.095700036819728,False,False,False,False,,,5.009999999999938,0.0,intermediate,0.47202966125532003,1.0718062194041447,0.018868581266375584,0.0,0.0,0.0
D3,7,zero,38,True,True,True,13.880949274654087,False,False,False,False,,,5.009999999999938,0.0,full,0.39720311956649396,1.1780777381288443,0.019673506655049418,0.0,0.0,0.0
D3,7,zero,39,True,True,True,11.526520114446598,False,False,False,False,,,5.009999999999938,0.0,warmup,0.48760734892737573,1.2436457867865334,0.019385065029217455,0.0,0.0,0.0
D3,7,zero,40,True,True,True,12.061099445506247,False,False,False,False,,,5.009999999999938,0.0,intermediate,0.4697590305539757,1.000828031345263,0.017596014798999617,0.0,0.0,0.0
D3,7,zero,41,True,True,True,11.504657684614092,False,False,False,False,,,5.009999999999938,0.0,full,0.5399893072381774,1.543457179043201,0.02173951781237901,0.0,0.0,0.0
D3,7,zero,42,True,True,True,12.897892983577803,False,False,False,False,,,5.009999999999938,0.0,warmup,0.4885757854329753,1.2269349832847654,0.019759561578133057,0.0,0.0,0.0
D3,7,zero,43,True,True,True,12.537669787151682,False,False,False,False,,,5.009999999999938,0.0,intermediate,0.5760872145672483,1.17039712756378,0.020583550771206962,0.0,0.0,0.0
D3,7,zero,44,False,True,False,15.096611338962546,False,False,False,False,unstable box motion,timeout,4.319999999999952,0.0,full,0.38303639555873803,1.338079672902308,0.024257387971864056,0.0,0.0,0.0
D3,7,zero,45,True,True,True,11.375084214706135,False,False,False,False,,,5.009999999999938,0.0,warmup,0.49174394141055583,1.2240044962498438,0.021107896776920747,0.0,0.0,0.0
D3,7,zero,46,True,True,True,12.188356921533073,False,False,False,False,,,5.009999999999938,0.0,intermediate,0.43827127758724876,1.208110249995769,0.019624434893668836,0.0,0.0,0.0
D3,7,zero,47,True,True,True,12.631155603772365,False,False,False,False,,,5.009999999999938,0.0,full,0.6424065509628292,1.102805538886461,0.02234347624032534,0.0,0.0,0.0
D3,7,zero,48,True,True,True,12.103540904387291,False,False,False,False,,,5.009999999999938,0.0,warmup,0.5085148659503609,1.174116055562226,0.019925626213098395,0.0,0.0,0.0
D3,7,zero,49,False,True,False,10.888682556938575,False,False,False,False,unstable box motion,timeout,4.9199999999999395,0.0,intermediate,0.45103892656726835,1.2464647082307405,0.023403004107901977,0.0,0.0,0.0
D3,7,zero,50,True,True,True,12.871844227990742,False,False,False,False,,,5.009999999999938,0.0,full,0.3726770816353148,1.4920678302689376,0.018474518983907312,0.0,0.0,0.0
D3,7,zero,51,True,True,True,12.593188389920833,False,False,False,False,,,5.009999999999938,0.0,warmup,0.5121655145357621,1.2468573748815532,0.021948901648773615,0.0,0.0,0.0
D3,7,zero,52,True,True,True,11.146518413117931,False,False,False,False,,,5.009999999999938,0.0,intermediate,0.5619201427171274,1.0007040595710093,0.020153368232881087,0.0,0.0,0.0
D3,7,zero,53,False,True,False,10.933532139994828,False,False,False,False,unstable box motion,timeout,0.0,0.0,full,0.5243303082272294,0.9612646556452364,0.02704959192079744,0.0,0.0,0.0
D3,7,zero,54,True,True,True,11.645497721620153,False,False,False,False,,,5.009999999999938,0.0,warmup,0.4863359531545361,1.2434969451900522,0.019740720266721527,0.0,0.0,0.0
D3,7,zero,55,True,True,True,10.372984641335833,False,False,False,False,,,5.009999999999938,0.0,intermediate,0.4252483777736942,1.264293204911614,0.019829078470073987,0.0,0.0,0.0
D3,7,zero,56,True,True,True,15.660273121656271,False,False,False,False,,,5.009999999999938,0.0,full,0.5295575228792385,1.4527831122188495,0.02125027016567552,0.0,0.0,0.0
D3,7,zero,57,True,True,True,11.664993813367882,False,False,False,False,,,5.009999999999938,0.0,warmup,0.5141180905828481,1.2082259258941315,0.020046614578491457,0.0,0.0,0.0
D3,7,zero,58,True,True,True,12.833310439344888,False,False,False,False,,,5.009999999999938,0.0,intermediate,0.44073145090136284,1.0827524946051303,0.017661037809848682,0.0,0.0,0.0
D3,7,zero,59,False,True,False,10.786813377918,False,False,False,False,unstable box motion,timeout,0.0,0.0,full,0.5261049150037435,1.2326145627183616,0.028961401730140612,0.0,0.0,0.0
D3,7,zero,60,True,True,True,14.057405083535322,False,False,False,False,,,5.009999999999938,0.0,warmup,0.5030441815117926,1.235296079410372,0.01947456560739661,0.0,0.0,0.0
D3,7,zero,61,True,True,True,11.722104758643887,False,False,False,False,,,5.009999999999938,0.0,intermediate,0.5389551631654701,1.197412975915647,0.0213238570614697,0.0,0.0,0.0
D3,7,zero,62,True,True,True,10.638377386630937,False,False,False,False,,,5.009999999999938,0.0,full,0.37411391740488836,0.778022602554542,0.01676448897332273,0.0,0.0,0.0
D3,7,zero,63,True,True,True,12.649191696082571,False,False,False,False,,,5.009999999999938,0.0,warmup,0.5180958832674765,1.1775949033705304,0.021361247207560653,0.0,0.0,0.0
D3,7,zero,64,True,True,True,10.973253038263325,False,False,False,False,,,5.009999999999938,0.0,intermediate,0.4319834064826628,1.2497602045329117,0.021161324741186725,0.0,0.0,0.0
D3,7,zero,65,True,True,True,15.340810501620641,False,False,False,False,,,5.009999999999938,0.0,full,0.46955263519301244,1.3618770382643257,0.01980480690814856,0.0,0.0,0.0
D3,7,zero,66,True,True,True,12.677741184117474,False,False,False,False,,,5.009999999999938,0.0,warmup,0.5144610774914211,1.2260844704151872,0.020090461804586887,0.0,0.0,0.0
D3,7,zero,67,True,True,True,11.289540440513754,False,False,False,False,,,5.009999999999938,0.0,intermediate,0.4243514781482216,1.2158876925074258,0.01831588588599263,0.0,0.0,0.0
D3,7,zero,68,True,True,True,15.368647798306753,False,False,False,False,,,5.009999999999938,0.0,full,0.41267677704972583,0.8528733183238331,0.01889109077635428,0.0,0.0,0.0
D3,7,zero,69,True,True,True,13.02834171804609,False,False,False,False,,,5.009999999999938,0.0,warmup,0.49438308838503003,1.1989058255816771,0.02116964247775522,0.0,0.0,0.0
D3,7,zero,70,True,True,True,12.037024274117723,False,False,False,False,,,5.009999999999938,0.0,intermediate,0.45607536866522447,1.0072921878164434,0.0192772741060451,0.0,0.0,0.0
D3,7,zero,71,False,True,False,15.433544709994084,False,False,False,False,unstable box motion,timeout,4.989999999999938,0.0,full,0.4890386342296652,1.3446198045538313,0.022905367738605516,0.0,0.0,0.0
D3,7,zero,72,True,True,True,11.253358843153073,False,False,False,False,,,5.009999999999938,0.0,warmup,0.5181769401123936,1.2214768875486623,0.021342074279822477,0.0,0.0,0.0
D3,7,zero,73,True,True,True,12.704304638292744,False,False,False,False,,,5.009999999999938,0.0,intermediate,0.47561330230223386,1.274057400905906,0.019915115891681334,0.0,0.0,0.0
D3,7,zero,74,False,True,False,16.170052108648875,False,False,False,False,unstable box motion,timeout,0.0,0.0,full,0.6302656463012763,1.2363069994594955,23.177463378213357,0.0,0.0,0.0
D3,7,zero,75,True,True,True,11.439538438209095,False,False,False,False,,,5.009999999999938,0.0,warmup,0.5128891502103221,1.1693339809485719,0.021418575610176786,0.0,0.0,0.0
D3,7,zero,76,True,True,True,13.65858490353449,False,False,False,False,,,5.009999999999938,0.0,intermediate,0.5029775957233502,1.1173203785729031,0.02069733803756278,0.0,0.0,0.0
D3,7,zero,77,True,True,True,12.9885380553889,False,False,False,False,,,5.009999999999938,0.0,full,0.6217022090206814,1.178149402500111,0.02167264268834317,0.0,0.0,0.0
D3,7,zero,78,True,True,True,11.579932007309846,False,False,False,False,,,5.009999999999938,0.0,warmup,0.48107140492051537,1.2237028225935525,0.02093420330393901,0.0,0.0,0.0
D3,7,zero,79,True,True,True,13.327972300868613,False,False,False,False,,,5.009999999999938,0.0,intermediate,0.5582002597826974,1.2360374228455522,0.022487497815232696,0.0,0.0,0.0
D3,7,zero,80,True,True,True,16.79779276338605,False,False,False,False,,,5.009999999999938,0.0,full,0.5342840136425704,1.0989328427743525,0.01937287022145817,0.0,0.0,0.0
D3,7,zero,81,True,True,True,11.702742204433184,False,False,False,False,,,5.009999999999938,0.0,warmup,0.5198020969208147,1.2222703211615975,0.0213072660232238,0.0,0.0,0.0
D3,7,zero,82,True,True,True,12.239620224079825,False,False,False,False,,,5.009999999999938,0.0,intermediate,0.5418115409414938,1.2476588704407745,0.024569543678928565,0.0,0.0,0.0
D3,7,zero,83,True,True,True,11.423128473811131,False,False,False,False,,,5.009999999999938,0.0,full,0.48067514698452624,1.3134212480291771,0.01974474007279419,0.0,0.0,0.0
D3,7,zero,84,True,True,True,13.588868421141397,False,False,False,False,,,5.009999999999938,0.0,warmup,0.5182181653316911,1.240184064601315,0.019831222033441214,0.0,0.0,0.0
D3,7,zero,85,True,True,True,11.356662981263307,False,False,False,False,,,5.009999999999938,0.0,intermediate,0.4215685252329265,1.096261173554801,0.01684891901132032,0.0,0.0,0.0
D3,7,zero,86,True,True,True,12.991816402205323,False,False,False,False,,,5.009999999999938,0.0,full,0.45929631408227567,1.3403272016459777,0.02044558400660955,0.0,0.0,0.0
D3,7,zero,87,True,True,True,12.987130020782711,False,False,False,False,,,5.009999999999938,0.0,warmup,0.5101437457234121,1.2259015013553074,0.020767704750459248,0.0,0.0,0.0
D3,7,zero,88,True,True,True,13.57414980434687,False,False,False,False,,,5.009999999999938,0.0,intermediate,0.510237487959977,1.36657991163753,0.021568404595461662,0.0,0.0,0.0
D3,7,zero,89,True,True,True,13.648355069340372,False,False,False,False,,,5.009999999999938,0.0,full,0.670320389540348,1.0790204426581789,0.020731911146645784,0.0,0.0,0.0
D3,7,zero,90,True,True,True,12.41082013218532,False,False,False,False,,,5.009999999999938,0.0,warmup,0.4871652420600959,1.1732984908471253,0.0192726020695391,0.0,0.0,0.0
D3,7,zero,91,True,True,True,13.973000566125918,False,False,False,False,,,5.009999999999938,0.0,intermediate,0.5063899162248642,1.2129222183053707,0.021088217757763466,0.0,0.0,0.0
D3,7,zero,92,True,True,True,15.406735437934145,False,False,False,False,,,5.009999999999938,0.0,full,0.39331817024535876,1.05629062348945,0.021598286396971207,0.0,0.0,0.0
D3,7,zero,93,True,True,True,12.04264228239495,False,False,False,False,,,5.009999999999938,0.0,warmup,0.4809392138214365,1.1890876549511458,0.019615753589066653,0.0,0.0,0.0
D3,7,zero,94,True,True,True,11.194654704593827,False,False,False,False,,,5.009999999999938,0.0,intermediate,0.5615218737550742,1.3768853723217598,0.02209375225901859,0.0,0.0,0.0
D3,7,zero,95,True,True,True,10.858965838949505,False,False,False,False,,,5.009999999999938,0.0,full,0.6818918618697445,0.7643543624064467,0.01789121460884787,0.0,0.0,0.0
D3,7,zero,96,True,True,True,11.483098209468753,False,False,False,False,,,5.009999999999938,0.0,warmup,0.5053135879878038,1.1841457332405028,0.019967508628679808,0.0,0.0,0.0
D3,7,zero,97,False,True,False,11.251177835403844,False,False,False,False,unstable box motion,timeout,0.3000000000000001,0.0,intermediate,0.5212111576019438,1.2965194086396024,0.026252759252292687,0.0,0.0,0.0
D3,7,zero,98,True,True,True,14.224999763186673,False,False,False,False,,,5.009999999999938,0.0,full,0.3626765151612195,1.1750646730460341,0.018789776779400906,0.0,0.0,0.0
D3,7,zero,99,True,True,True,13.715144922363443,False,False,False,False,,,5.009999999999938,0.0,warmup,0.4854086464968972,1.192907376054963,0.01923333992859854,0.0,0.0,0.0
D3,17,learned,0,False,True,False,14.196026716864761,True,True,False,True,emergency force,emergency contact force exceeded,0.0,0.0,warmup,0.5128083197961336,1.1512648415214817,0.0798169829903428,3.337224008214754,1.2999094241195255,2.484194755554199
D3,17,learned,1,False,True,False,12.732297478315143,True,True,False,True,emergency force,emergency contact force exceeded,0.0,0.0,intermediate,0.5583821710176411,1.2738890168815886,0.06648276823672256,3.0506344936418346,0.894476144911687,2.5331616401672363
D3,17,learned,2,False,True,False,11.590672389290061,True,True,False,True,emergency force,emergency contact force exceeded,0.0,0.0,full,0.42594280942227786,0.9534267532589371,0.18331226735864856,3.2159540975231473,1.2727074914280025,2.55798602104187
D3,17,learned,3,False,True,False,13.993002246770438,True,True,False,True,emergency force,emergency contact force exceeded,0.0,0.0,warmup,0.509978780669319,1.1525834806578006,0.34940178925626686,3.226674438045084,1.081206520355266,2.517174482345581
D3,17,learned,4,False,True,False,14.244173803938388,True,True,False,True,emergency force,emergency contact force exceeded,0.0,0.0,intermediate,0.5696580900535205,1.2016692008919285,0.31865198726647453,3.293911407563586,1.240939450939906,2.4949612617492676
D3,17,learned,5,False,True,False,13.692570653926643,True,True,False,True,emergency force,emergency contact force exceeded,0.0,0.0,full,0.4265115823194439,1.437154991672124,0.13113593057317363,3.495693789650938,1.2941101915306514,2.5279221534729004
D3,17,learned,6,False,True,False,13.466396333628893,True,True,False,True,emergency force,emergency contact force exceeded,0.0,0.0,warmup,0.5075895884587166,1.2407813524535225,0.2935346065379707,3.306435655651615,1.2597038265905882,2.4965856075286865
D3,17,learned,7,False,True,False,14.12728769181958,True,True,False,True,emergency force,emergency contact force exceeded,0.0,0.0,intermediate,0.48690102169905397,1.038737655570714,0.17945187787138395,3.473951371464371,1.3020872781785686,2.516960382461548
D3,17,learned,8,False,True,False,15.310916756407634,True,True,False,True,emergency force,emergency contact force exceeded,0.0,0.0,full,0.505785052514625,1.5431761150884702,0.13417823304736254,3.4821048550986355,1.3273905220996127,2.5289292335510254
D3,17,learned,9,False,True,False,13.921158321209944,True,True,False,True,emergency force,emergency contact force exceeded,0.0,0.0,warmup,0.49479990440431754,1.1688952171756082,0.2560319718668118,3.3506151108026896,1.2747776222989915,2.4817562103271484
D3,17,learned,10,False,True,False,13.755504741360813,True,True,False,True,emergency force,emergency contact force exceeded,0.0,0.0,intermediate,0.5579570453338745,1.2889912019305365,0.09834265599332709,3.380019071518375,1.2907366367538324,2.473163366317749
D3,17,learned,11,False,True,False,15.209824292534538,True,True,False,True,emergency force,emergency contact force exceeded,0.0,0.0,full,0.637714525300757,1.1834188609198721,0.3597153093156212,3.506800172348687,1.3744297979891986,2.5273077487945557
D3,17,learned,12,False,True,False,14.560542519712799,True,True,False,True,emergency force,emergency contact force exceeded,0.0,0.0,warmup,0.5009263118149376,1.2188247958799947,0.22166571599837978,3.374174610820323,1.2731738705788889,2.4896838665008545
D3,17,learned,13,False,True,False,11.788523262481888,True,True,False,True,emergency force,emergency contact force exceeded,0.01,0.0,intermediate,0.5721493389616075,1.0132527290956106,0.5935595314873896,3.3855971894567642,1.3987504931596608,2.546640396118164
D3,17,learned,14,False,True,False,11.337340885519318,True,True,False,True,emergency force,emergency contact force exceeded,0.0,0.0,full,0.47084174840317594,1.1668854451158555,0.3979304954611913,3.365862622092953,1.5016403451357803,2.55643367767334
D3,17,learned,15,False,True,False,13.307445634230092,True,True,False,True,emergency force,emergency contact force exceeded,0.0,0.0,warmup,0.48738766261608873,1.2336237205624674,0.06867998332744743,3.3371863108115343,1.3091525375843047,2.4792070388793945
D3,17,learned,16,False,True,False,13.39546266087304,True,True,False,True,emergency force,emergency contact force exceeded,0.0,0.0,intermediate,0.44463355547976935,1.2760410585312312,0.3806810631711923,3.184406423489084,1.096760754199589,2.536045551300049
D3,17,learned,17,False,False,False,19.695642501801185,True,False,False,True,excessive first-contact impact,timeout,0.0,0.0,full,0.545833674323523,1.1579762526510662,60.5811723104025,1.6101870474640887,1.195930057849203,2.5239555835723877
D3,17,learned,18,False,True,False,14.511645558288492,True,True,False,True,emergency force,emergency contact force exceeded,0.0,0.0,warmup,0.49298274539423165,1.2346759141610777,0.19538476350507739,3.384228399238951,1.2866901541533677,2.491975784301758
D3,17,learned,19,False,True,False,10.000024566888317,True,True,False,True,emergency force,emergency contact force exceeded,0.01,0.0,intermediate,0.4838916734878356,1.3374730526845824,0.12282724250598516,3.3239017209236725,1.0856650112145538,2.540936231613159
D3,17,learned,20,False,True,False,14.158743665780051,True,True,False,True,emergency force,emergency contact force exceeded,0.0,0.0,full,0.5020057240424289,0.7954649007207342,0.13925254917006688,3.2877423128172194,1.3178185681286065,2.4794535636901855
D3,17,learned,21,False,True,False,14.346753102780568,True,True,False,True,emergency force,emergency contact force exceeded,0.0,0.0,warmup,0.4904104543646842,1.1673474497063143,0.09606649602552168,3.094151818857496,0.890044832473281,2.480997323989868
D3,17,learned,22,False,True,False,12.760119332677604,True,True,False,True,emergency force,emergency contact force exceeded,0.0,0.0,intermediate,0.4526350727341898,1.1252112590506311,0.10731453100758503,3.100049699487349,0.8782152752883686,2.477958917617798
D3,17,learned,23,False,True,False,16.862354632302644,True,False,False,False,unstable box motion,timeout,0.0,0.0,full,0.4904961771661215,1.343875645190756,58.28935536193262,1.5278938299991323,0.8986197366884776,2.5211000442504883
D3,17,learned,24,False,True,False,14.261896046441024,True,True,False,True,emergency force,emergency contact force exceeded,0.0,0.0,warmup,0.5109693765412465,1.211283449106051,0.2973317131644994,3.3287256321015466,1.223474405395488,2.494990587234497
D3,17,learned,25,False,True,False,13.807139787436077,True,True,False,True,emergency force,emergency contact force exceeded,0.0,0.0,intermediate,0.5317344461251952,1.0067531604749642,0.2205790435597629,3.3597080562843917,1.2868412968612486,2.4859049320220947
D3,17,learned,26,False,True,False,15.791093846860896,False,False,False,False,unstable box motion,timeout,0.0,0.0,full,0.5135364956319597,0.9791037239291087,60.33945994417272,1.2239506887811367,1.169209621804101,2.5271432399749756
D3,17,learned,27,False,True,False,14.649509799342022,True,True,False,True,emergency force,emergency contact force exceeded,0.0,0.0,warmup,0.48896578770858773,1.2364416551319382,0.15565714846105302,3.375045123430099,1.3012684564014056,2.484027862548828
D3,17,learned,28,False,True,False,13.835998787690931,True,True,False,True,emergency force,emergency contact force exceeded,0.0,0.0,intermediate,0.46606083056516756,1.0333475627374389,0.09737621702833753,3.098789383328634,0.8999585106037558,2.4802558422088623
D3,17,learned,29,False,True,False,14.446352754232038,True,True,False,True,emergency force,emergency contact force exceeded,0.0,0.0,full,0.4781300590747878,1.1076903259488948,0.2755179767696749,3.3895948239263234,1.2282018610771666,2.4767322540283203
D3,17,learned,30,False,True,False,14.500025819728961,True,True,False,True,emergency force,emergency contact force exceeded,0.0,0.0,warmup,0.500472282046089,1.2042566690466316,0.10064321350456674,3.3593616671565876,1.324650627043512,2.48462176322937
D3,17,learned,31,False,True,False,11.213727478249366,True,True,False,True,emergency force,emergency contact force exceeded,0.0,0.0,intermediate,0.42123466907856777,1.253002323925152,0.09954842780798202,3.070994554868973,0.8889569562414418,2.5192320346832275
D3,17,learned,32,False,True,False,8.519907108135808,False,False,False,False,insufficient grip,timeout,0.0,0.0,full,0.49655863214725254,1.0809459611070078,61.23091293956651,1.345656788508115,1.1758686838937658,2.55248761177063
D3,17,learned,33,False,True,False,13.759889121251264,True,True,False,True,emergency force,emergency contact force exceeded,0.0,0.0,warmup,0.4824355574271533,1.21891463319844,0.18105248292931303,3.4092057086074368,1.2708943846461538,2.4935150146484375
D3,17,learned,34,False,True,False,12.43011405037255,True,True,False,True,emergency force,emergency contact force exceeded,0.0,0.0,intermediate,0.5593516103811621,1.3360529847388807,0.3189904042500756,3.16456633903676,1.0654855583046303,2.5491366386413574
D3,17,learned,35,False,True,False,14.822552993106845,True,True,False,True,emergency force,emergency contact force exceeded,0.0,0.0,full,0.5821520363062294,0.9352893720189832,0.18904355235314213,3.4768975936896958,1.3058159791610457,2.5153491497039795
D3,17,learned,36,False,True,False,14.53163688130057,True,True,False,True,emergency force,emergency contact force exceeded,0.0,0.0,warmup,0.49003588725688896,1.1949944693625023,0.28674673363299025,3.211984805086313,0.9888751780348165,2.4944841861724854
D3,17,learned,37,False,True,False,13.152866047229633,True,True,False,True,emergency force,emergency contact force exceeded,0.0,0.0,intermediate,0.47202966125532003,1.0718062194041447,0.0853064284677219,3.083654199661291,0.8930859642933651,2.53257417678833
D3,17,learned,38,False,True,False,16.214443000224563,True,True,False,True,emergency force,emergency contact force exceeded,0.0,0.0,full,0.39720311956649396,1.1780777381288443,0.13957522878608375,3.1929226695356467,1.102265817778451,2.5075385570526123
D3,17,learned,39,False,True,False,13.90524712626878,True,True,False,True,emergency force,emergency contact force exceeded,0.0,0.0,warmup,0.48760734892737573,1.2436457867865334,0.30175081760446565,3.2619331491053583,1.079128373414278,2.4768292903900146
D3,17,learned,40,False,True,False,14.631076524996622,True,True,False,True,emergency force,emergency contact force exceeded,0.0,0.0,intermediate,0.4697590305539757,1.000828031345263,0.11077054288271193,3.4462888258127093,1.3027158342301846,2.511920213699341
D3,17,learned,41,False,True,False,15.84860562017432,True,True,False,True,emergency force,emergency contact force exceeded,0.0,0.0,full,0.5399893072381774,1.543457179043201,0.18496695884291597,3.286150429348299,1.3065733587877317,2.541022539138794
D3,17,learned,42,False,True,False,14.625710646783798,True,True,False,True,emergency force,emergency contact force exceeded,0.0,0.0,warmup,0.4885757854329753,1.2269349832847654,0.27562857194347745,3.256709612208743,1.110779689187589,2.485408306121826
D3,17,learned,43,False,True,False,15.66521844483185,True,True,False,True,emergency force,emergency contact force exceeded,0.0,0.0,intermediate,0.5760872145672483,1.17039712756378,0.24889438200858285,3.3877105537980334,1.3946821227669717,2.552363395690918
D3,17,learned,44,False,True,False,10.353608162378741,True,True,False,True,emergency force,emergency contact force exceeded,0.0,0.0,full,0.38303639555873803,1.338079672902308,0.1928574901707843,3.14951703651396,1.266596861522306,2.559267282485962
D3,17,learned,45,False,True,False,13.716562266574533,True,True,False,True,emergency force,emergency contact force exceeded,0.0,0.0,warmup,0.49174394141055583,1.2240044962498438,0.24678101279549072,3.387601116783511,1.3426259962951437,2.5039544105529785
D3,17,learned,46,False,True,False,12.99312403192284,True,True,False,True,emergency force,emergency contact force exceeded,0.0,0.0,intermediate,0.43827127758724876,1.208110249995769,0.11798874963983352,3.108311054398234,0.9195977727759559,2.5110127925872803
D3,17,learned,47,False,True,False,14.663677898137149,True,True,False,True,emergency force,emergency contact force exceeded,0.0,0.0,full,0.6424065509628292,1.102805538886461,0.2181585361510189,3.356190778787529,1.245874992855217,2.521519184112549
D3,17,learned,48,False,True,False,13.453780888801791,True,True,False,True,emergency force,emergency contact force exceeded,0.0,0.0,warmup,0.5085148659503609,1.174116055562226,0.28803400629881354,3.3214145904305967,1.2121720293634817,2.5116984844207764
D3,17,learned,49,False,True,False,13.40261027294496,True,True,False,True,emergency force,emergency contact force exceeded,0.0,0.0,intermediate,0.45103892656726835,1.2464647082307405,0.3429801486019999,3.1988979972764,1.0809043787228756,2.5194146633148193
D3,17,learned,50,False,True,False,12.735669011760757,True,True,False,True,emergency force,emergency contact force exceeded,0.0,0.0,full,0.3726770816353148,1.4920678302689376,0.29939549732873905,3.3478509684142077,1.1330886223752583,2.5248472690582275
D3,17,learned,51,False,True,False,13.961996797958403,True,True,False,True,emergency force,emergency contact force exceeded,0.0,0.0,warmup,0.5121655145357621,1.2468573748815532,0.3014026238097814,3.4333758434500927,1.37334560802797,2.5080740451812744
D3,17,learned,52,False,True,False,11.99818286333926,True,True,False,True,emergency force,emergency contact force exceeded,0.03,0.0,intermediate,0.5619201427171274,1.0007040595710093,0.30647739472023666,3.2738103472917355,1.4251368757217162,2.549621105194092
D3,17,learned,53,False,True,False,12.904109804433162,True,True,False,True,emergency force,emergency contact force exceeded,0.0,0.0,full,0.5243303082272294,0.9612646556452364,0.30174573949967404,3.219751619934338,1.214585026892105,2.5184600353240967
D3,17,learned,54,False,True,False,13.052961821217913,True,True,False,True,emergency force,emergency contact force exceeded,0.0,0.0,warmup,0.4863359531545361,1.2434969451900522,0.0776042855433966,3.4027952567950455,1.3072290241040967,2.484614133834839
D3,17,learned,55,False,True,False,12.127704057611387,True,True,False,True,emergency force,emergency contact force exceeded,0.0,0.0,intermediate,0.4252483777736942,1.264293204911614,0.3663902779482308,3.1942623654516296,1.0808905246904341,2.536935567855835
D3,17,learned,56,False,True,False,16.723063206493975,False,False,False,False,unstable box motion,timeout,0.0,0.0,full,0.5295575228792385,1.4527831122188495,60.92287284867732,1.2619389269501675,1.0022329604625702,2.5069756507873535
D3,17,learned,57,False,True,False,13.897870272705683,True,True,False,True,emergency force,emergency contact force exceeded,0.0,0.0,warmup,0.5141180905828481,1.2082259258941315,0.2850331037745466,3.3489925436256742,1.2441159968313418,2.4713103771209717
D3,17,learned,58,False,True,False,14.58035732911696,True,True,False,True,emergency force,emergency contact force exceeded,0.0,0.0,intermediate,0.44073145090136284,1.0827524946051303,0.10641513895763871,3.4228818378834793,1.3257749438285829,2.5169687271118164
D3,17,learned,59,False,True,False,12.844243513177926,True,True,False,True,emergency force,emergency contact force exceeded,0.0,0.0,full,0.5261049150037435,1.2326145627183616,0.47729488997537867,3.4397244752610874,1.513201212229794,2.5466935634613037
D3,17,learned,60,False,True,False,15.536010761937947,True,True,False,True,emergency force,emergency contact force exceeded,0.0,0.0,warmup,0.5030441815117926,1.235296079410372,0.27551705945328464,3.2018203532497953,1.0065522921936854,2.498281478881836
D3,17,learned,61,False,True,False,13.489882835154296,True,True,False,True,emergency force,emergency contact force exceeded,0.0,0.0,intermediate,0.5389551631654701,1.197412975915647,0.07867321309725642,3.061185378708996,0.9000377028277426,2.5412778854370117
D3,17,learned,62,False,True,False,11.83891920451578,True,True,False,True,emergency force,emergency contact force exceeded,0.0,0.0,full,0.37411391740488836,0.778022602554542,0.20129068185063995,3.441634959717104,1.384371329998148,2.52551531791687
D3,17,learned,63,False,True,False,13.10817001540892,True,True,False,True,emergency force,emergency contact force exceeded,0.0,0.0,warmup,0.5180958832674765,1.1775949033705304,0.23479089849204116,3.3854329787750284,1.3176801074953641,2.514681339263916
D3,17,learned,64,False,True,False,12.931999330089102,True,True,False,True,emergency force,emergency contact force exceeded,0.0,0.0,intermediate,0.4319834064826628,1.2497602045329117,0.19306979692626342,3.3195524151114117,1.3129454200918025,2.519686698913574
D3,17,learned,65,False,True,False,12.580309699808925,True,True,False,True,emergency force,emergency contact force exceeded,0.0,0.0,full,0.46955263519301244,1.3618770382643257,0.16854741895017647,3.281325150723179,1.2903632438037453,2.555968761444092
D3,17,learned,66,False,True,False,14.47834533694998,True,True,False,True,emergency force,emergency contact force exceeded,0.0,0.0,warmup,0.5144610774914211,1.2260844704151872,0.07915455949573623,3.059362570658315,0.8598973313064286,2.500636100769043
D3,17,learned,67,False,True,False,12.161884917979329,True,True,False,True,emergency force,emergency contact force exceeded,0.0,0.0,intermediate,0.4243514781482216,1.2158876925074258,0.2104686709892111,3.363749051232789,1.2675163919454093,2.4953255653381348
D3,17,learned,68,False,True,False,10.28098086471007,True,True,False,True,emergency force,emergency contact force exceeded,0.0,0.0,full,0.41267677704972583,0.8528733183238331,0.18715640948453807,3.1901334618551416,1.261881929285386,2.5525851249694824
D3,17,learned,69,False,True,False,14.102544765480488,True,True,False,True,emergency force,emergency contact force exceeded,0.0,0.0,warmup,0.49438308838503003,1.1989058255816771,0.07022579180302907,3.371733278913738,1.3176161616705777,2.4777045249938965
D3,17,learned,70,False,True,False,13.36292366829158,True,True,False,True,emergency force,emergency contact force exceeded,0.0,0.0,intermediate,0.45607536866522447,1.0072921878164434,0.2618983178182329,3.3426864099761144,1.2555549287415566,2.4700825214385986
D3,17,learned,71,False,True,False,12.271412902349075,True,True,False,True,emergency force,emergency contact force exceeded,0.0,0.0,full,0.4890386342296652,1.3446198045538313,0.25229356825241334,3.322561888251275,1.4292626042623777,2.556210517883301
D3,17,learned,72,False,True,False,14.203034128252689,True,True,False,True,emergency force,emergency contact force exceeded,0.0,0.0,warmup,0.5181769401123936,1.2214768875486623,0.19105471563405807,3.333499021773114,1.2911677209848769,2.5115885734558105
D3,17,learned,73,False,True,False,14.89324246048675,True,True,False,True,emergency force,emergency contact force exceeded,0.0,0.0,intermediate,0.47561330230223386,1.274057400905906,0.13583797082480756,3.4011068026443474,1.3354880445533328,2.5035347938537598
D3,17,learned,74,False,True,False,15.801347944934967,False,False,False,False,insufficient grip,timeout,0.0,0.0,full,0.6302656463012763,1.2363069994594955,62.2537972366085,1.1082839850440456,1.16454780289105,2.5002713203430176
D3,17,learned,75,False,True,False,14.183679806369465,True,True,False,True,emergency force,emergency contact force exceeded,0.0,0.0,warmup,0.5128891502103221,1.1693339809485719,0.23260786367491676,3.3531253020880016,1.2622891839153023,2.4928059577941895
D3,17,learned,76,False,True,False,14.94116577218741,True,True,False,True,emergency force,emergency contact force exceeded,0.0,0.0,intermediate,0.5029775957233502,1.1173203785729031,0.10244835438363241,3.4126506969746315,1.323697597792979,2.4942970275878906
D3,17,learned,77,False,True,False,16.013459188227316,True,True,False,True,emergency force,emergency contact force exceeded,0.0,0.0,full,0.6217022090206814,1.178149402500111,0.18415404462992802,3.214511183696789,1.2632975509292201,2.518101930618286
D3,17,learned,78,False,True,False,13.49472722110482,True,True,False,True,emergency force,emergency contact force exceeded,0.0,0.0,warmup,0.48107140492051537,1.2237028225935525,0.10662141187425934,3.324076334381442,1.2872527159832337,2.489631175994873
D3,17,learned,79,False,True,False,14.841658049173404,True,True,False,True,emergency force,emergency contact force exceeded,0.0,0.0,intermediate,0.5582002597826974,1.2360374228455522,0.048936925778297585,3.141931015748534,0.913350406815024,2.49281644821167
D3,17,learned,80,False,True,False,16.737743417355865,False,False,False,False,insufficient grip,timeout,0.0,0.0,full,0.5342840136425704,1.0989328427743525,61.732734795093386,1.2981336917917339,0.944203572422266,2.518770694732666
D3,17,learned,81,False,True,False,13.921179703300973,True,True,False,True,emergency force,emergency contact force exceeded,0.0,0.0,warmup,0.5198020969208147,1.2222703211615975,0.2862279624262905,3.4208630570657683,1.3747174014528114,2.50657320022583
D3,17,learned,82,False,True,False,15.667294596395585,True,True,False,True,emergency force,emergency contact force exceeded,0.0,0.0,intermediate,0.5418115409414938,1.2476588704407745,0.22138816697432565,3.4767334931723473,1.3116501752625813,2.511089324951172
D3,17,learned,83,False,True,False,13.811557068492686,True,True,False,True,emergency force,emergency contact force exceeded,0.0,0.0,full,0.48067514698452624,1.3134212480291771,0.18948337409683164,3.3189006116505637,1.3383288559425308,2.554624080657959
D3,17,learned,84,False,True,False,14.864371300585265,True,True,False,True,emergency force,emergency contact force exceeded,0.0,0.0,warmup,0.5182181653316911,1.240184064601315,0.09237589345213681,3.0866023542549623,0.896832028346032,2.475472927093506
D3,17,learned,85,False,True,False,13.082405113139009,True,True,False,True,emergency force,emergency contact force exceeded,0.0,0.0,intermediate,0.4215685252329265,1.096261173554801,0.08097482263948727,3.418049181265674,1.3259607914421294,2.513500690460205
D3,17,learned,86,False,True,False,13.065610825727562,True,True,False,True,emergency force,emergency contact force exceeded,0.0,0.0,full,0.45929631408227567,1.3403272016459777,0.09193323815714527,3.399941325361806,1.3316931951452384,2.4947562217712402
D3,17,learned,87,False,True,False,13.689501483116965,True,True,False,True,emergency force,emergency contact force exceeded,0.0,0.0,warmup,0.5101437457234121,1.2259015013553074,0.2955237857301205,3.3309866413326765,1.230798698651294,2.4933125972747803
D3,17,learned,88,False,True,False,14.573370855852577,True,True,False,True,emergency force,emergency contact force exceeded,0.0,0.0,intermediate,0.510237487959977,1.36657991163753,0.3072858702095126,3.3175761907364296,1.2715760311111808,2.4795005321502686
D3,17,learned,89,False,True,False,15.633606577240752,True,True,False,True,emergency force,emergency contact force exceeded,0.0,0.0,full,0.670320389540348,1.0790204426581789,0.08646742625072376,3.4477637389407496,1.3343246724795212,2.5015869140625
D3,17,learned,90,False,True,False,13.408170406651596,True,True,False,True,emergency force,emergency contact force exceeded,0.0,0.0,warmup,0.4871652420600959,1.1732984908471253,0.19533191173090833,3.3308776276612706,1.2695539590457212,2.504110097885132
D3,17,learned,91,False,True,False,14.821314043334905,True,True,False,True,emergency force,emergency contact force exceeded,0.0,0.0,intermediate,0.5063899162248642,1.2129222183053707,0.08765882979903393,3.435103532634144,1.3547675579108975,2.517659902572632
D3,17,learned,92,False,True,False,10.749905196744784,True,True,False,True,emergency force,emergency contact force exceeded,0.0,0.0,full,0.39331817024535876,1.05629062348945,0.027316161149065148,3.0503047442456657,0.9372367023869798,2.544178009033203
D3,17,learned,93,False,True,False,13.80493971315425,True,True,False,True,emergency force,emergency contact force exceeded,0.0,0.0,warmup,0.4809392138214365,1.1890876549511458,0.29853994400985256,3.434264106959801,1.3749749758621541,2.5123260021209717
D3,17,learned,94,False,True,False,13.021240341364129,True,True,False,True,emergency force,emergency contact force exceeded,0.0,0.0,intermediate,0.5615218737550742,1.3768853723217598,0.27427233330739903,3.382692428991882,1.4248279596750553,2.5492031574249268
D3,17,learned,95,False,True,False,14.4822447328277,True,True,False,True,emergency force,emergency contact force exceeded,0.0,0.0,full,0.6818918618697445,0.7643543624064467,0.08030075192813897,2.949403911307234,0.8588905528103564,2.551622152328491
D3,17,learned,96,False,True,False,13.63550464847858,True,True,False,True,emergency force,emergency contact force exceeded,0.0,0.0,warmup,0.5053135879878038,1.1841457332405028,0.2569212732041874,3.386507961619423,1.370821146404042,2.498396635055542
D3,17,learned,97,False,True,False,13.702959191547652,True,True,False,True,emergency force,emergency contact force exceeded,0.0,0.0,intermediate,0.5212111576019438,1.2965194086396024,0.309975574025703,3.223614862678336,1.2132755754888058,2.510702133178711
D3,17,learned,98,False,True,False,8.53993826516584,True,True,False,True,emergency force,emergency contact force exceeded,0.0,0.0,full,0.3626765151612195,1.1750646730460341,0.6252371043271499,3.3362777223258,1.5463743888098618,2.555232286453247
D3,17,learned,99,False,True,False,14.581438868877342,True,True,False,True,emergency force,emergency contact force exceeded,0.0,0.0,warmup,0.4854086464968972,1.192907376054963,0.24321217580308266,3.2567021095639954,1.084861135583813,2.4978251457214355
D3,17,zero,0,True,True,True,11.738354911025425,False,False,False,False,,,5.009999999999938,0.0,warmup,0.5128083197961336,1.1512648415214817,0.020524704885670875,0.0,0.0,0.0
D3,17,zero,1,True,True,True,10.830579550058902,False,False,False,False,,,5.009999999999938,0.0,intermediate,0.5583821710176411,1.2738890168815886,0.021524058705885075,0.0,0.0,0.0
D3,17,zero,2,True,True,True,14.616173209565286,False,False,False,False,,,5.009999999999938,0.0,full,0.42594280942227786,0.9534267532589371,0.01892775203049847,0.0,0.0,0.0
D3,17,zero,3,True,True,True,11.568182226702957,False,False,False,False,,,5.009999999999938,0.0,warmup,0.509978780669319,1.1525834806578006,0.019745057731862987,0.0,0.0,0.0
D3,17,zero,4,True,True,True,12.364718741778496,False,False,False,False,,,5.009999999999938,0.0,intermediate,0.5696580900535205,1.2016692008919285,0.022633081379030535,0.0,0.0,0.0
D3,17,zero,5,True,True,True,13.186414426163863,False,False,False,False,,,5.009999999999938,0.0,full,0.4265115823194439,1.437154991672124,0.01958959302918034,0.0,0.0,0.0
D3,17,zero,6,True,True,True,12.46223287268657,False,False,False,False,,,5.009999999999938,0.0,warmup,0.5075895884587166,1.2407813524535225,0.020192722766563982,0.0,0.0,0.0
D3,17,zero,7,True,True,True,12.261601811426459,False,False,False,False,,,5.009999999999938,0.0,intermediate,0.48690102169905397,1.038737655570714,0.01861121414637554,0.0,0.0,0.0
D3,17,zero,8,True,True,True,14.926811516078901,False,False,False,False,,,5.009999999999938,0.0,full,0.505785052514625,1.5431761150884702,0.020777114905751404,0.0,0.0,0.0
D3,17,zero,9,True,True,True,12.771315230132634,False,False,False,False,,,5.009999999999938,0.0,warmup,0.49479990440431754,1.1688952171756082,0.019264537339446296,0.0,0.0,0.0
D3,17,zero,10,True,True,True,12.521168372504572,False,False,False,False,,,5.009999999999938,0.0,intermediate,0.5579570453338745,1.2889912019305365,0.02131871344685938,0.0,0.0,0.0
D3,17,zero,11,True,True,True,13.487418966169331,False,False,False,False,,,5.009999999999938,0.0,full,0.637714525300757,1.1834188609198721,0.021447244954935992,0.0,0.0,0.0
D3,17,zero,12,True,True,True,11.846786047031546,False,False,False,False,,,5.009999999999938,0.0,warmup,0.5009263118149376,1.2188247958799947,0.01921838984294255,0.0,0.0,0.0
D3,17,zero,13,True,True,True,11.137920408588595,False,False,False,False,,,5.009999999999938,0.0,intermediate,0.5721493389616075,1.0132527290956106,0.020717342775059128,0.0,0.0,0.0
D3,17,zero,14,False,True,False,15.155238321123084,False,False,False,False,unstable box motion,timeout,0.03,0.0,full,0.47084174840317594,1.1668854451158555,0.026557507917864553,0.0,0.0,0.0
D3,17,zero,15,True,True,True,12.399727102133248,False,False,False,False,,,5.009999999999938,0.0,warmup,0.48738766261608873,1.2336237205624674,0.019552985343880152,0.0,0.0,0.0
D3,17,zero,16,True,True,True,10.543584403839262,False,False,False,False,,,5.009999999999938,0.0,intermediate,0.44463355547976935,1.2760410585312312,0.020276664806378623,0.0,0.0,0.0
D3,17,zero,17,True,True,True,15.672199567182052,False,False,False,False,,,5.009999999999938,0.0,full,0.545833674323523,1.1579762526510662,0.017107805017850253,0.0,0.0,0.0
D3,17,zero,18,True,True,True,11.322579746573014,False,False,False,False,,,5.009999999999938,0.0,warmup,0.49298274539423165,1.2346759141610777,0.01925566826692108,0.0,0.0,0.0
D3,17,zero,19,True,True,True,11.155680855521663,False,False,False,False,,,5.009999999999938,0.0,intermediate,0.4838916734878356,1.3374730526845824,0.024876101120294845,0.0,0.0,0.0
D3,17,zero,20,True,True,True,13.026208480181129,False,False,False,False,,,5.009999999999938,0.0,full,0.5020057240424289,0.7954649007207342,0.01789318386298323,0.0,0.0,0.0
D3,17,zero,21,True,True,True,12.683176769608474,False,False,False,False,,,5.009999999999938,0.0,warmup,0.4904104543646842,1.1673474497063143,0.018642198329941247,0.0,0.0,0.0
D3,17,zero,22,True,True,True,10.681627400806933,False,False,False,False,,,5.009999999999938,0.0,intermediate,0.4526350727341898,1.1252112590506311,0.018561166107325437,0.0,0.0,0.0
D3,17,zero,23,True,True,True,16.48203204477007,False,False,False,False,,,5.009999999999938,0.0,full,0.4904961771661215,1.343875645190756,0.019752857920643112,0.0,0.0,0.0
D3,17,zero,24,True,True,True,11.429635162153506,False,False,False,False,,,5.009999999999938,0.0,warmup,0.5109693765412465,1.211283449106051,0.019960664302061885,0.0,0.0,0.0
D3,17,zero,25,True,True,True,11.548916252243453,False,False,False,False,,,5.009999999999938,0.0,intermediate,0.5317344461251952,1.0067531604749642,0.023471311417128774,0.0,0.0,0.0
D3,17,zero,26,True,True,True,13.734417413825255,False,False,False,False,,,5.009999999999938,0.0,full,0.5135364956319597,0.9791037239291087,0.019078146087533176,0.0,0.0,0.0
D3,17,zero,27,True,True,True,13.644535779155124,False,False,False,False,,,5.009999999999938,0.0,warmup,0.48896578770858773,1.2364416551319382,0.019642584295162437,0.0,0.0,0.0
D3,17,zero,28,True,True,True,12.733471125530139,False,False,False,False,,,5.009999999999938,0.0,intermediate,0.46606083056516756,1.0333475627374389,0.018909839435079328,0.0,0.0,0.0
D3,17,zero,29,True,True,True,12.599032010864597,False,False,False,False,,,5.009999999999938,0.0,full,0.4781300590747878,1.1076903259488948,0.017900430311176076,0.0,0.0,0.0
D3,17,zero,30,True,True,True,12.103391048363374,False,False,False,False,,,5.009999999999938,0.0,warmup,0.500472282046089,1.2042566690466316,0.02134140268833359,0.0,0.0,0.0
D3,17,zero,31,True,True,True,9.765438339959955,False,False,False,False,,,5.009999999999938,0.0,intermediate,0.42123466907856777,1.253002323925152,0.02106934490308074,0.0,0.0,0.0
D3,17,zero,32,True,True,True,15.514522121129373,False,False,False,False,,,5.009999999999938,0.0,full,0.49655863214725254,1.0809459611070078,0.020464976506717518,0.0,0.0,0.0
D3,17,zero,33,True,True,True,12.160583709270684,False,False,False,False,,,5.009999999999938,0.0,warmup,0.4824355574271533,1.21891463319844,0.01879245097104759,0.0,0.0,0.0
D3,17,zero,34,True,True,True,12.147443313738606,False,False,False,False,,,5.009999999999938,0.0,intermediate,0.5593516103811621,1.3360529847388807,0.024879432704356705,0.0,0.0,0.0
D3,17,zero,35,True,True,True,13.55928262275364,False,False,False,False,,,5.009999999999938,0.0,full,0.5821520363062294,0.9352893720189832,0.018317930834546144,0.0,0.0,0.0
D3,17,zero,36,True,True,True,13.716412862449031,False,False,False,False,,,5.009999999999938,0.0,warmup,0.49003588725688896,1.1949944693625023,0.01796843022675573,0.0,0.0,0.0
D3,17,zero,37,True,True,True,11.095700036819728,False,False,False,False,,,5.009999999999938,0.0,intermediate,0.47202966125532003,1.0718062194041447,0.018868581266375584,0.0,0.0,0.0
D3,17,zero,38,True,True,True,13.880949274654087,False,False,False,False,,,5.009999999999938,0.0,full,0.39720311956649396,1.1780777381288443,0.019673506655049418,0.0,0.0,0.0
D3,17,zero,39,True,True,True,11.526520114446598,False,False,False,False,,,5.009999999999938,0.0,warmup,0.48760734892737573,1.2436457867865334,0.019385065029217455,0.0,0.0,0.0
D3,17,zero,40,True,True,True,12.061099445506247,False,False,False,False,,,5.009999999999938,0.0,intermediate,0.4697590305539757,1.000828031345263,0.017596014798999617,0.0,0.0,0.0
D3,17,zero,41,True,True,True,11.504657684614092,False,False,False,False,,,5.009999999999938,0.0,full,0.5399893072381774,1.543457179043201,0.02173951781237901,0.0,0.0,0.0
D3,17,zero,42,True,True,True,12.897892983577803,False,False,False,False,,,5.009999999999938,0.0,warmup,0.4885757854329753,1.2269349832847654,0.019759561578133057,0.0,0.0,0.0
D3,17,zero,43,True,True,True,12.537669787151682,False,False,False,False,,,5.009999999999938,0.0,intermediate,0.5760872145672483,1.17039712756378,0.020583550771206962,0.0,0.0,0.0
D3,17,zero,44,False,True,False,15.096611338962546,False,False,False,False,unstable box motion,timeout,4.319999999999952,0.0,full,0.38303639555873803,1.338079672902308,0.024257387971864056,0.0,0.0,0.0
D3,17,zero,45,True,True,True,11.375084214706135,False,False,False,False,,,5.009999999999938,0.0,warmup,0.49174394141055583,1.2240044962498438,0.021107896776920747,0.0,0.0,0.0
D3,17,zero,46,True,True,True,12.188356921533073,False,False,False,False,,,5.009999999999938,0.0,intermediate,0.43827127758724876,1.208110249995769,0.019624434893668836,0.0,0.0,0.0
D3,17,zero,47,True,True,True,12.631155603772365,False,False,False,False,,,5.009999999999938,0.0,full,0.6424065509628292,1.102805538886461,0.02234347624032534,0.0,0.0,0.0
D3,17,zero,48,True,True,True,12.103540904387291,False,False,False,False,,,5.009999999999938,0.0,warmup,0.5085148659503609,1.174116055562226,0.019925626213098395,0.0,0.0,0.0
D3,17,zero,49,False,True,False,10.888682556938575,False,False,False,False,unstable box motion,timeout,4.9199999999999395,0.0,intermediate,0.45103892656726835,1.2464647082307405,0.023403004107901977,0.0,0.0,0.0
D3,17,zero,50,True,True,True,12.871844227990742,False,False,False,False,,,5.009999999999938,0.0,full,0.3726770816353148,1.4920678302689376,0.018474518983907312,0.0,0.0,0.0
D3,17,zero,51,True,True,True,12.593188389920833,False,False,False,False,,,5.009999999999938,0.0,warmup,0.5121655145357621,1.2468573748815532,0.021948901648773615,0.0,0.0,0.0
D3,17,zero,52,True,True,True,11.146518413117931,False,False,False,False,,,5.009999999999938,0.0,intermediate,0.5619201427171274,1.0007040595710093,0.020153368232881087,0.0,0.0,0.0
D3,17,zero,53,False,True,False,10.933532139994828,False,False,False,False,unstable box motion,timeout,0.0,0.0,full,0.5243303082272294,0.9612646556452364,0.02704959192079744,0.0,0.0,0.0
D3,17,zero,54,True,True,True,11.645497721620153,False,False,False,False,,,5.009999999999938,0.0,warmup,0.4863359531545361,1.2434969451900522,0.019740720266721527,0.0,0.0,0.0
D3,17,zero,55,True,True,True,10.372984641335833,False,False,False,False,,,5.009999999999938,0.0,intermediate,0.4252483777736942,1.264293204911614,0.019829078470073987,0.0,0.0,0.0
D3,17,zero,56,True,True,True,15.660273121656271,False,False,False,False,,,5.009999999999938,0.0,full,0.5295575228792385,1.4527831122188495,0.02125027016567552,0.0,0.0,0.0
D3,17,zero,57,True,True,True,11.664993813367882,False,False,False,False,,,5.009999999999938,0.0,warmup,0.5141180905828481,1.2082259258941315,0.020046614578491457,0.0,0.0,0.0
D3,17,zero,58,True,True,True,12.833310439344888,False,False,False,False,,,5.009999999999938,0.0,intermediate,0.44073145090136284,1.0827524946051303,0.017661037809848682,0.0,0.0,0.0
D3,17,zero,59,False,True,False,10.786813377918,False,False,False,False,unstable box motion,timeout,0.0,0.0,full,0.5261049150037435,1.2326145627183616,0.028961401730140612,0.0,0.0,0.0
D3,17,zero,60,True,True,True,14.057405083535322,False,False,False,False,,,5.009999999999938,0.0,warmup,0.5030441815117926,1.235296079410372,0.01947456560739661,0.0,0.0,0.0
D3,17,zero,61,True,True,True,11.722104758643887,False,False,False,False,,,5.009999999999938,0.0,intermediate,0.5389551631654701,1.197412975915647,0.0213238570614697,0.0,0.0,0.0
D3,17,zero,62,True,True,True,10.638377386630937,False,False,False,False,,,5.009999999999938,0.0,full,0.37411391740488836,0.778022602554542,0.01676448897332273,0.0,0.0,0.0
D3,17,zero,63,True,True,True,12.649191696082571,False,False,False,False,,,5.009999999999938,0.0,warmup,0.5180958832674765,1.1775949033705304,0.021361247207560653,0.0,0.0,0.0
D3,17,zero,64,True,True,True,10.973253038263325,False,False,False,False,,,5.009999999999938,0.0,intermediate,0.4319834064826628,1.2497602045329117,0.021161324741186725,0.0,0.0,0.0
D3,17,zero,65,True,True,True,15.340810501620641,False,False,False,False,,,5.009999999999938,0.0,full,0.46955263519301244,1.3618770382643257,0.01980480690814856,0.0,0.0,0.0
D3,17,zero,66,True,True,True,12.677741184117474,False,False,False,False,,,5.009999999999938,0.0,warmup,0.5144610774914211,1.2260844704151872,0.020090461804586887,0.0,0.0,0.0
D3,17,zero,67,True,True,True,11.289540440513754,False,False,False,False,,,5.009999999999938,0.0,intermediate,0.4243514781482216,1.2158876925074258,0.01831588588599263,0.0,0.0,0.0
D3,17,zero,68,True,True,True,15.368647798306753,False,False,False,False,,,5.009999999999938,0.0,full,0.41267677704972583,0.8528733183238331,0.01889109077635428,0.0,0.0,0.0
D3,17,zero,69,True,True,True,13.02834171804609,False,False,False,False,,,5.009999999999938,0.0,warmup,0.49438308838503003,1.1989058255816771,0.02116964247775522,0.0,0.0,0.0
D3,17,zero,70,True,True,True,12.037024274117723,False,False,False,False,,,5.009999999999938,0.0,intermediate,0.45607536866522447,1.0072921878164434,0.0192772741060451,0.0,0.0,0.0
D3,17,zero,71,False,True,False,15.433544709994084,False,False,False,False,unstable box motion,timeout,4.989999999999938,0.0,full,0.4890386342296652,1.3446198045538313,0.022905367738605516,0.0,0.0,0.0
D3,17,zero,72,True,True,True,11.253358843153073,False,False,False,False,,,5.009999999999938,0.0,warmup,0.5181769401123936,1.2214768875486623,0.021342074279822477,0.0,0.0,0.0
D3,17,zero,73,True,True,True,12.704304638292744,False,False,False,False,,,5.009999999999938,0.0,intermediate,0.47561330230223386,1.274057400905906,0.019915115891681334,0.0,0.0,0.0
D3,17,zero,74,False,True,False,16.170052108648875,False,False,False,False,unstable box motion,timeout,0.0,0.0,full,0.6302656463012763,1.2363069994594955,23.177463378213357,0.0,0.0,0.0
D3,17,zero,75,True,True,True,11.439538438209095,False,False,False,False,,,5.009999999999938,0.0,warmup,0.5128891502103221,1.1693339809485719,0.021418575610176786,0.0,0.0,0.0
D3,17,zero,76,True,True,True,13.65858490353449,False,False,False,False,,,5.009999999999938,0.0,intermediate,0.5029775957233502,1.1173203785729031,0.02069733803756278,0.0,0.0,0.0
D3,17,zero,77,True,True,True,12.9885380553889,False,False,False,False,,,5.009999999999938,0.0,full,0.6217022090206814,1.178149402500111,0.02167264268834317,0.0,0.0,0.0
D3,17,zero,78,True,True,True,11.579932007309846,False,False,False,False,,,5.009999999999938,0.0,warmup,0.48107140492051537,1.2237028225935525,0.02093420330393901,0.0,0.0,0.0
D3,17,zero,79,True,True,True,13.327972300868613,False,False,False,False,,,5.009999999999938,0.0,intermediate,0.5582002597826974,1.2360374228455522,0.022487497815232696,0.0,0.0,0.0
D3,17,zero,80,True,True,True,16.79779276338605,False,False,False,False,,,5.009999999999938,0.0,full,0.5342840136425704,1.0989328427743525,0.01937287022145817,0.0,0.0,0.0
D3,17,zero,81,True,True,True,11.702742204433184,False,False,False,False,,,5.009999999999938,0.0,warmup,0.5198020969208147,1.2222703211615975,0.0213072660232238,0.0,0.0,0.0
D3,17,zero,82,True,True,True,12.239620224079825,False,False,False,False,,,5.009999999999938,0.0,intermediate,0.5418115409414938,1.2476588704407745,0.024569543678928565,0.0,0.0,0.0
D3,17,zero,83,True,True,True,11.423128473811131,False,False,False,False,,,5.009999999999938,0.0,full,0.48067514698452624,1.3134212480291771,0.01974474007279419,0.0,0.0,0.0
D3,17,zero,84,True,True,True,13.588868421141397,False,False,False,False,,,5.009999999999938,0.0,warmup,0.5182181653316911,1.240184064601315,0.019831222033441214,0.0,0.0,0.0
D3,17,zero,85,True,True,True,11.356662981263307,False,False,False,False,,,5.009999999999938,0.0,intermediate,0.4215685252329265,1.096261173554801,0.01684891901132032,0.0,0.0,0.0
D3,17,zero,86,True,True,True,12.991816402205323,False,False,False,False,,,5.009999999999938,0.0,full,0.45929631408227567,1.3403272016459777,0.02044558400660955,0.0,0.0,0.0
D3,17,zero,87,True,True,True,12.987130020782711,False,False,False,False,,,5.009999999999938,0.0,warmup,0.5101437457234121,1.2259015013553074,0.020767704750459248,0.0,0.0,0.0
D3,17,zero,88,True,True,True,13.57414980434687,False,False,False,False,,,5.009999999999938,0.0,intermediate,0.510237487959977,1.36657991163753,0.021568404595461662,0.0,0.0,0.0
D3,17,zero,89,True,True,True,13.648355069340372,False,False,False,False,,,5.009999999999938,0.0,full,0.670320389540348,1.0790204426581789,0.020731911146645784,0.0,0.0,0.0
D3,17,zero,90,True,True,True,12.41082013218532,False,False,False,False,,,5.009999999999938,0.0,warmup,0.4871652420600959,1.1732984908471253,0.0192726020695391,0.0,0.0,0.0
D3,17,zero,91,True,True,True,13.973000566125918,False,False,False,False,,,5.009999999999938,0.0,intermediate,0.5063899162248642,1.2129222183053707,0.021088217757763466,0.0,0.0,0.0
D3,17,zero,92,True,True,True,15.406735437934145,False,False,False,False,,,5.009999999999938,0.0,full,0.39331817024535876,1.05629062348945,0.021598286396971207,0.0,0.0,0.0
D3,17,zero,93,True,True,True,12.04264228239495,False,False,False,False,,,5.009999999999938,0.0,warmup,0.4809392138214365,1.1890876549511458,0.019615753589066653,0.0,0.0,0.0
D3,17,zero,94,True,True,True,11.194654704593827,False,False,False,False,,,5.009999999999938,0.0,intermediate,0.5615218737550742,1.3768853723217598,0.02209375225901859,0.0,0.0,0.0
D3,17,zero,95,True,True,True,10.858965838949505,False,False,False,False,,,5.009999999999938,0.0,full,0.6818918618697445,0.7643543624064467,0.01789121460884787,0.0,0.0,0.0
D3,17,zero,96,True,True,True,11.483098209468753,False,False,False,False,,,5.009999999999938,0.0,warmup,0.5053135879878038,1.1841457332405028,0.019967508628679808,0.0,0.0,0.0
D3,17,zero,97,False,True,False,11.251177835403844,False,False,False,False,unstable box motion,timeout,0.3000000000000001,0.0,intermediate,0.5212111576019438,1.2965194086396024,0.026252759252292687,0.0,0.0,0.0
D3,17,zero,98,True,True,True,14.224999763186673,False,False,False,False,,,5.009999999999938,0.0,full,0.3626765151612195,1.1750646730460341,0.018789776779400906,0.0,0.0,0.0
D3,17,zero,99,True,True,True,13.715144922363443,False,False,False,False,,,5.009999999999938,0.0,warmup,0.4854086464968972,1.192907376054963,0.01923333992859854,0.0,0.0,0.0
D3,27,learned,0,True,True,True,11.595082766712355,False,False,False,False,,,5.009999999999938,0.0,warmup,0.5128083197961336,1.1512648415214817,0.013773091927285054,0.4287792099019319,0.08491598210474678,2.0830929279327393
D3,27,learned,1,True,True,True,9.486283952055512,False,False,False,False,,,5.009999999999938,0.0,intermediate,0.5583821710176411,1.2738890168815886,0.020463789656610894,0.3814812615837716,0.07100232052645218,2.020521402359009
D3,27,learned,2,True,True,True,8.344732653645249,False,False,False,False,,,5.009999999999938,0.0,full,0.42594280942227786,0.9534267532589371,0.015207121273159716,0.35112853649187287,0.06371117581877886,1.9363335371017456
D3,27,learned,3,True,True,True,11.519612201801031,False,False,False,False,,,5.009999999999938,0.0,warmup,0.509978780669319,1.1525834806578006,0.015177291958200705,0.42845447907933976,0.08599343774397307,2.050978422164917
D3,27,learned,4,True,True,True,10.7196841113068,False,False,False,False,,,5.009999999999938,0.0,intermediate,0.5696580900535205,1.2016692008919285,0.01366460176691786,0.44209782418236243,0.08575510071162747,2.0634231567382812
D3,27,learned,5,False,True,False,,False,False,False,False,interception miss,box passed the interception workspace,0.0,0.0,full,0.4265115823194439,1.437154991672124,3.3972209790552865,1.7750119327222775,0.486967221262852,2.162144660949707
D3,27,learned,6,True,True,True,11.626345207898986,False,False,False,False,,,5.009999999999938,0.0,warmup,0.5075895884587166,1.2407813524535225,0.012405836499396616,0.41840528763424134,0.08291872791571292,2.0657966136932373
D3,27,learned,7,False,True,False,12.106115643618933,False,False,False,False,unstable box motion,timeout,0.0,0.0,intermediate,0.48690102169905397,1.038737655570714,56.161108157936575,0.7171208310804665,0.4292995075249512,2.1566145420074463
D3,27,learned,8,False,True,False,,False,False,False,False,interception miss,box passed the interception workspace,0.0,0.0,full,0.505785052514625,1.5431761150884702,3.349775356532769,1.7706331373097912,0.48586898464256795,2.1585845947265625
D3,27,learned,9,True,True,True,10.157362928074079,False,False,False,False,,,5.009999999999938,0.0,warmup,0.49479990440431754,1.1688952171756082,0.01642351565154323,0.4407233461552236,0.08631400249214494,2.097912073135376
D3,27,learned,10,True,True,True,10.067160554377118,False,False,False,False,,,5.009999999999938,0.0,intermediate,0.5579570453338745,1.2889912019305365,0.01570194406274948,0.38636241141739264,0.07556498470972252,2.0904650688171387
D3,27,learned,11,False,True,False,,False,False,False,False,interception miss,box passed the interception workspace,0.0,0.0,full,0.637714525300757,1.1834188609198721,3.4080177180404294,1.7811221362464145,0.49185647285696477,2.164480447769165
D3,27,learned,12,True,True,True,9.715934413887439,False,False,False,False,,,5.009999999999938,0.0,warmup,0.5009263118149376,1.2188247958799947,0.02015523813345091,0.3728025411737028,0.06912991235326811,2.1097776889801025
D3,27,learned,13,True,True,True,10.941877819855684,False,False,False,False,,,5.009999999999938,0.0,intermediate,0.5721493389616075,1.0132527290956106,0.009153176769502298,0.4811259024788617,0.09254067275958713,1.9966490268707275
D3,27,learned,14,True,True,True,8.52049649122717,False,False,False,False,,,5.009999999999938,0.0,full,0.47084174840317594,1.1668854451158555,0.026392018641227682,0.30990645277917317,0.05707968116160394,1.9411081075668335
D3,27,learned,15,True,True,True,10.43239951249247,False,False,False,False,,,5.009999999999938,0.0,warmup,0.48738766261608873,1.2336237205624674,0.015030657025554667,0.4141781847611688,0.08330123926347502,2.0849812030792236
D3,27,learned,16,True,True,True,8.970664486414442,False,False,False,False,,,5.009999999999938,0.0,intermediate,0.44463355547976935,1.2760410585312312,0.018544319175220415,0.3895691175378815,0.07579759603736268,2.0248324871063232
D3,27,learned,17,False,True,False,,False,False,False,False,interception miss,box passed the interception workspace,0.0,0.0,full,0.545833674323523,1.1579762526510662,3.4675086291754362,1.809244352854605,0.516992345463321,2.172229290008545
D3,27,learned,18,True,True,True,10.281064862728368,False,False,False,False,,,5.009999999999938,0.0,warmup,0.49298274539423165,1.2346759141610777,0.015253694016273,0.40343367650065004,0.08089613828507128,2.110935926437378
D3,27,learned,19,True,True,True,10.230496550541762,False,False,False,False,,,5.009999999999938,0.0,intermediate,0.4838916734878356,1.3374730526845824,0.018940723982277786,0.3667831465895463,0.07324694139971512,2.0028579235076904
D3,27,learned,20,True,True,True,10.619461781236188,False,False,False,False,,,5.009999999999938,0.0,full,0.5020057240424289,0.7954649007207342,0.011104272033271646,0.5048144515703032,0.09235979449327873,2.0814731121063232
D3,27,learned,21,True,True,True,10.217596177403415,False,False,False,False,,,5.009999999999938,0.0,warmup,0.4904104543646842,1.1673474497063143,0.016504764294560947,0.433836984008159,0.08546311145931806,2.098889112472534
D3,27,learned,22,True,True,True,9.912494167121285,False,False,False,False,,,5.009999999999938,0.0,intermediate,0.4526350727341898,1.1252112590506311,0.012611113786080066,0.4156637485791114,0.08256244025199883,2.087571620941162
D3,27,learned,23,False,True,False,,False,False,False,False,interception miss,box passed the interception workspace,0.0,0.0,full,0.4904961771661215,1.343875645190756,3.54545841079714,1.7869983923880355,0.5102382113101581,2.165226697921753
D3,27,learned,24,True,True,True,10.356952544458519,False,False,False,False,,,5.009999999999938,0.0,warmup,0.5109693765412465,1.211283449106051,0.017833137267903146,0.41431039904723876,0.08334057878248412,2.0694334506988525
D3,27,learned,25,True,True,True,10.346350632000206,False,False,False,False,,,5.009999999999938,0.0,intermediate,0.5317344461251952,1.0067531604749642,0.01188271162579676,0.4734844530965714,0.09294086435421411,2.1067450046539307
D3,27,learned,26,False,True,False,13.866979906755043,False,False,False,False,insufficient grip,timeout,0.0,0.0,full,0.5135364956319597,0.9791037239291087,62.872048358178276,1.549608401815768,1.2186415730330296,2.1517856121063232
D3,27,learned,27,True,True,True,10.940483814380233,False,False,False,False,,,5.009999999999938,0.0,warmup,0.48896578770858773,1.2364416551319382,0.013857371080037416,0.43809679727635087,0.08704206722884716,2.0976030826568604
D3,27,learned,28,True,True,True,10.97122179411937,False,False,False,False,,,5.009999999999938,0.0,intermediate,0.46606083056516756,1.0333475627374389,0.010195931018382986,0.4538239115661851,0.09125974989033152,2.097841739654541
D3,27,learned,29,True,True,True,11.654886909681757,False,False,False,False,,,5.009999999999938,0.0,full,0.4781300590747878,1.1076903259488948,0.015447156163049603,0.38383216838958406,0.07299983342299643,2.090040922164917
D3,27,learned,30,True,True,True,11.993865125654072,False,False,False,False,,,5.009999999999938,0.0,warmup,0.500472282046089,1.2042566690466316,0.01586182779688707,0.45160600747980545,0.08995129894942187,2.1041266918182373
D3,27,learned,31,True,True,True,9.110326383911948,False,False,False,False,,,5.009999999999938,0.0,intermediate,0.42123466907856777,1.253002323925152,0.017384881112031424,0.39440465681526515,0.07907811114235137,2.0465452671051025
D3,27,learned,32,True,True,True,8.945265065943866,False,False,False,False,,,5.009999999999938,0.0,full,0.49655863214725254,1.0809459611070078,0.01991192580264848,0.3211348831305058,0.05903771347211908,1.8954540491104126
D3,27,learned,33,True,True,True,11.610813726692122,False,False,False,False,,,5.009999999999938,0.0,warmup,0.4824355574271533,1.21891463319844,0.01680716901907365,0.4063548243946735,0.08190328081333534,2.1158461570739746
D3,27,learned,34,True,True,True,10.337060961676702,False,False,False,False,,,5.009999999999938,0.0,intermediate,0.5593516103811621,1.3360529847388807,0.02153872107289805,0.3719400799739733,0.0717735700093019,1.9908021688461304
D3,27,learned,35,False,True,False,12.632560762715508,False,False,False,False,unstable box motion,timeout,0.0,0.0,full,0.5821520363062294,0.9352893720189832,57.00835096604245,0.6556503579079167,0.7227914738522044,2.1386444568634033
D3,27,learned,36,True,True,True,12.703521706404484,False,False,False,False,,,5.009999999999938,0.0,warmup,0.49003588725688896,1.1949944693625023,0.016792226119220703,0.26280513190332894,0.0520940413437,2.116701126098633
D3,27,learned,37,True,True,True,11.116846472589028,False,False,False,False,,,5.009999999999938,0.0,intermediate,0.47202966125532003,1.0718062194041447,0.014855929348884156,0.4094890951158755,0.08033539938325306,2.028575897216797
D3,27,learned,38,False,True,False,,False,False,False,False,interception miss,box passed the interception workspace,0.0,0.0,full,0.39720311956649396,1.1780777381288443,3.603722568328324,1.795725547813554,0.530604646954759,2.161033868789673
D3,27,learned,39,True,True,True,10.191368311307942,False,False,False,False,,,5.009999999999938,0.0,warmup,0.48760734892737573,1.2436457867865334,0.016491391884634544,0.41145343068523416,0.0829557121291437,2.0869526863098145
D3,27,learned,40,False,True,False,11.00305642025203,False,False,False,False,unstable box motion,timeout,0.0,0.0,intermediate,0.4697590305539757,1.000828031345263,28.703221058418183,0.49604603948245385,0.2437247468102058,2.123119354248047
D3,27,learned,41,True,True,True,11.448604994023984,False,False,False,False,,,5.009999999999938,0.0,full,0.5399893072381774,1.543457179043201,0.02167780767239278,0.37350720619635336,0.06386768929393238,2.012885808944702
D3,27,learned,42,True,True,True,10.242915962152972,False,False,False,False,,,5.009999999999938,0.0,warmup,0.4885757854329753,1.2269349832847654,0.016257693216306008,0.4368001344490138,0.08662322156442315,2.0974388122558594
D3,27,learned,43,True,True,True,11.198729729591586,False,False,False,False,,,5.009999999999938,0.0,intermediate,0.5760872145672483,1.17039712756378,0.02026270092081841,0.36823532291764727,0.06836936414233023,1.988741159439087
D3,27,learned,44,False,True,False,7.8922875229121985,False,False,False,False,unstable box motion,timeout,4.869999999999941,0.0,full,0.38303639555873803,1.338079672902308,0.02453456135738489,0.3144808835965359,0.052928410672674155,1.9172275066375732
D3,27,learned,45,True,True,True,11.502324572056336,False,False,False,False,,,5.009999999999938,0.0,warmup,0.49174394141055583,1.2240044962498438,0.019004442753697517,0.4013304717158971,0.07724710748385762,2.0638489723205566
D3,27,learned,46,True,True,True,10.267672974207994,False,False,False,False,,,5.009999999999938,0.0,intermediate,0.43827127758724876,1.208110249995769,0.01650601652481583,0.3645371174948727,0.06824163051775531,2.0602662563323975
D3,27,learned,47,True,True,True,11.822958258547674,False,False,False,False,,,5.009999999999938,0.0,full,0.6424065509628292,1.102805538886461,0.00907465283027206,0.4750164482883729,0.09309492704432441,2.0397439002990723
D3,27,learned,48,True,True,True,11.066110677744327,False,False,False,False,,,5.009999999999938,0.0,warmup,0.5085148659503609,1.174116055562226,0.016835874271871682,0.4090892344361992,0.08125503536391893,2.0542478561401367
D3,27,learned,49,True,True,True,10.615362400426044,False,False,False,False,,,5.009999999999938,0.0,intermediate,0.45103892656726835,1.2464647082307405,0.018013049286342807,0.3871629649716118,0.07669968303638348,2.040954113006592
D3,27,learned,50,False,True,False,,False,False,False,False,interception miss,box passed the interception workspace,0.0,0.0,full,0.3726770816353148,1.4920678302689376,3.5279710980223173,1.768348230107156,0.4980998173728585,2.1688036918640137
D3,27,learned,51,True,True,True,10.93844037427732,False,False,False,False,,,5.009999999999938,0.0,warmup,0.5121655145357621,1.2468573748815532,0.020141833191473297,0.38721594450617414,0.07564538110508551,2.0562961101531982
D3,27,learned,52,True,True,True,9.306411339107045,False,False,False,False,,,5.009999999999938,0.0,intermediate,0.5619201427171274,1.0007040595710093,0.010743931447957428,0.4430982565896222,0.08483031307361721,1.9717912673950195
D3,27,learned,53,True,True,True,9.800076366557331,False,False,False,False,,,5.009999999999938,0.0,full,0.5243303082272294,0.9612646556452364,0.004615570497470278,0.5291499753107778,0.10624014244995726,2.0435709953308105
D3,27,learned,54,True,True,True,10.351547320282465,False,False,False,False,,,5.009999999999938,0.0,warmup,0.4863359531545361,1.2434969451900522,0.016017778543153748,0.3968974062371449,0.07698755734405933,2.10225510597229
D3,27,learned,55,True,True,True,9.669006011809408,False,False,False,False,,,5.009999999999938,0.0,intermediate,0.4252483777736942,1.264293204911614,0.01916606314657067,0.39629178561470285,0.07248681033755494,2.0171914100646973
D3,27,learned,56,False,True,False,,False,False,False,False,interception miss,box passed the interception workspace,0.0,0.0,full,0.5295575228792385,1.4527831122188495,3.5887231671801363,1.8000812385971752,0.5345906074722543,2.1659059524536133
D3,27,learned,57,True,True,True,11.633233484083505,False,False,False,False,,,5.009999999999938,0.0,warmup,0.5141180905828481,1.2082259258941315,0.013181475302522465,0.44420598978114995,0.09007725733199898,2.0937113761901855
D3,27,learned,58,False,True,False,10.953944971124159,False,False,False,False,unstable box motion,timeout,0.0,0.0,intermediate,0.44073145090136284,1.0827524946051303,24.83328340007581,0.5475152721911349,0.4716694414970698,2.1440420150756836
D3,27,learned,59,True,True,True,8.891820400330255,False,False,False,False,,,5.009999999999938,0.0,full,0.5261049150037435,1.2326145627183616,0.027238795548490586,0.3878678292918012,0.07510065897709242,1.9931950569152832
D3,27,learned,60,True,True,True,12.004153317098929,False,False,False,False,,,5.009999999999938,0.0,warmup,0.5030441815117926,1.235296079410372,0.02116935952982111,0.26335660981827874,0.05219726529959589,2.1148972511291504
D3,27,learned,61,True,True,True,9.914188019483346,False,False,False,False,,,5.009999999999938,0.0,intermediate,0.5389551631654701,1.197412975915647,0.018341035032182373,0.3644049043486995,0.06848890802118807,2.007629156112671
D3,27,learned,62,False,True,False,,False,False,False,False,interception miss,box passed the interception workspace,0.0,0.0,full,0.37411391740488836,0.778022602554542,3.392945261370783,1.7734569150722421,0.4814461632121405,2.158639669418335
D3,27,learned,63,True,True,True,10.334103720686292,False,False,False,False,,,5.009999999999938,0.0,warmup,0.5180958832674765,1.1775949033705304,0.018356995629011597,0.38086472717651654,0.07300141180658834,2.0514349937438965
D3,27,learned,64,True,True,True,9.731048830109902,False,False,False,False,,,5.009999999999938,0.0,intermediate,0.4319834064826628,1.2497602045329117,0.019020164438835405,0.3711236578209155,0.06836363186853368,2.0473031997680664
D3,27,learned,65,True,True,True,9.393862573289361,False,False,False,False,,,5.009999999999938,0.0,full,0.46955263519301244,1.3618770382643257,0.0187479139967312,0.3355521089177554,0.05298415690580104,1.8921228647232056
D3,27,learned,66,True,True,True,10.72236814088578,False,False,False,False,,,5.009999999999938,0.0,warmup,0.5144610774914211,1.2260844704151872,0.01503277230944816,0.4196277099127358,0.08386515834192314,2.0633320808410645
D3,27,learned,67,True,True,True,10.62904944114862,False,False,False,False,,,5.009999999999938,0.0,intermediate,0.4243514781482216,1.2158876925074258,0.018717505205408262,0.3987362300453465,0.07187578557564657,2.067746877670288
D3,27,learned,68,True,True,True,8.429408023085651,False,False,False,False,,,5.009999999999938,0.0,full,0.41267677704972583,0.8528733183238331,0.01778359732886529,0.34615538518137673,0.06387996630837087,1.87583327293396
D3,27,learned,69,True,True,True,11.895344903537788,False,False,False,False,,,5.009999999999938,0.0,warmup,0.49438308838503003,1.1989058255816771,0.014202970144261529,0.41816338003601544,0.08340182458020128,2.098714590072632
D3,27,learned,70,True,True,True,10.820173858292538,False,False,False,False,,,5.009999999999938,0.0,intermediate,0.45607536866522447,1.0072921878164434,0.01606514740979071,0.4197807537482037,0.0809299876014556,2.096874237060547
D3,27,learned,71,False,True,False,9.930614862265,False,False,False,False,unstable box motion,timeout,4.7799999999999425,0.0,full,0.4890386342296652,1.3446198045538313,0.02107322693204301,0.313717294188277,0.053402751163396586,1.890057921409607
D3,27,learned,72,True,True,True,11.559238433522534,False,False,False,False,,,5.009999999999938,0.0,warmup,0.5181769401123936,1.2214768875486623,0.018267793158340682,0.397288809624275,0.07761506870263003,2.0567760467529297
D3,27,learned,73,True,True,True,10.711378879900064,False,False,False,False,,,5.009999999999938,0.0,intermediate,0.47561330230223386,1.274057400905906,0.016261481707825258,0.44067226222134,0.09059932137836274,2.125983715057373
D3,27,learned,74,False,True,False,,False,False,False,False,interception miss,box passed the interception workspace,0.0,0.0,full,0.6302656463012763,1.2363069994594955,3.662826115637696,1.7884227543857079,0.5405906524581762,2.1649837493896484
D3,27,learned,75,True,True,True,11.77317861540221,False,False,False,False,,,5.009999999999938,0.0,warmup,0.5128891502103221,1.1693339809485719,0.017269093689639546,0.40749387219194877,0.07998394002776046,2.0731966495513916
D3,27,learned,76,True,True,True,10.277938127593822,False,False,False,False,,,5.009999999999938,0.0,intermediate,0.5029775957233502,1.1173203785729031,0.019680065112648363,0.27785579265334104,0.05346308028353472,2.1199216842651367
D3,27,learned,77,True,True,True,10.690388918180753,False,False,False,False,,,5.009999999999938,0.0,full,0.6217022090206814,1.178149402500111,0.015445066457159297,0.41849409331281573,0.07960900565582595,2.0446882247924805
D3,27,learned,78,True,True,True,11.790962322190474,False,False,False,False,,,5.009999999999938,0.0,warmup,0.48107140492051537,1.2237028225935525,0.018832573286844196,0.39483088900212243,0.077510585707605,2.077422857284546
D3,27,learned,79,True,True,True,11.484565283850682,False,False,False,False,,,5.009999999999938,0.0,intermediate,0.5582002597826974,1.2360374228455522,0.02080581188468357,0.2685832012522941,0.05138334553811472,2.0789356231689453
D3,27,learned,80,False,True,False,,False,False,False,False,interception miss,box passed the interception workspace,0.0,0.0,full,0.5342840136425704,1.0989328427743525,3.53154430480123,1.786794959979404,0.5118002233902613,2.1650304794311523
D3,27,learned,81,True,True,True,10.219052700990009,False,False,False,False,,,5.009999999999938,0.0,warmup,0.5198020969208147,1.2222703211615975,0.01581462409445289,0.4129228795667066,0.08181420840548209,2.0614731311798096
D3,27,learned,82,False,True,False,11.773194164550876,False,False,False,False,unstable box motion,timeout,0.0,0.0,intermediate,0.5418115409414938,1.2476588704407745,57.583371012826554,0.653715284702728,0.5993596193553614,2.146336317062378
D3,27,learned,83,True,True,True,10.30353245785544,False,False,False,False,,,5.009999999999938,0.0,full,0.48067514698452624,1.3134212480291771,0.019951244682690862,0.35089957985201115,0.06074302110697897,1.9689425230026245
D3,27,learned,84,True,True,True,11.0093691846298,False,False,False,False,,,5.009999999999938,0.0,warmup,0.5182181653316911,1.240184064601315,0.0157662638899632,0.40298048766193667,0.07978493682351957,2.091627836227417
D3,27,learned,85,False,True,False,10.2342610449338,False,False,False,False,unstable box motion,timeout,0.0,0.0,intermediate,0.4215685252329265,1.096261173554801,18.13838756630032,0.45600671657627195,0.3217559302265623,2.1500651836395264
D3,27,learned,86,True,True,True,9.964583996039256,False,False,False,False,,,5.009999999999938,0.0,full,0.45929631408227567,1.3403272016459777,0.018513357996006865,0.39521688849265585,0.07954461390486635,2.1092100143432617
D3,27,learned,87,True,True,True,11.886418846940893,False,False,False,False,,,5.009999999999938,0.0,warmup,0.5101437457234121,1.2259015013553074,0.019206988212287404,0.39176649351002857,0.07548836551560252,2.0753414630889893
D3,27,learned,88,True,True,True,13.033019491419005,False,False,False,False,,,5.009999999999938,0.0,intermediate,0.510237487959977,1.36657991163753,0.01910598426232144,0.3952210508129792,0.07821864072891438,2.089522361755371
D3,27,learned,89,False,True,False,11.648341540026863,False,False,False,False,unstable box motion,timeout,0.0,0.0,full,0.670320389540348,1.0790204426581789,59.61062000628908,1.1622490704688369,0.8904100529064557,2.1261403560638428
D3,27,learned,90,True,True,True,11.398177828032745,False,False,False,False,,,5.009999999999938,0.0,warmup,0.4871652420600959,1.1732984908471253,0.012815952355860052,0.404284969226267,0.07951640994555109,2.0644283294677734
D3,27,learned,91,False,True,False,13.097336020616424,False,False,False,False,insufficient grip,timeout,0.0,0.0,intermediate,0.5063899162248642,1.2129222183053707,62.12663096244254,1.5211117856060596,1.2665093002618024,2.1427557468414307
D3,27,learned,92,True,True,True,8.03812287468236,False,False,False,False,,,5.009999999999938,0.0,full,0.39331817024535876,1.05629062348945,0.020219190874262834,0.3445306457855161,0.05974967112140316,1.8502931594848633
D3,27,learned,93,True,True,True,11.694692264715194,False,False,False,False,,,5.009999999999938,0.0,warmup,0.4809392138214365,1.1890876549511458,0.018658214053993455,0.38040789083793386,0.07415872878949067,2.0543954372406006
D3,27,learned,94,True,True,True,10.603459219242087,False,False,False,False,,,5.009999999999938,0.0,intermediate,0.5615218737550742,1.3768853723217598,0.018114414503789106,0.3271741431064799,0.061473209171638774,1.9669524431228638
D3,27,learned,95,True,True,True,10.330135871570393,False,False,False,False,,,5.009999999999938,0.0,full,0.6818918618697445,0.7643543624064467,0.007192129033763022,0.5138109132648488,0.09186688732219542,1.9707342386245728
D3,27,learned,96,True,True,True,10.46527451308437,False,False,False,False,,,5.009999999999938,0.0,warmup,0.5053135879878038,1.1841457332405028,0.013323043397754735,0.43371129867221897,0.08638594592106731,2.069976568222046
D3,27,learned,97,True,True,True,9.301036217229253,False,False,False,False,,,5.009999999999938,0.0,intermediate,0.5212111576019438,1.2965194086396024,0.016800262010745234,0.4327479876890568,0.08684104829929613,2.053997278213501
D3,27,learned,98,True,True,True,7.261524350331866,False,False,False,False,,,5.009999999999938,0.0,full,0.3626765151612195,1.1750646730460341,0.015917374606594186,0.34819727388044747,0.060201657620022074,1.9643893241882324
D3,27,learned,99,True,True,True,10.25457645656127,False,False,False,False,,,5.009999999999938,0.0,warmup,0.4854086464968972,1.192907376054963,0.01578697022591696,0.41858475625290537,0.08439292299465467,2.1123147010803223
D3,27,zero,0,True,True,True,11.738354911025425,False,False,False,False,,,5.009999999999938,0.0,warmup,0.5128083197961336,1.1512648415214817,0.020524704885670875,0.0,0.0,0.0
D3,27,zero,1,True,True,True,10.830579550058902,False,False,False,False,,,5.009999999999938,0.0,intermediate,0.5583821710176411,1.2738890168815886,0.021524058705885075,0.0,0.0,0.0
D3,27,zero,2,True,True,True,14.616173209565286,False,False,False,False,,,5.009999999999938,0.0,full,0.42594280942227786,0.9534267532589371,0.01892775203049847,0.0,0.0,0.0
D3,27,zero,3,True,True,True,11.568182226702957,False,False,False,False,,,5.009999999999938,0.0,warmup,0.509978780669319,1.1525834806578006,0.019745057731862987,0.0,0.0,0.0
D3,27,zero,4,True,True,True,12.364718741778496,False,False,False,False,,,5.009999999999938,0.0,intermediate,0.5696580900535205,1.2016692008919285,0.022633081379030535,0.0,0.0,0.0
D3,27,zero,5,True,True,True,13.186414426163863,False,False,False,False,,,5.009999999999938,0.0,full,0.4265115823194439,1.437154991672124,0.01958959302918034,0.0,0.0,0.0
D3,27,zero,6,True,True,True,12.46223287268657,False,False,False,False,,,5.009999999999938,0.0,warmup,0.5075895884587166,1.2407813524535225,0.020192722766563982,0.0,0.0,0.0
D3,27,zero,7,True,True,True,12.261601811426459,False,False,False,False,,,5.009999999999938,0.0,intermediate,0.48690102169905397,1.038737655570714,0.01861121414637554,0.0,0.0,0.0
D3,27,zero,8,True,True,True,14.926811516078901,False,False,False,False,,,5.009999999999938,0.0,full,0.505785052514625,1.5431761150884702,0.020777114905751404,0.0,0.0,0.0
D3,27,zero,9,True,True,True,12.771315230132634,False,False,False,False,,,5.009999999999938,0.0,warmup,0.49479990440431754,1.1688952171756082,0.019264537339446296,0.0,0.0,0.0
D3,27,zero,10,True,True,True,12.521168372504572,False,False,False,False,,,5.009999999999938,0.0,intermediate,0.5579570453338745,1.2889912019305365,0.02131871344685938,0.0,0.0,0.0
D3,27,zero,11,True,True,True,13.487418966169331,False,False,False,False,,,5.009999999999938,0.0,full,0.637714525300757,1.1834188609198721,0.021447244954935992,0.0,0.0,0.0
D3,27,zero,12,True,True,True,11.846786047031546,False,False,False,False,,,5.009999999999938,0.0,warmup,0.5009263118149376,1.2188247958799947,0.01921838984294255,0.0,0.0,0.0
D3,27,zero,13,True,True,True,11.137920408588595,False,False,False,False,,,5.009999999999938,0.0,intermediate,0.5721493389616075,1.0132527290956106,0.020717342775059128,0.0,0.0,0.0
D3,27,zero,14,False,True,False,15.155238321123084,False,False,False,False,unstable box motion,timeout,0.03,0.0,full,0.47084174840317594,1.1668854451158555,0.026557507917864553,0.0,0.0,0.0
D3,27,zero,15,True,True,True,12.399727102133248,False,False,False,False,,,5.009999999999938,0.0,warmup,0.48738766261608873,1.2336237205624674,0.019552985343880152,0.0,0.0,0.0
D3,27,zero,16,True,True,True,10.543584403839262,False,False,False,False,,,5.009999999999938,0.0,intermediate,0.44463355547976935,1.2760410585312312,0.020276664806378623,0.0,0.0,0.0
D3,27,zero,17,True,True,True,15.672199567182052,False,False,False,False,,,5.009999999999938,0.0,full,0.545833674323523,1.1579762526510662,0.017107805017850253,0.0,0.0,0.0
D3,27,zero,18,True,True,True,11.322579746573014,False,False,False,False,,,5.009999999999938,0.0,warmup,0.49298274539423165,1.2346759141610777,0.01925566826692108,0.0,0.0,0.0
D3,27,zero,19,True,True,True,11.155680855521663,False,False,False,False,,,5.009999999999938,0.0,intermediate,0.4838916734878356,1.3374730526845824,0.024876101120294845,0.0,0.0,0.0
D3,27,zero,20,True,True,True,13.026208480181129,False,False,False,False,,,5.009999999999938,0.0,full,0.5020057240424289,0.7954649007207342,0.01789318386298323,0.0,0.0,0.0
D3,27,zero,21,True,True,True,12.683176769608474,False,False,False,False,,,5.009999999999938,0.0,warmup,0.4904104543646842,1.1673474497063143,0.018642198329941247,0.0,0.0,0.0
D3,27,zero,22,True,True,True,10.681627400806933,False,False,False,False,,,5.009999999999938,0.0,intermediate,0.4526350727341898,1.1252112590506311,0.018561166107325437,0.0,0.0,0.0
D3,27,zero,23,True,True,True,16.48203204477007,False,False,False,False,,,5.009999999999938,0.0,full,0.4904961771661215,1.343875645190756,0.019752857920643112,0.0,0.0,0.0
D3,27,zero,24,True,True,True,11.429635162153506,False,False,False,False,,,5.009999999999938,0.0,warmup,0.5109693765412465,1.211283449106051,0.019960664302061885,0.0,0.0,0.0
D3,27,zero,25,True,True,True,11.548916252243453,False,False,False,False,,,5.009999999999938,0.0,intermediate,0.5317344461251952,1.0067531604749642,0.023471311417128774,0.0,0.0,0.0
D3,27,zero,26,True,True,True,13.734417413825255,False,False,False,False,,,5.009999999999938,0.0,full,0.5135364956319597,0.9791037239291087,0.019078146087533176,0.0,0.0,0.0
D3,27,zero,27,True,True,True,13.644535779155124,False,False,False,False,,,5.009999999999938,0.0,warmup,0.48896578770858773,1.2364416551319382,0.019642584295162437,0.0,0.0,0.0
D3,27,zero,28,True,True,True,12.733471125530139,False,False,False,False,,,5.009999999999938,0.0,intermediate,0.46606083056516756,1.0333475627374389,0.018909839435079328,0.0,0.0,0.0
D3,27,zero,29,True,True,True,12.599032010864597,False,False,False,False,,,5.009999999999938,0.0,full,0.4781300590747878,1.1076903259488948,0.017900430311176076,0.0,0.0,0.0
D3,27,zero,30,True,True,True,12.103391048363374,False,False,False,False,,,5.009999999999938,0.0,warmup,0.500472282046089,1.2042566690466316,0.02134140268833359,0.0,0.0,0.0
D3,27,zero,31,True,True,True,9.765438339959955,False,False,False,False,,,5.009999999999938,0.0,intermediate,0.42123466907856777,1.253002323925152,0.02106934490308074,0.0,0.0,0.0
D3,27,zero,32,True,True,True,15.514522121129373,False,False,False,False,,,5.009999999999938,0.0,full,0.49655863214725254,1.0809459611070078,0.020464976506717518,0.0,0.0,0.0
D3,27,zero,33,True,True,True,12.160583709270684,False,False,False,False,,,5.009999999999938,0.0,warmup,0.4824355574271533,1.21891463319844,0.01879245097104759,0.0,0.0,0.0
D3,27,zero,34,True,True,True,12.147443313738606,False,False,False,False,,,5.009999999999938,0.0,intermediate,0.5593516103811621,1.3360529847388807,0.024879432704356705,0.0,0.0,0.0
D3,27,zero,35,True,True,True,13.55928262275364,False,False,False,False,,,5.009999999999938,0.0,full,0.5821520363062294,0.9352893720189832,0.018317930834546144,0.0,0.0,0.0
D3,27,zero,36,True,True,True,13.716412862449031,False,False,False,False,,,5.009999999999938,0.0,warmup,0.49003588725688896,1.1949944693625023,0.01796843022675573,0.0,0.0,0.0
D3,27,zero,37,True,True,True,11.095700036819728,False,False,False,False,,,5.009999999999938,0.0,intermediate,0.47202966125532003,1.0718062194041447,0.018868581266375584,0.0,0.0,0.0
D3,27,zero,38,True,True,True,13.880949274654087,False,False,False,False,,,5.009999999999938,0.0,full,0.39720311956649396,1.1780777381288443,0.019673506655049418,0.0,0.0,0.0
D3,27,zero,39,True,True,True,11.526520114446598,False,False,False,False,,,5.009999999999938,0.0,warmup,0.48760734892737573,1.2436457867865334,0.019385065029217455,0.0,0.0,0.0
D3,27,zero,40,True,True,True,12.061099445506247,False,False,False,False,,,5.009999999999938,0.0,intermediate,0.4697590305539757,1.000828031345263,0.017596014798999617,0.0,0.0,0.0
D3,27,zero,41,True,True,True,11.504657684614092,False,False,False,False,,,5.009999999999938,0.0,full,0.5399893072381774,1.543457179043201,0.02173951781237901,0.0,0.0,0.0
D3,27,zero,42,True,True,True,12.897892983577803,False,False,False,False,,,5.009999999999938,0.0,warmup,0.4885757854329753,1.2269349832847654,0.019759561578133057,0.0,0.0,0.0
D3,27,zero,43,True,True,True,12.537669787151682,False,False,False,False,,,5.009999999999938,0.0,intermediate,0.5760872145672483,1.17039712756378,0.020583550771206962,0.0,0.0,0.0
D3,27,zero,44,False,True,False,15.096611338962546,False,False,False,False,unstable box motion,timeout,4.319999999999952,0.0,full,0.38303639555873803,1.338079672902308,0.024257387971864056,0.0,0.0,0.0
D3,27,zero,45,True,True,True,11.375084214706135,False,False,False,False,,,5.009999999999938,0.0,warmup,0.49174394141055583,1.2240044962498438,0.021107896776920747,0.0,0.0,0.0
D3,27,zero,46,True,True,True,12.188356921533073,False,False,False,False,,,5.009999999999938,0.0,intermediate,0.43827127758724876,1.208110249995769,0.019624434893668836,0.0,0.0,0.0
D3,27,zero,47,True,True,True,12.631155603772365,False,False,False,False,,,5.009999999999938,0.0,full,0.6424065509628292,1.102805538886461,0.02234347624032534,0.0,0.0,0.0
D3,27,zero,48,True,True,True,12.103540904387291,False,False,False,False,,,5.009999999999938,0.0,warmup,0.5085148659503609,1.174116055562226,0.019925626213098395,0.0,0.0,0.0
D3,27,zero,49,False,True,False,10.888682556938575,False,False,False,False,unstable box motion,timeout,4.9199999999999395,0.0,intermediate,0.45103892656726835,1.2464647082307405,0.023403004107901977,0.0,0.0,0.0
D3,27,zero,50,True,True,True,12.871844227990742,False,False,False,False,,,5.009999999999938,0.0,full,0.3726770816353148,1.4920678302689376,0.018474518983907312,0.0,0.0,0.0
D3,27,zero,51,True,True,True,12.593188389920833,False,False,False,False,,,5.009999999999938,0.0,warmup,0.5121655145357621,1.2468573748815532,0.021948901648773615,0.0,0.0,0.0
D3,27,zero,52,True,True,True,11.146518413117931,False,False,False,False,,,5.009999999999938,0.0,intermediate,0.5619201427171274,1.0007040595710093,0.020153368232881087,0.0,0.0,0.0
D3,27,zero,53,False,True,False,10.933532139994828,False,False,False,False,unstable box motion,timeout,0.0,0.0,full,0.5243303082272294,0.9612646556452364,0.02704959192079744,0.0,0.0,0.0
D3,27,zero,54,True,True,True,11.645497721620153,False,False,False,False,,,5.009999999999938,0.0,warmup,0.4863359531545361,1.2434969451900522,0.019740720266721527,0.0,0.0,0.0
D3,27,zero,55,True,True,True,10.372984641335833,False,False,False,False,,,5.009999999999938,0.0,intermediate,0.4252483777736942,1.264293204911614,0.019829078470073987,0.0,0.0,0.0
D3,27,zero,56,True,True,True,15.660273121656271,False,False,False,False,,,5.009999999999938,0.0,full,0.5295575228792385,1.4527831122188495,0.02125027016567552,0.0,0.0,0.0
D3,27,zero,57,True,True,True,11.664993813367882,False,False,False,False,,,5.009999999999938,0.0,warmup,0.5141180905828481,1.2082259258941315,0.020046614578491457,0.0,0.0,0.0
D3,27,zero,58,True,True,True,12.833310439344888,False,False,False,False,,,5.009999999999938,0.0,intermediate,0.44073145090136284,1.0827524946051303,0.017661037809848682,0.0,0.0,0.0
D3,27,zero,59,False,True,False,10.786813377918,False,False,False,False,unstable box motion,timeout,0.0,0.0,full,0.5261049150037435,1.2326145627183616,0.028961401730140612,0.0,0.0,0.0
D3,27,zero,60,True,True,True,14.057405083535322,False,False,False,False,,,5.009999999999938,0.0,warmup,0.5030441815117926,1.235296079410372,0.01947456560739661,0.0,0.0,0.0
D3,27,zero,61,True,True,True,11.722104758643887,False,False,False,False,,,5.009999999999938,0.0,intermediate,0.5389551631654701,1.197412975915647,0.0213238570614697,0.0,0.0,0.0
D3,27,zero,62,True,True,True,10.638377386630937,False,False,False,False,,,5.009999999999938,0.0,full,0.37411391740488836,0.778022602554542,0.01676448897332273,0.0,0.0,0.0
D3,27,zero,63,True,True,True,12.649191696082571,False,False,False,False,,,5.009999999999938,0.0,warmup,0.5180958832674765,1.1775949033705304,0.021361247207560653,0.0,0.0,0.0
D3,27,zero,64,True,True,True,10.973253038263325,False,False,False,False,,,5.009999999999938,0.0,intermediate,0.4319834064826628,1.2497602045329117,0.021161324741186725,0.0,0.0,0.0
D3,27,zero,65,True,True,True,15.340810501620641,False,False,False,False,,,5.009999999999938,0.0,full,0.46955263519301244,1.3618770382643257,0.01980480690814856,0.0,0.0,0.0
D3,27,zero,66,True,True,True,12.677741184117474,False,False,False,False,,,5.009999999999938,0.0,warmup,0.5144610774914211,1.2260844704151872,0.020090461804586887,0.0,0.0,0.0
D3,27,zero,67,True,True,True,11.289540440513754,False,False,False,False,,,5.009999999999938,0.0,intermediate,0.4243514781482216,1.2158876925074258,0.01831588588599263,0.0,0.0,0.0
D3,27,zero,68,True,True,True,15.368647798306753,False,False,False,False,,,5.009999999999938,0.0,full,0.41267677704972583,0.8528733183238331,0.01889109077635428,0.0,0.0,0.0
D3,27,zero,69,True,True,True,13.02834171804609,False,False,False,False,,,5.009999999999938,0.0,warmup,0.49438308838503003,1.1989058255816771,0.02116964247775522,0.0,0.0,0.0
D3,27,zero,70,True,True,True,12.037024274117723,False,False,False,False,,,5.009999999999938,0.0,intermediate,0.45607536866522447,1.0072921878164434,0.0192772741060451,0.0,0.0,0.0
D3,27,zero,71,False,True,False,15.433544709994084,False,False,False,False,unstable box motion,timeout,4.989999999999938,0.0,full,0.4890386342296652,1.3446198045538313,0.022905367738605516,0.0,0.0,0.0
D3,27,zero,72,True,True,True,11.253358843153073,False,False,False,False,,,5.009999999999938,0.0,warmup,0.5181769401123936,1.2214768875486623,0.021342074279822477,0.0,0.0,0.0
D3,27,zero,73,True,True,True,12.704304638292744,False,False,False,False,,,5.009999999999938,0.0,intermediate,0.47561330230223386,1.274057400905906,0.019915115891681334,0.0,0.0,0.0
D3,27,zero,74,False,True,False,16.170052108648875,False,False,False,False,unstable box motion,timeout,0.0,0.0,full,0.6302656463012763,1.2363069994594955,23.177463378213357,0.0,0.0,0.0
D3,27,zero,75,True,True,True,11.439538438209095,False,False,False,False,,,5.009999999999938,0.0,warmup,0.5128891502103221,1.1693339809485719,0.021418575610176786,0.0,0.0,0.0
D3,27,zero,76,True,True,True,13.65858490353449,False,False,False,False,,,5.009999999999938,0.0,intermediate,0.5029775957233502,1.1173203785729031,0.02069733803756278,0.0,0.0,0.0
D3,27,zero,77,True,True,True,12.9885380553889,False,False,False,False,,,5.009999999999938,0.0,full,0.6217022090206814,1.178149402500111,0.02167264268834317,0.0,0.0,0.0
D3,27,zero,78,True,True,True,11.579932007309846,False,False,False,False,,,5.009999999999938,0.0,warmup,0.48107140492051537,1.2237028225935525,0.02093420330393901,0.0,0.0,0.0
D3,27,zero,79,True,True,True,13.327972300868613,False,False,False,False,,,5.009999999999938,0.0,intermediate,0.5582002597826974,1.2360374228455522,0.022487497815232696,0.0,0.0,0.0
D3,27,zero,80,True,True,True,16.79779276338605,False,False,False,False,,,5.009999999999938,0.0,full,0.5342840136425704,1.0989328427743525,0.01937287022145817,0.0,0.0,0.0
D3,27,zero,81,True,True,True,11.702742204433184,False,False,False,False,,,5.009999999999938,0.0,warmup,0.5198020969208147,1.2222703211615975,0.0213072660232238,0.0,0.0,0.0
D3,27,zero,82,True,True,True,12.239620224079825,False,False,False,False,,,5.009999999999938,0.0,intermediate,0.5418115409414938,1.2476588704407745,0.024569543678928565,0.0,0.0,0.0
D3,27,zero,83,True,True,True,11.423128473811131,False,False,False,False,,,5.009999999999938,0.0,full,0.48067514698452624,1.3134212480291771,0.01974474007279419,0.0,0.0,0.0
D3,27,zero,84,True,True,True,13.588868421141397,False,False,False,False,,,5.009999999999938,0.0,warmup,0.5182181653316911,1.240184064601315,0.019831222033441214,0.0,0.0,0.0
D3,27,zero,85,True,True,True,11.356662981263307,False,False,False,False,,,5.009999999999938,0.0,intermediate,0.4215685252329265,1.096261173554801,0.01684891901132032,0.0,0.0,0.0
D3,27,zero,86,True,True,True,12.991816402205323,False,False,False,False,,,5.009999999999938,0.0,full,0.45929631408227567,1.3403272016459777,0.02044558400660955,0.0,0.0,0.0
D3,27,zero,87,True,True,True,12.987130020782711,False,False,False,False,,,5.009999999999938,0.0,warmup,0.5101437457234121,1.2259015013553074,0.020767704750459248,0.0,0.0,0.0
D3,27,zero,88,True,True,True,13.57414980434687,False,False,False,False,,,5.009999999999938,0.0,intermediate,0.510237487959977,1.36657991163753,0.021568404595461662,0.0,0.0,0.0
D3,27,zero,89,True,True,True,13.648355069340372,False,False,False,False,,,5.009999999999938,0.0,full,0.670320389540348,1.0790204426581789,0.020731911146645784,0.0,0.0,0.0
D3,27,zero,90,True,True,True,12.41082013218532,False,False,False,False,,,5.009999999999938,0.0,warmup,0.4871652420600959,1.1732984908471253,0.0192726020695391,0.0,0.0,0.0
D3,27,zero,91,True,True,True,13.973000566125918,False,False,False,False,,,5.009999999999938,0.0,intermediate,0.5063899162248642,1.2129222183053707,0.021088217757763466,0.0,0.0,0.0
D3,27,zero,92,True,True,True,15.406735437934145,False,False,False,False,,,5.009999999999938,0.0,full,0.39331817024535876,1.05629062348945,0.021598286396971207,0.0,0.0,0.0
D3,27,zero,93,True,True,True,12.04264228239495,False,False,False,False,,,5.009999999999938,0.0,warmup,0.4809392138214365,1.1890876549511458,0.019615753589066653,0.0,0.0,0.0
D3,27,zero,94,True,True,True,11.194654704593827,False,False,False,False,,,5.009999999999938,0.0,intermediate,0.5615218737550742,1.3768853723217598,0.02209375225901859,0.0,0.0,0.0
D3,27,zero,95,True,True,True,10.858965838949505,False,False,False,False,,,5.009999999999938,0.0,full,0.6818918618697445,0.7643543624064467,0.01789121460884787,0.0,0.0,0.0
D3,27,zero,96,True,True,True,11.483098209468753,False,False,False,False,,,5.009999999999938,0.0,warmup,0.5053135879878038,1.1841457332405028,0.019967508628679808,0.0,0.0,0.0
D3,27,zero,97,False,True,False,11.251177835403844,False,False,False,False,unstable box motion,timeout,0.3000000000000001,0.0,intermediate,0.5212111576019438,1.2965194086396024,0.026252759252292687,0.0,0.0,0.0
D3,27,zero,98,True,True,True,14.224999763186673,False,False,False,False,,,5.009999999999938,0.0,full,0.3626765151612195,1.1750646730460341,0.018789776779400906,0.0,0.0,0.0
D3,27,zero,99,True,True,True,13.715144922363443,False,False,False,False,,,5.009999999999938,0.0,warmup,0.4854086464968972,1.192907376054963,0.01923333992859854,0.0,0.0,0.0
M0,7,learned,0,False,False,False,24.72419345654137,True,False,False,True,excessive first-contact impact,timeout,0.0,0.0,warmup,0.5128083197961336,1.1512648415214817,58.95877553632024,14.816640986966272,1.8752336729317904,3.992534875869751
M0,7,learned,1,False,False,False,21.865281310919478,True,False,False,True,excessive first-contact impact,timeout,0.0,0.0,intermediate,0.5583821710176411,1.2738890168815886,58.33599744818804,14.458100229776944,1.9140297122938292,4.036557197570801
M0,7,learned,2,False,False,False,35.863595065955536,True,False,False,True,excessive first-contact impact,timeout,0.0,0.0,full,0.42594280942227786,0.9534267532589371,58.221736299454214,14.618582676152462,1.551329109892249,2.0959489345550537
M0,7,learned,3,False,False,False,37.27623525879166,True,True,False,True,emergency force,emergency contact force exceeded,0.04,0.0,warmup,0.509978780669319,1.1525834806578006,0.15913311800982655,10.846148922287298,0.629907797735471,1.9031486511230469
M0,7,learned,4,False,False,False,22.094309003544673,True,False,False,True,excessive first-contact impact,timeout,0.0,0.0,intermediate,0.5696580900535205,1.2016692008919285,59.20928262197443,13.877487243989757,1.8599679058470897,3.774416446685791
M0,7,learned,5,True,True,True,10.772271622297868,False,False,False,False,,,5.009999999999938,0.0,full,0.4265115823194439,1.437154991672124,0.001135887425644816,6.454154547260459,0.21804338967266643,1.994858741760254
M0,7,learned,6,False,False,False,39.830298165643356,True,True,False,True,emergency force,emergency contact force exceeded,0.0,0.0,warmup,0.5075895884587166,1.2407813524535225,0.27116878762785324,10.755017344406598,0.685433559773261,1.921689510345459
M0,7,learned,7,False,True,False,15.014338289300454,False,False,False,False,unstable box motion,timeout,0.0,0.0,intermediate,0.48690102169905397,1.038737655570714,55.32377571302837,13.016368009609835,1.527941250375339,3.935567617416382
M0,7,learned,8,False,True,False,12.084637694101039,False,False,False,False,unstable box motion,timeout,0.0,0.0,full,0.505785052514625,1.5431761150884702,47.83225649974624,11.8348689844768,0.9215609275443213,2.061906099319458
M0,7,learned,9,False,False,False,44.07551821087546,True,True,False,True,emergency force,emergency contact force exceeded,0.04,0.0,warmup,0.49479990440431754,1.1688952171756082,0.19974085881671005,11.042356433969488,0.6196998763415549,1.9495823383331299
M0,7,learned,10,False,False,False,20.008916357715812,True,False,False,True,excessive first-contact impact,timeout,0.0,0.0,intermediate,0.5579570453338745,1.2889912019305365,58.469054103111056,14.232235870222848,1.8190330380041684,4.047830104827881
M0,7,learned,11,False,True,False,12.53875585620438,False,False,False,False,unstable box motion,timeout,0.0,0.0,full,0.637714525300757,1.1834188609198721,48.07695525108994,11.635483431416528,1.0263203777692147,3.5590107440948486
M0,7,learned,12,False,False,False,27.48098868455463,True,False,False,True,excessive first-contact impact,timeout,0.0,0.0,warmup,0.5009263118149376,1.2188247958799947,56.940259705814945,13.011639003419916,1.0150145682692528,2.0824966430664062
M0,7,learned,13,False,False,False,36.794872770284066,True,True,False,True,emergency force,emergency contact force exceeded,0.0,0.0,intermediate,0.5721493389616075,1.0132527290956106,0.06866359148304471,10.557687245462322,0.6958999276161194,1.848880648612976
M0,7,learned,14,False,False,False,38.42815266489153,True,True,False,True,emergency force,emergency contact force exceeded,0.0,0.0,full,0.47084174840317594,1.1668854451158555,0.1353365791665104,10.383749157791604,0.70867027528584,1.8038009405136108
M0,7,learned,15,False,False,False,32.15005325539769,True,False,False,True,excessive first-contact impact,timeout,0.0,0.0,warmup,0.48738766261608873,1.2336237205624674,59.66366779887382,13.796617452386618,1.8535237939389688,3.7023682594299316
M0,7,learned,16,False,False,False,35.824271008451795,True,False,False,True,excessive first-contact impact,timeout,0.0,0.0,intermediate,0.44463355547976935,1.2760410585312312,59.42012212278655,13.500516296659363,1.7917869286664894,4.154965400695801
M0,7,learned,17,False,False,False,19.973312935914507,True,False,False,True,excessive first-contact impact,timeout,0.0,0.0,full,0.545833674323523,1.1579762526510662,4.589801193028672,6.285137123288455,0.11553859582536721,1.9913194179534912
M0,7,learned,18,False,False,False,28.155709909172863,True,False,False,True,excessive first-contact impact,timeout,0.0,0.0,warmup,0.49298274539423165,1.2346759141610777,56.888878674786476,13.047646897072335,1.06266846416252,2.7131011486053467
M0,7,learned,19,False,False,False,34.46097101861863,True,False,False,True,excessive first-contact impact,timeout,0.0,0.0,intermediate,0.4838916734878356,1.3374730526845824,59.66035968826812,10.476382908155642,1.6681786147611481,4.18384313583374
M0,7,learned,20,False,False,False,28.409869309759785,True,False,False,True,excessive first-contact impact,timeout,0.0,0.0,full,0.5020057240424289,0.7954649007207342,58.126430359644296,15.017454489551007,1.3453242120732154,1.9490560293197632
M0,7,learned,21,False,False,False,32.236027290235405,True,False,False,True,excessive first-contact impact,timeout,0.0,0.0,warmup,0.4904104543646842,1.1673474497063143,56.500692360148285,12.934657232056084,1.0328257511875458,2.1881840229034424
M0,7,learned,22,False,True,False,14.55318637702349,False,False,False,False,unstable box motion,timeout,0.0,0.0,intermediate,0.4526350727341898,1.1252112590506311,57.1328726412664,13.046334115992853,1.0095776226211872,2.1098387241363525
M0,7,learned,23,False,True,False,13.160747574110422,True,False,False,False,unstable box motion,timeout,0.0,0.0,full,0.4904961771661215,1.343875645190756,23.839188112739237,8.553506436969718,1.0000909722915718,4.135882377624512
M0,7,learned,24,False,False,False,43.42634027297636,True,True,False,True,emergency force,emergency contact force exceeded,0.0,0.0,warmup,0.5109693765412465,1.211283449106051,0.06432346257649783,10.975235028214989,0.6425560292489124,1.9233654737472534
M0,7,learned,25,False,False,False,34.38630354396699,True,False,False,True,excessive first-contact impact,timeout,0.0,0.0,intermediate,0.5317344461251952,1.0067531604749642,57.36518315807806,13.053846124083996,1.0448227688457286,2.9785356521606445
M0,7,learned,26,False,True,False,13.57463221403864,False,False,False,False,unstable box motion,timeout,0.0,0.0,full,0.5135364956319597,0.9791037239291087,0.4251130988598601,4.561782454716563,0.15434966132044792,1.9918107986450195
M0,7,learned,27,False,False,False,38.58221845160377,True,True,False,True,emergency force,emergency contact force exceeded,0.0,0.0,warmup,0.48896578770858773,1.2364416551319382,0.20974312879851162,10.793436229540442,0.6657086231842123,1.9483569860458374
M0,7,learned,28,False,False,False,29.134363410553753,True,False,False,True,excessive first-contact impact,timeout,0.0,0.0,intermediate,0.46606083056516756,1.0333475627374389,56.83275534886656,13.039230226018956,1.0150280072540045,2.581364870071411
M0,7,learned,29,False,False,False,19.485122376540566,True,False,False,True,excessive first-contact impact,timeout,0.0,0.0,full,0.4781300590747878,1.1076903259488948,56.00235734543393,12.927956868127202,1.0422174256401402,2.936751365661621
M0,7,learned,30,False,False,False,24.702882112128453,True,False,False,True,excessive first-contact impact,timeout,0.0,0.0,warmup,0.500472282046089,1.2042566690466316,59.24813019724216,14.189785842548114,1.8910570582321713,3.903770923614502
M0,7,learned,31,False,False,False,31.10691855074767,True,False,False,True,excessive first-contact impact,timeout,0.0,0.0,intermediate,0.42123466907856777,1.253002323925152,60.0104038993767,14.675344661715052,1.8673592965943473,3.8819549083709717
M0,7,learned,32,False,False,False,36.34889915646976,True,True,False,True,emergency force,emergency contact force exceeded,0.03,0.0,full,0.49655863214725254,1.0809459611070078,0.23896843221512878,10.359406830948382,0.6728399394209995,1.7540010213851929
M0,7,learned,33,False,False,False,19.47840960268953,True,False,False,True,excessive first-contact impact,timeout,0.0,0.0,warmup,0.4824355574271533,1.21891463319844,56.29534770985396,12.976138777604973,1.0275554804610354,2.086653470993042
M0,7,learned,34,False,False,False,35.12033221251457,True,False,False,True,excessive first-contact impact,timeout,0.0,0.0,intermediate,0.5593516103811621,1.3360529847388807,59.72029308595734,14.048728641002729,1.8316820222990853,3.9144949913024902
M0,7,learned,35,False,True,False,14.435279040375327,False,False,False,False,unstable box motion,timeout,0.0,0.0,full,0.5821520363062294,0.9352893720189832,54.812274229432035,12.692787601067351,1.117606283862676,3.6504788398742676
M0,7,learned,36,False,False,False,32.47242869629325,True,False,False,True,excessive first-contact impact,timeout,0.0,0.0,warmup,0.49003588725688896,1.1949944693625023,56.33730081719571,13.022645643043207,1.1673228344853435,3.573145866394043
M0,7,learned,37,False,False,False,38.39572839560037,True,True,False,True,emergency force,emergency contact force exceeded,0.04,0.0,intermediate,0.47202966125532003,1.0718062194041447,0.1432129810180282,10.734032927548219,0.6402229719302234,1.8800405263900757
M0,7,learned,38,False,False,False,21.193073175460754,True,False,False,True,excessive first-contact impact,timeout,2.1899999999999973,0.0,full,0.39720311956649396,1.1780777381288443,0.0280829196105027,6.1398695436244095,0.10939682584788119,1.9719661474227905
M0,7,learned,39,False,False,False,33.689572655485996,True,False,False,True,excessive first-contact impact,timeout,0.0,0.0,warmup,0.48760734892737573,1.2436457867865334,56.85753853114866,12.976126617305027,1.0252765442643847,2.0832364559173584
M0,7,learned,40,False,False,False,20.142836191443536,True,False,False,True,excessive first-contact impact,timeout,0.0,0.0,intermediate,0.4697590305539757,1.000828031345263,55.80535778270311,12.875092278617831,1.032578654001866,2.457505226135254
M0,7,learned,41,False,False,False,21.306352022511014,True,False,False,True,excessive first-contact impact,timeout,0.0,0.0,full,0.5399893072381774,1.543457179043201,57.631338345374026,13.98201481036254,1.6656769273110799,3.797511577606201
M0,7,learned,42,False,False,False,37.20920362422655,True,True,False,True,emergency force,emergency contact force exceeded,0.0,0.0,warmup,0.4885757854329753,1.2269349832847654,0.22013598472750354,10.826681134560411,0.6680891326275366,1.9500470161437988
M0,7,learned,43,False,False,False,25.240791934847863,True,False,False,True,excessive first-contact impact,timeout,0.0,0.0,intermediate,0.5760872145672483,1.17039712756378,57.62271526707056,13.692434565113642,1.3403962100190776,2.7964119911193848
M0,7,learned,44,False,False,False,34.62680615826572,True,False,False,True,excessive first-contact impact,timeout,0.0,0.0,full,0.38303639555873803,1.338079672902308,59.33463930970107,15.532929526955565,2.0844301916126695,4.227966785430908
M0,7,learned,45,False,False,False,34.79115684530943,True,False,False,True,excessive first-contact impact,timeout,0.0,0.0,warmup,0.49174394141055583,1.2240044962498438,59.20408698772272,13.593830926337931,1.5084796090211188,3.828749418258667
M0,7,learned,46,False,False,False,35.22206622760776,True,False,False,True,excessive first-contact impact,timeout,0.0,0.0,intermediate,0.43827127758724876,1.208110249995769,58.70901416065293,14.385814604168779,1.5999688297829457,3.791842460632324
M0,7,learned,47,False,False,False,20.94547084520926,True,False,False,True,excessive first-contact impact,timeout,0.0,0.0,full,0.6424065509628292,1.102805538886461,53.818287521942885,13.253956155442777,1.2342859156323331,3.739804744720459
M0,7,learned,48,False,False,False,40.44249424448222,True,True,False,True,emergency force,emergency contact force exceeded,0.04,0.0,warmup,0.5085148659503609,1.174116055562226,0.160492080391021,10.94990470356559,0.6353813441945058,1.9047977924346924
M0,7,learned,49,False,False,False,35.20322285101642,True,False,False,True,excessive first-contact impact,timeout,0.0,0.0,intermediate,0.45103892656726835,1.2464647082307405,59.73630313518067,13.253496347682034,1.8487697386741637,4.156435966491699
M0,7,learned,50,False,True,False,13.932168948476154,True,True,False,True,emergency force,emergency contact force exceeded,0.0,0.0,full,0.3726770816353148,1.4920678302689376,0.6478105249432039,6.212128477825421,0.346201492374289,2.916652202606201
M0,7,learned,51,False,False,False,34.5570457821042,True,False,False,True,excessive first-contact impact,timeout,0.0,0.0,warmup,0.5121655145357621,1.2468573748815532,59.37934065867643,13.974614095223723,1.8889376975383076,3.6795647144317627
M0,7,learned,52,False,False,False,36.271956279539836,True,True,False,True,emergency force,emergency contact force exceeded,0.0,0.0,intermediate,0.5619201427171274,1.0007040595710093,0.1189609409092927,10.573340827809503,0.6921610027551651,1.8379485607147217
M0,7,learned,53,False,False,False,38.18928656814258,True,True,False,True,emergency force,emergency contact force exceeded,0.0,0.0,full,0.5243303082272294,0.9612646556452364,0.35237878267705364,10.746041496110626,0.7275737838021347,1.9013571739196777
M0,7,learned,54,False,False,False,32.161321768831044,True,False,False,True,excessive first-contact impact,timeout,0.0,0.0,warmup,0.4863359531545361,1.2434969451900522,59.436140160596594,14.477654880914892,1.8171443125179836,3.7641611099243164
M0,7,learned,55,False,False,False,34.79556009528589,True,False,False,True,excessive first-contact impact,timeout,0.0,0.0,intermediate,0.4252483777736942,1.264293204911614,60.04133964540717,13.790950394980571,1.5791658938463244,3.8173975944519043
M0,7,learned,56,False,False,False,19.36342373164695,True,False,False,True,excessive first-contact impact,timeout,1.460000000000001,0.0,full,0.5295575228792385,1.4527831122188495,0.031081534184175533,6.120381439450239,0.11275265871148024,1.972832202911377
M0,7,learned,57,False,False,False,33.7424194922107,True,False,False,True,excessive first-contact impact,timeout,0.0,0.0,warmup,0.5141180905828481,1.2082259258941315,59.57178216956872,14.269029057735931,1.8486324293059961,3.7885923385620117
M0,7,learned,58,False,True,False,16.321325424211466,False,False,False,False,unstable box motion,timeout,0.0,0.0,intermediate,0.44073145090136284,1.0827524946051303,55.64231060507869,12.75196534229067,1.06042942133333,3.2468223571777344
M0,7,learned,59,False,False,False,37.77658708469403,True,True,False,True,emergency force,emergency contact force exceeded,0.0,0.0,full,0.5261049150037435,1.2326145627183616,0.29193214968074305,10.60877314445303,0.7305857156807521,1.8525004386901855
M0,7,learned,60,False,False,False,31.480481491900548,True,False,False,True,excessive first-contact impact,timeout,0.0,0.0,warmup,0.5030441815117926,1.235296079410372,56.45095985901616,12.982098052747823,1.0348326467296907,2.088228464126587
M0,7,learned,61,False,False,False,36.73586584125634,True,True,False,True,emergency force,emergency contact force exceeded,0.0,0.0,intermediate,0.5389551631654701,1.197412975915647,0.06585139129926854,10.58562099260628,0.6701704578904005,1.8609775304794312
M0,7,learned,62,False,True,False,8.047824451383047,False,False,False,False,unstable box motion,timeout,0.0,0.0,full,0.37411391740488836,0.778022602554542,58.48482777789022,14.36002995516342,1.5012466424171413,2.5936546325683594
M0,7,learned,63,False,False,False,35.53007133734641,True,False,False,True,excessive first-contact impact,timeout,0.0,0.0,warmup,0.5180958832674765,1.1775949033705304,59.245631945708276,13.859899659218046,1.6238955859946353,3.928471326828003
M0,7,learned,64,False,False,False,33.97885917782446,True,False,False,True,excessive first-contact impact,timeout,0.0,0.0,intermediate,0.4319834064826628,1.2497602045329117,59.18671893330556,13.949032444864311,1.7037887952050992,4.1617937088012695
M0,7,learned,65,False,False,False,38.28392214332561,True,True,False,True,excessive first-contact impact,timeout,0.0,0.0,full,0.46955263519301244,1.3618770382643257,58.865403189212685,15.583902230212324,1.9790238208749464,3.861764907836914
M0,7,learned,66,False,False,False,42.05365569284072,True,True,False,True,emergency force,emergency contact force exceeded,0.04,0.0,warmup,0.5144610774914211,1.2260844704151872,0.21447041337286737,11.033949846072884,0.631144221012409,1.919127106666565
M0,7,learned,67,False,False,False,33.46428134539178,True,False,False,True,excessive first-contact impact,timeout,0.0,0.0,intermediate,0.4243514781482216,1.2158876925074258,59.4418890728214,13.914874860020708,1.510275574603251,3.8475499153137207
M0,7,learned,68,False,False,False,34.51455456359888,True,False,False,True,excessive first-contact impact,timeout,0.0,0.0,full,0.41267677704972583,0.8528733183238331,59.29179675641768,14.622558687007118,1.9980890459620526,4.237157821655273
M0,7,learned,69,False,False,False,32.028079201945644,True,False,False,True,excessive first-contact impact,timeout,0.0,0.0,warmup,0.49438308838503003,1.1989058255816771,59.205547234590476,13.80215670664774,1.6468329998744387,3.7988009452819824
M0,7,learned,70,False,False,False,24.19465634699072,True,False,False,True,excessive first-contact impact,timeout,0.0,0.0,intermediate,0.45607536866522447,1.0072921878164434,58.434794704224,15.010929239699095,2.0855312339961527,4.106276512145996
M0,7,learned,71,False,False,False,39.55768112927703,True,True,False,True,emergency force,emergency contact force exceeded,0.0,0.0,full,0.4890386342296652,1.3446198045538313,0.021744791222223992,10.28793660937122,0.7005698858035936,1.7541847229003906
M0,7,learned,72,False,False,False,35.55192605494953,True,False,False,True,excessive first-contact impact,timeout,0.0,0.0,warmup,0.5181769401123936,1.2214768875486623,59.116404929256184,14.26269591269008,1.7723114464751313,3.761579990386963
M0,7,learned,73,False,False,False,21.788498129817594,True,False,False,True,excessive first-contact impact,timeout,0.0,0.0,intermediate,0.47561330230223386,1.274057400905906,59.40101461677696,14.159060743603748,1.8751401779055596,3.7278292179107666
M0,7,learned,74,False,True,False,15.587077040360073,True,False,False,False,contact loss,timeout,0.0,0.0,full,0.6302656463012763,1.2363069994594955,4.94909078453869,6.4004115606982355,0.22040339013827698,2.353057861328125
M0,7,learned,75,False,False,False,35.98948853752296,True,False,False,True,excessive first-contact impact,timeout,0.0,0.0,warmup,0.5128891502103221,1.1693339809485719,59.18215057543713,14.192585421044146,1.6879588048905134,3.740964412689209
M0,7,learned,76,False,False,False,25.060970361154787,True,False,False,True,excessive first-contact impact,timeout,0.0,0.0,intermediate,0.5029775957233502,1.1173203785729031,59.09558101851306,13.649670285512457,1.6019701405614615,3.934016227722168
M0,7,learned,77,False,False,False,21.003945223215666,True,False,False,True,excessive first-contact impact,timeout,0.0,0.0,full,0.6217022090206814,1.178149402500111,57.37411071501048,14.252400130223949,1.6320395455509424,3.733823776245117
M0,7,learned,78,False,False,False,35.58832486455016,True,False,False,True,excessive first-contact impact,timeout,0.0,0.0,warmup,0.48107140492051537,1.2237028225935525,59.159859276521466,14.018980359187076,1.8744747448393277,4.019840240478516
M0,7,learned,79,False,False,False,32.00322150535819,True,False,False,True,excessive first-contact impact,timeout,0.0,0.0,intermediate,0.5582002597826974,1.2360374228455522,59.065997592130714,14.065172839027326,1.6774698984516518,3.830770492553711
M0,7,learned,80,False,False,False,20.16193609606165,True,False,False,True,excessive first-contact impact,timeout,0.0,0.0,full,0.5342840136425704,1.0989328427743525,0.04079474352805604,6.00410041460349,0.10464957320796592,1.9868345260620117
M0,7,learned,81,False,False,False,35.35660536331518,True,False,False,True,excessive first-contact impact,timeout,0.0,0.0,warmup,0.5198020969208147,1.2222703211615975,59.096392438376704,13.238754011069025,1.822547900517072,4.1633148193359375
M0,7,learned,82,False,True,False,16.64740575927236,False,False,False,False,unstable box motion,timeout,0.0,0.0,intermediate,0.5418115409414938,1.2476588704407745,55.4738743270823,12.8262311299457,1.1168647181455578,3.608995199203491
M0,7,learned,83,False,False,False,39.25902594238545,True,True,False,True,emergency force,emergency contact force exceeded,0.0,0.0,full,0.48067514698452624,1.3134212480291771,0.24727341698141464,10.207533465939354,0.7038459615273909,1.8293299674987793
M0,7,learned,84,False,False,False,35.70397856085951,True,False,False,True,excessive first-contact impact,timeout,0.0,0.0,warmup,0.5182181653316911,1.240184064601315,56.51785635022771,13.021189440089998,1.1150128953424947,3.121624231338501
M0,7,learned,85,False,True,False,14.440974070910723,False,False,False,False,unstable box motion,timeout,0.0,0.0,intermediate,0.4215685252329265,1.096261173554801,55.15662059248242,13.145562147302549,1.5387251706847123,3.8666207790374756
M0,7,learned,86,False,False,False,21.79572558960213,True,False,False,True,excessive first-contact impact,timeout,0.0,0.0,full,0.45929631408227567,1.3403272016459777,58.97393840281671,12.754551367390782,1.712379703841039,4.1663618087768555
M0,7,learned,87,False,False,False,36.57550227422804,True,True,False,True,emergency force,emergency contact force exceeded,0.0,0.0,warmup,0.5101437457234121,1.2259015013553074,0.20329513716206735,10.656309769649823,0.6572707037915263,1.924833059310913
M0,7,learned,88,False,False,False,36.63263106950684,True,True,False,True,emergency force,emergency contact force exceeded,0.0,0.0,intermediate,0.510237487959977,1.36657991163753,0.2531876259431912,10.577050913750595,0.6627414761963537,1.9375195503234863
M0,7,learned,89,False,True,False,15.264341741236347,False,False,False,False,unstable box motion,timeout,0.0,0.0,full,0.670320389540348,1.0790204426581789,56.8983559408969,12.791953864514833,1.7986584648383515,3.955235004425049
M0,7,learned,90,False,False,False,37.75361590906293,True,True,False,True,emergency force,emergency contact force exceeded,0.0,0.0,warmup,0.4871652420600959,1.1732984908471253,0.1511493728692067,10.77440163209598,0.659326237169179,1.9150094985961914
M0,7,learned,91,False,True,False,16.323902190576717,False,False,False,False,unstable box motion,timeout,0.0,0.0,intermediate,0.5063899162248642,1.2129222183053707,55.018176464136786,12.735612233858568,1.0373086582656417,2.088658571243286
M0,7,learned,92,False,False,False,34.72779438981682,True,False,False,True,excessive first-contact impact,timeout,0.0,0.0,full,0.39331817024535876,1.05629062348945,60.24259457754659,12.02285664410171,1.8348532625607081,4.038094520568848
M0,7,learned,93,False,False,False,37.05733324798683,True,True,False,True,emergency force,emergency contact force exceeded,0.0,0.0,warmup,0.4809392138214365,1.1890876549511458,0.21062060748989975,10.664157573982598,0.6712298563548497,1.90900719165802
M0,7,learned,94,False,False,False,34.02830032600639,True,False,False,True,excessive first-contact impact,timeout,0.0,0.0,intermediate,0.5615218737550742,1.3768853723217598,58.544102148557435,15.74471104471218,2.3884793554885047,4.210248947143555
M0,7,learned,95,False,False,False,22.282712815737305,True,False,False,True,excessive first-contact impact,timeout,0.0,0.0,full,0.6818918618697445,0.7643543624064467,57.64459474518687,15.32345569531408,1.5368300261774233,2.274350166320801
M0,7,learned,96,False,False,False,37.29561492444859,True,True,False,True,emergency force,emergency contact force exceeded,0.0,0.0,warmup,0.5053135879878038,1.1841457332405028,0.2735884957786206,10.706903259056906,0.687099913102493,1.921528697013855
M0,7,learned,97,False,False,False,29.284309140220074,True,False,False,True,excessive first-contact impact,timeout,0.0,0.0,intermediate,0.5212111576019438,1.2965194086396024,59.70883269944815,13.438294698752939,1.8366188358302626,3.9323174953460693
M0,7,learned,98,False,False,False,30.9932758743562,True,False,False,True,excessive first-contact impact,timeout,0.0,0.0,full,0.3626765151612195,1.1750646730460341,59.36873224044137,13.472100264060593,1.6411045654543808,3.7474000453948975
M0,7,learned,99,False,False,False,36.09166292043865,True,True,False,True,emergency force,emergency contact force exceeded,0.0,0.0,warmup,0.4854086464968972,1.192907376054963,0.08317155685367561,10.90950090800582,0.6233575157821178,1.9601315259933472
M0,7,zero,0,True,True,True,11.738354911025425,False,False,False,False,,,5.009999999999938,0.0,warmup,0.5128083197961336,1.1512648415214817,0.020524704885670875,0.0,0.0,0.0
M0,7,zero,1,True,True,True,10.830579550058902,False,False,False,False,,,5.009999999999938,0.0,intermediate,0.5583821710176411,1.2738890168815886,0.021524058705885075,0.0,0.0,0.0
M0,7,zero,2,True,True,True,14.616173209565286,False,False,False,False,,,5.009999999999938,0.0,full,0.42594280942227786,0.9534267532589371,0.01892775203049847,0.0,0.0,0.0
M0,7,zero,3,True,True,True,11.568182226702957,False,False,False,False,,,5.009999999999938,0.0,warmup,0.509978780669319,1.1525834806578006,0.019745057731862987,0.0,0.0,0.0
M0,7,zero,4,True,True,True,12.364718741778496,False,False,False,False,,,5.009999999999938,0.0,intermediate,0.5696580900535205,1.2016692008919285,0.022633081379030535,0.0,0.0,0.0
M0,7,zero,5,True,True,True,13.186414426163863,False,False,False,False,,,5.009999999999938,0.0,full,0.4265115823194439,1.437154991672124,0.01958959302918034,0.0,0.0,0.0
M0,7,zero,6,True,True,True,12.46223287268657,False,False,False,False,,,5.009999999999938,0.0,warmup,0.5075895884587166,1.2407813524535225,0.020192722766563982,0.0,0.0,0.0
M0,7,zero,7,True,True,True,12.261601811426459,False,False,False,False,,,5.009999999999938,0.0,intermediate,0.48690102169905397,1.038737655570714,0.01861121414637554,0.0,0.0,0.0
M0,7,zero,8,True,True,True,14.926811516078901,False,False,False,False,,,5.009999999999938,0.0,full,0.505785052514625,1.5431761150884702,0.020777114905751404,0.0,0.0,0.0
M0,7,zero,9,True,True,True,12.771315230132634,False,False,False,False,,,5.009999999999938,0.0,warmup,0.49479990440431754,1.1688952171756082,0.019264537339446296,0.0,0.0,0.0
M0,7,zero,10,True,True,True,12.521168372504572,False,False,False,False,,,5.009999999999938,0.0,intermediate,0.5579570453338745,1.2889912019305365,0.02131871344685938,0.0,0.0,0.0
M0,7,zero,11,True,True,True,13.487418966169331,False,False,False,False,,,5.009999999999938,0.0,full,0.637714525300757,1.1834188609198721,0.021447244954935992,0.0,0.0,0.0
M0,7,zero,12,True,True,True,11.846786047031546,False,False,False,False,,,5.009999999999938,0.0,warmup,0.5009263118149376,1.2188247958799947,0.01921838984294255,0.0,0.0,0.0
M0,7,zero,13,True,True,True,11.137920408588595,False,False,False,False,,,5.009999999999938,0.0,intermediate,0.5721493389616075,1.0132527290956106,0.020717342775059128,0.0,0.0,0.0
M0,7,zero,14,False,True,False,15.155238321123084,False,False,False,False,unstable box motion,timeout,0.03,0.0,full,0.47084174840317594,1.1668854451158555,0.026557507917864553,0.0,0.0,0.0
M0,7,zero,15,True,True,True,12.399727102133248,False,False,False,False,,,5.009999999999938,0.0,warmup,0.48738766261608873,1.2336237205624674,0.019552985343880152,0.0,0.0,0.0
M0,7,zero,16,True,True,True,10.543584403839262,False,False,False,False,,,5.009999999999938,0.0,intermediate,0.44463355547976935,1.2760410585312312,0.020276664806378623,0.0,0.0,0.0
M0,7,zero,17,True,True,True,15.672199567182052,False,False,False,False,,,5.009999999999938,0.0,full,0.545833674323523,1.1579762526510662,0.017107805017850253,0.0,0.0,0.0
M0,7,zero,18,True,True,True,11.322579746573014,False,False,False,False,,,5.009999999999938,0.0,warmup,0.49298274539423165,1.2346759141610777,0.01925566826692108,0.0,0.0,0.0
M0,7,zero,19,True,True,True,11.155680855521663,False,False,False,False,,,5.009999999999938,0.0,intermediate,0.4838916734878356,1.3374730526845824,0.024876101120294845,0.0,0.0,0.0
M0,7,zero,20,True,True,True,13.026208480181129,False,False,False,False,,,5.009999999999938,0.0,full,0.5020057240424289,0.7954649007207342,0.01789318386298323,0.0,0.0,0.0
M0,7,zero,21,True,True,True,12.683176769608474,False,False,False,False,,,5.009999999999938,0.0,warmup,0.4904104543646842,1.1673474497063143,0.018642198329941247,0.0,0.0,0.0
M0,7,zero,22,True,True,True,10.681627400806933,False,False,False,False,,,5.009999999999938,0.0,intermediate,0.4526350727341898,1.1252112590506311,0.018561166107325437,0.0,0.0,0.0
M0,7,zero,23,True,True,True,16.48203204477007,False,False,False,False,,,5.009999999999938,0.0,full,0.4904961771661215,1.343875645190756,0.019752857920643112,0.0,0.0,0.0
M0,7,zero,24,True,True,True,11.429635162153506,False,False,False,False,,,5.009999999999938,0.0,warmup,0.5109693765412465,1.211283449106051,0.019960664302061885,0.0,0.0,0.0
M0,7,zero,25,True,True,True,11.548916252243453,False,False,False,False,,,5.009999999999938,0.0,intermediate,0.5317344461251952,1.0067531604749642,0.023471311417128774,0.0,0.0,0.0
M0,7,zero,26,True,True,True,13.734417413825255,False,False,False,False,,,5.009999999999938,0.0,full,0.5135364956319597,0.9791037239291087,0.019078146087533176,0.0,0.0,0.0
M0,7,zero,27,True,True,True,13.644535779155124,False,False,False,False,,,5.009999999999938,0.0,warmup,0.48896578770858773,1.2364416551319382,0.019642584295162437,0.0,0.0,0.0
M0,7,zero,28,True,True,True,12.733471125530139,False,False,False,False,,,5.009999999999938,0.0,intermediate,0.46606083056516756,1.0333475627374389,0.018909839435079328,0.0,0.0,0.0
M0,7,zero,29,True,True,True,12.599032010864597,False,False,False,False,,,5.009999999999938,0.0,full,0.4781300590747878,1.1076903259488948,0.017900430311176076,0.0,0.0,0.0
M0,7,zero,30,True,True,True,12.103391048363374,False,False,False,False,,,5.009999999999938,0.0,warmup,0.500472282046089,1.2042566690466316,0.02134140268833359,0.0,0.0,0.0
M0,7,zero,31,True,True,True,9.765438339959955,False,False,False,False,,,5.009999999999938,0.0,intermediate,0.42123466907856777,1.253002323925152,0.02106934490308074,0.0,0.0,0.0
M0,7,zero,32,True,True,True,15.514522121129373,False,False,False,False,,,5.009999999999938,0.0,full,0.49655863214725254,1.0809459611070078,0.020464976506717518,0.0,0.0,0.0
M0,7,zero,33,True,True,True,12.160583709270684,False,False,False,False,,,5.009999999999938,0.0,warmup,0.4824355574271533,1.21891463319844,0.01879245097104759,0.0,0.0,0.0
M0,7,zero,34,True,True,True,12.147443313738606,False,False,False,False,,,5.009999999999938,0.0,intermediate,0.5593516103811621,1.3360529847388807,0.024879432704356705,0.0,0.0,0.0
M0,7,zero,35,True,True,True,13.55928262275364,False,False,False,False,,,5.009999999999938,0.0,full,0.5821520363062294,0.9352893720189832,0.018317930834546144,0.0,0.0,0.0
M0,7,zero,36,True,True,True,13.716412862449031,False,False,False,False,,,5.009999999999938,0.0,warmup,0.49003588725688896,1.1949944693625023,0.01796843022675573,0.0,0.0,0.0
M0,7,zero,37,True,True,True,11.095700036819728,False,False,False,False,,,5.009999999999938,0.0,intermediate,0.47202966125532003,1.0718062194041447,0.018868581266375584,0.0,0.0,0.0
M0,7,zero,38,True,True,True,13.880949274654087,False,False,False,False,,,5.009999999999938,0.0,full,0.39720311956649396,1.1780777381288443,0.019673506655049418,0.0,0.0,0.0
M0,7,zero,39,True,True,True,11.526520114446598,False,False,False,False,,,5.009999999999938,0.0,warmup,0.48760734892737573,1.2436457867865334,0.019385065029217455,0.0,0.0,0.0
M0,7,zero,40,True,True,True,12.061099445506247,False,False,False,False,,,5.009999999999938,0.0,intermediate,0.4697590305539757,1.000828031345263,0.017596014798999617,0.0,0.0,0.0
M0,7,zero,41,True,True,True,11.504657684614092,False,False,False,False,,,5.009999999999938,0.0,full,0.5399893072381774,1.543457179043201,0.02173951781237901,0.0,0.0,0.0
M0,7,zero,42,True,True,True,12.897892983577803,False,False,False,False,,,5.009999999999938,0.0,warmup,0.4885757854329753,1.2269349832847654,0.019759561578133057,0.0,0.0,0.0
M0,7,zero,43,True,True,True,12.537669787151682,False,False,False,False,,,5.009999999999938,0.0,intermediate,0.5760872145672483,1.17039712756378,0.020583550771206962,0.0,0.0,0.0
M0,7,zero,44,False,True,False,15.096611338962546,False,False,False,False,unstable box motion,timeout,4.319999999999952,0.0,full,0.38303639555873803,1.338079672902308,0.024257387971864056,0.0,0.0,0.0
M0,7,zero,45,True,True,True,11.375084214706135,False,False,False,False,,,5.009999999999938,0.0,warmup,0.49174394141055583,1.2240044962498438,0.021107896776920747,0.0,0.0,0.0
M0,7,zero,46,True,True,True,12.188356921533073,False,False,False,False,,,5.009999999999938,0.0,intermediate,0.43827127758724876,1.208110249995769,0.019624434893668836,0.0,0.0,0.0
M0,7,zero,47,True,True,True,12.631155603772365,False,False,False,False,,,5.009999999999938,0.0,full,0.6424065509628292,1.102805538886461,0.02234347624032534,0.0,0.0,0.0
M0,7,zero,48,True,True,True,12.103540904387291,False,False,False,False,,,5.009999999999938,0.0,warmup,0.5085148659503609,1.174116055562226,0.019925626213098395,0.0,0.0,0.0
M0,7,zero,49,False,True,False,10.888682556938575,False,False,False,False,unstable box motion,timeout,4.9199999999999395,0.0,intermediate,0.45103892656726835,1.2464647082307405,0.023403004107901977,0.0,0.0,0.0
M0,7,zero,50,True,True,True,12.871844227990742,False,False,False,False,,,5.009999999999938,0.0,full,0.3726770816353148,1.4920678302689376,0.018474518983907312,0.0,0.0,0.0
M0,7,zero,51,True,True,True,12.593188389920833,False,False,False,False,,,5.009999999999938,0.0,warmup,0.5121655145357621,1.2468573748815532,0.021948901648773615,0.0,0.0,0.0
M0,7,zero,52,True,True,True,11.146518413117931,False,False,False,False,,,5.009999999999938,0.0,intermediate,0.5619201427171274,1.0007040595710093,0.020153368232881087,0.0,0.0,0.0
M0,7,zero,53,False,True,False,10.933532139994828,False,False,False,False,unstable box motion,timeout,0.0,0.0,full,0.5243303082272294,0.9612646556452364,0.02704959192079744,0.0,0.0,0.0
M0,7,zero,54,True,True,True,11.645497721620153,False,False,False,False,,,5.009999999999938,0.0,warmup,0.4863359531545361,1.2434969451900522,0.019740720266721527,0.0,0.0,0.0
M0,7,zero,55,True,True,True,10.372984641335833,False,False,False,False,,,5.009999999999938,0.0,intermediate,0.4252483777736942,1.264293204911614,0.019829078470073987,0.0,0.0,0.0
M0,7,zero,56,True,True,True,15.660273121656271,False,False,False,False,,,5.009999999999938,0.0,full,0.5295575228792385,1.4527831122188495,0.02125027016567552,0.0,0.0,0.0
M0,7,zero,57,True,True,True,11.664993813367882,False,False,False,False,,,5.009999999999938,0.0,warmup,0.5141180905828481,1.2082259258941315,0.020046614578491457,0.0,0.0,0.0
M0,7,zero,58,True,True,True,12.833310439344888,False,False,False,False,,,5.009999999999938,0.0,intermediate,0.44073145090136284,1.0827524946051303,0.017661037809848682,0.0,0.0,0.0
M0,7,zero,59,False,True,False,10.786813377918,False,False,False,False,unstable box motion,timeout,0.0,0.0,full,0.5261049150037435,1.2326145627183616,0.028961401730140612,0.0,0.0,0.0
M0,7,zero,60,True,True,True,14.057405083535322,False,False,False,False,,,5.009999999999938,0.0,warmup,0.5030441815117926,1.235296079410372,0.01947456560739661,0.0,0.0,0.0
M0,7,zero,61,True,True,True,11.722104758643887,False,False,False,False,,,5.009999999999938,0.0,intermediate,0.5389551631654701,1.197412975915647,0.0213238570614697,0.0,0.0,0.0
M0,7,zero,62,True,True,True,10.638377386630937,False,False,False,False,,,5.009999999999938,0.0,full,0.37411391740488836,0.778022602554542,0.01676448897332273,0.0,0.0,0.0
M0,7,zero,63,True,True,True,12.649191696082571,False,False,False,False,,,5.009999999999938,0.0,warmup,0.5180958832674765,1.1775949033705304,0.021361247207560653,0.0,0.0,0.0
M0,7,zero,64,True,True,True,10.973253038263325,False,False,False,False,,,5.009999999999938,0.0,intermediate,0.4319834064826628,1.2497602045329117,0.021161324741186725,0.0,0.0,0.0
M0,7,zero,65,True,True,True,15.340810501620641,False,False,False,False,,,5.009999999999938,0.0,full,0.46955263519301244,1.3618770382643257,0.01980480690814856,0.0,0.0,0.0
M0,7,zero,66,True,True,True,12.677741184117474,False,False,False,False,,,5.009999999999938,0.0,warmup,0.5144610774914211,1.2260844704151872,0.020090461804586887,0.0,0.0,0.0
M0,7,zero,67,True,True,True,11.289540440513754,False,False,False,False,,,5.009999999999938,0.0,intermediate,0.4243514781482216,1.2158876925074258,0.01831588588599263,0.0,0.0,0.0
M0,7,zero,68,True,True,True,15.368647798306753,False,False,False,False,,,5.009999999999938,0.0,full,0.41267677704972583,0.8528733183238331,0.01889109077635428,0.0,0.0,0.0
M0,7,zero,69,True,True,True,13.02834171804609,False,False,False,False,,,5.009999999999938,0.0,warmup,0.49438308838503003,1.1989058255816771,0.02116964247775522,0.0,0.0,0.0
M0,7,zero,70,True,True,True,12.037024274117723,False,False,False,False,,,5.009999999999938,0.0,intermediate,0.45607536866522447,1.0072921878164434,0.0192772741060451,0.0,0.0,0.0
M0,7,zero,71,False,True,False,15.433544709994084,False,False,False,False,unstable box motion,timeout,4.989999999999938,0.0,full,0.4890386342296652,1.3446198045538313,0.022905367738605516,0.0,0.0,0.0
M0,7,zero,72,True,True,True,11.253358843153073,False,False,False,False,,,5.009999999999938,0.0,warmup,0.5181769401123936,1.2214768875486623,0.021342074279822477,0.0,0.0,0.0
M0,7,zero,73,True,True,True,12.704304638292744,False,False,False,False,,,5.009999999999938,0.0,intermediate,0.47561330230223386,1.274057400905906,0.019915115891681334,0.0,0.0,0.0
M0,7,zero,74,False,True,False,16.170052108648875,False,False,False,False,unstable box motion,timeout,0.0,0.0,full,0.6302656463012763,1.2363069994594955,23.177463378213357,0.0,0.0,0.0
M0,7,zero,75,True,True,True,11.439538438209095,False,False,False,False,,,5.009999999999938,0.0,warmup,0.5128891502103221,1.1693339809485719,0.021418575610176786,0.0,0.0,0.0
M0,7,zero,76,True,True,True,13.65858490353449,False,False,False,False,,,5.009999999999938,0.0,intermediate,0.5029775957233502,1.1173203785729031,0.02069733803756278,0.0,0.0,0.0
M0,7,zero,77,True,True,True,12.9885380553889,False,False,False,False,,,5.009999999999938,0.0,full,0.6217022090206814,1.178149402500111,0.02167264268834317,0.0,0.0,0.0
M0,7,zero,78,True,True,True,11.579932007309846,False,False,False,False,,,5.009999999999938,0.0,warmup,0.48107140492051537,1.2237028225935525,0.02093420330393901,0.0,0.0,0.0
M0,7,zero,79,True,True,True,13.327972300868613,False,False,False,False,,,5.009999999999938,0.0,intermediate,0.5582002597826974,1.2360374228455522,0.022487497815232696,0.0,0.0,0.0
M0,7,zero,80,True,True,True,16.79779276338605,False,False,False,False,,,5.009999999999938,0.0,full,0.5342840136425704,1.0989328427743525,0.01937287022145817,0.0,0.0,0.0
M0,7,zero,81,True,True,True,11.702742204433184,False,False,False,False,,,5.009999999999938,0.0,warmup,0.5198020969208147,1.2222703211615975,0.0213072660232238,0.0,0.0,0.0
M0,7,zero,82,True,True,True,12.239620224079825,False,False,False,False,,,5.009999999999938,0.0,intermediate,0.5418115409414938,1.2476588704407745,0.024569543678928565,0.0,0.0,0.0
M0,7,zero,83,True,True,True,11.423128473811131,False,False,False,False,,,5.009999999999938,0.0,full,0.48067514698452624,1.3134212480291771,0.01974474007279419,0.0,0.0,0.0
M0,7,zero,84,True,True,True,13.588868421141397,False,False,False,False,,,5.009999999999938,0.0,warmup,0.5182181653316911,1.240184064601315,0.019831222033441214,0.0,0.0,0.0
M0,7,zero,85,True,True,True,11.356662981263307,False,False,False,False,,,5.009999999999938,0.0,intermediate,0.4215685252329265,1.096261173554801,0.01684891901132032,0.0,0.0,0.0
M0,7,zero,86,True,True,True,12.991816402205323,False,False,False,False,,,5.009999999999938,0.0,full,0.45929631408227567,1.3403272016459777,0.02044558400660955,0.0,0.0,0.0
M0,7,zero,87,True,True,True,12.987130020782711,False,False,False,False,,,5.009999999999938,0.0,warmup,0.5101437457234121,1.2259015013553074,0.020767704750459248,0.0,0.0,0.0
M0,7,zero,88,True,True,True,13.57414980434687,False,False,False,False,,,5.009999999999938,0.0,intermediate,0.510237487959977,1.36657991163753,0.021568404595461662,0.0,0.0,0.0
M0,7,zero,89,True,True,True,13.648355069340372,False,False,False,False,,,5.009999999999938,0.0,full,0.670320389540348,1.0790204426581789,0.020731911146645784,0.0,0.0,0.0
M0,7,zero,90,True,True,True,12.41082013218532,False,False,False,False,,,5.009999999999938,0.0,warmup,0.4871652420600959,1.1732984908471253,0.0192726020695391,0.0,0.0,0.0
M0,7,zero,91,True,True,True,13.973000566125918,False,False,False,False,,,5.009999999999938,0.0,intermediate,0.5063899162248642,1.2129222183053707,0.021088217757763466,0.0,0.0,0.0
M0,7,zero,92,True,True,True,15.406735437934145,False,False,False,False,,,5.009999999999938,0.0,full,0.39331817024535876,1.05629062348945,0.021598286396971207,0.0,0.0,0.0
M0,7,zero,93,True,True,True,12.04264228239495,False,False,False,False,,,5.009999999999938,0.0,warmup,0.4809392138214365,1.1890876549511458,0.019615753589066653,0.0,0.0,0.0
M0,7,zero,94,True,True,True,11.194654704593827,False,False,False,False,,,5.009999999999938,0.0,intermediate,0.5615218737550742,1.3768853723217598,0.02209375225901859,0.0,0.0,0.0
M0,7,zero,95,True,True,True,10.858965838949505,False,False,False,False,,,5.009999999999938,0.0,full,0.6818918618697445,0.7643543624064467,0.01789121460884787,0.0,0.0,0.0
M0,7,zero,96,True,True,True,11.483098209468753,False,False,False,False,,,5.009999999999938,0.0,warmup,0.5053135879878038,1.1841457332405028,0.019967508628679808,0.0,0.0,0.0
M0,7,zero,97,False,True,False,11.251177835403844,False,False,False,False,unstable box motion,timeout,0.3000000000000001,0.0,intermediate,0.5212111576019438,1.2965194086396024,0.026252759252292687,0.0,0.0,0.0
M0,7,zero,98,True,True,True,14.224999763186673,False,False,False,False,,,5.009999999999938,0.0,full,0.3626765151612195,1.1750646730460341,0.018789776779400906,0.0,0.0,0.0
M0,7,zero,99,True,True,True,13.715144922363443,False,False,False,False,,,5.009999999999938,0.0,warmup,0.4854086464968972,1.192907376054963,0.01923333992859854,0.0,0.0,0.0
M0,17,learned,0,True,True,True,13.118871064177947,True,False,False,False,,,5.009999999999938,0.0,warmup,0.5128083197961336,1.1512648415214817,0.012489877587565713,4.474924177691898,0.1602522896218846,1.6466087102890015
M0,17,learned,1,False,True,False,9.993455768755334,True,True,False,True,emergency force,emergency contact force exceeded,0.01,0.0,intermediate,0.5583821710176411,1.2738890168815886,0.4482467847534268,5.196487112324311,0.6345754297971725,1.7011545896530151
M0,17,learned,2,False,True,False,11.455435495447327,True,True,False,True,emergency force,emergency contact force exceeded,0.0,0.0,full,0.42594280942227786,0.9534267532589371,0.19132070667105522,6.374928256656049,0.5795219467745887,1.750001072883606
M0,17,learned,3,False,True,False,13.05125387111839,True,True,False,True,emergency force,emergency contact force exceeded,0.0,0.0,warmup,0.509978780669319,1.1525834806578006,0.01753012226739021,5.035474912604927,0.2693426015168211,1.6715697050094604
M0,17,learned,4,False,True,False,13.449253851997536,True,True,False,True,emergency force,emergency contact force exceeded,0.0,0.0,intermediate,0.5696580900535205,1.2016692008919285,0.013774696973405689,4.449037497678533,0.16665793674284918,1.644478440284729
M0,17,learned,5,False,True,False,13.430657818295636,True,True,False,True,emergency force,emergency contact force exceeded,0.0,0.0,full,0.4265115823194439,1.437154991672124,0.02457357076123773,5.581850593887808,0.31511854345715323,1.6377032995224
M0,17,learned,6,False,True,False,13.223087780456275,True,True,False,True,emergency force,emergency contact force exceeded,0.0,0.0,warmup,0.5075895884587166,1.2407813524535225,0.0635440692942662,5.999501189286655,0.49314314724299413,1.647142767906189
M0,17,learned,7,False,True,False,14.878608349075336,True,True,False,True,emergency force,emergency contact force exceeded,0.0,0.0,intermediate,0.48690102169905397,1.038737655570714,0.035825292442643396,5.635685449906239,0.37198523581860454,1.6488749980926514
M0,17,learned,8,False,True,False,15.245772382238995,True,True,False,True,emergency force,emergency contact force exceeded,0.0,0.0,full,0.505785052514625,1.5431761150884702,0.002261365365246073,6.016066449463259,0.39049336957450237,1.6434054374694824
M0,17,learned,9,False,True,False,13.534800967000526,True,True,False,True,emergency force,emergency contact force exceeded,0.0,0.0,warmup,0.49479990440431754,1.1688952171756082,0.029254225545632066,4.670699092623957,0.18934749496138228,1.6459673643112183
M0,17,learned,10,True,True,True,13.466261892036998,True,False,False,False,,,5.009999999999938,0.0,intermediate,0.5579570453338745,1.2889912019305365,0.013320609798342238,4.501458847641467,0.15742306313147247,1.6439446210861206
M0,17,learned,11,False,True,False,15.110252388681582,True,False,False,False,unstable box motion,timeout,0.060000000000000005,0.0,full,0.637714525300757,1.1834188609198721,0.014306429485814742,4.461758341454027,0.16188857043428082,1.6414811611175537
M0,17,learned,12,False,True,False,13.270536106363114,True,True,False,True,emergency force,emergency contact force exceeded,0.0,0.0,warmup,0.5009263118149376,1.2188247958799947,0.11864555252557904,6.550047344283007,0.5058864070990375,1.6492209434509277
M0,17,learned,13,False,True,False,9.851528744892361,True,True,False,True,emergency force,emergency contact force exceeded,0.01,0.0,intermediate,0.5721493389616075,1.0132527290956106,0.28364116166296427,6.382297779965276,0.5629103654487566,1.8717315196990967
M0,17,learned,14,False,True,False,11.517740836442387,True,True,False,True,emergency force,emergency contact force exceeded,0.0,0.0,full,0.47084174840317594,1.1668854451158555,0.29191877103920344,6.300614835014328,0.6010960533338434,1.7462780475616455
M0,17,learned,15,False,True,False,12.362730551770749,True,True,False,True,emergency force,emergency contact force exceeded,0.0,0.0,warmup,0.48738766261608873,1.2336237205624674,0.09056188378742366,6.095277467398011,0.5010917625859775,1.6442943811416626
M0,17,learned,16,False,True,False,9.528582495210703,True,True,False,True,emergency force,emergency contact force exceeded,0.01,0.0,intermediate,0.44463355547976935,1.2760410585312312,0.26944396113013797,6.0027430308084835,0.5061759801239384,1.8989896774291992
M0,17,learned,17,False,True,False,15.086966183355308,True,True,False,True,emergency force,emergency contact force exceeded,0.0,0.0,full,0.545833674323523,1.1579762526510662,0.07916279241066572,6.9927513280273885,0.4968549089521921,1.6261661052703857
M0,17,learned,18,False,True,False,13.736103892116065,True,True,False,True,emergency force,emergency contact force exceeded,0.0,0.0,warmup,0.49298274539423165,1.2346759141610777,0.019856686918407113,5.816459384553581,0.38263011822160686,1.6467089653015137
M0,17,learned,19,False,True,False,10.582628024796499,True,True,False,True,emergency force,emergency contact force exceeded,0.01,0.0,intermediate,0.4838916734878356,1.3374730526845824,0.2682737651537705,5.383327674268359,0.41244523345477996,1.715416431427002
M0,17,learned,20,True,True,True,13.678484734997767,True,False,False,False,,,5.009999999999938,0.0,full,0.5020057240424289,0.7954649007207342,0.012938154678779328,4.43067754193483,0.16158546154078743,1.6421805620193481
M0,17,learned,21,False,True,False,14.004842545788158,True,True,False,True,emergency force,emergency contact force exceeded,0.0,0.0,warmup,0.4904104543646842,1.1673474497063143,0.08005080740727896,6.0660626777025834,0.4501384972161009,1.6454167366027832
M0,17,learned,22,False,True,False,12.564929777754305,True,True,False,True,emergency force,emergency contact force exceeded,0.0,0.0,intermediate,0.4526350727341898,1.1252112590506311,0.024056553357254692,6.1344046765474385,0.4629069620912725,1.644882321357727
M0,17,learned,23,False,True,False,16.27314121579669,True,True,False,True,emergency force,emergency contact force exceeded,0.0,0.0,full,0.4904961771661215,1.343875645190756,0.03240650840042683,6.040385860010044,0.3936942373538575,1.6204756498336792
M0,17,learned,24,False,True,False,13.528834065810887,True,True,False,True,emergency force,emergency contact force exceeded,0.0,0.0,warmup,0.5109693765412465,1.211283449106051,0.04100083930729454,5.426735897298935,0.34696753608073044,1.6457295417785645
M0,17,learned,25,False,True,False,13.174314800260742,True,True,False,True,emergency force,emergency contact force exceeded,0.0,0.0,intermediate,0.5317344461251952,1.0067531604749642,0.008890312621960153,5.617271196992603,0.3764544152124913,1.645436406135559
M0,17,learned,26,False,True,False,16.748774714321293,True,True,False,True,emergency force,emergency contact force exceeded,0.0,0.0,full,0.5135364956319597,0.9791037239291087,0.13443714249224206,7.197334412176676,0.55217001178101,1.6429423093795776
M0,17,learned,27,False,True,False,13.13914339008405,True,True,False,True,emergency force,emergency contact force exceeded,0.0,0.0,warmup,0.48896578770858773,1.2364416551319382,0.043137740121712516,5.536237101991334,0.35127808226515417,1.6503117084503174
M0,17,learned,28,False,True,False,13.992421286204731,True,True,False,True,emergency force,emergency contact force exceeded,0.0,0.0,intermediate,0.46606083056516756,1.0333475627374389,0.007577647184209069,5.443300960665973,0.335737711263866,1.656402349472046
M0,17,learned,29,False,True,False,13.876386222979813,True,True,False,True,emergency force,emergency contact force exceeded,0.0,0.0,full,0.4781300590747878,1.1076903259488948,0.050452776404934,5.981465187198063,0.39713393826812704,1.6511915922164917
M0,17,learned,30,False,True,False,13.829422477147343,True,True,False,True,emergency force,emergency contact force exceeded,0.0,0.0,warmup,0.500472282046089,1.2042566690466316,0.04349488476353801,5.5341464060970935,0.3567131205421427,1.6530824899673462
M0,17,learned,31,False,True,False,9.304512815202273,True,True,False,True,emergency force,emergency contact force exceeded,0.01,0.0,intermediate,0.42123466907856777,1.253002323925152,0.37083037493356497,5.898132155078032,0.4781812956591822,1.7796550989151
M0,17,learned,32,False,True,False,12.106186684701964,True,True,False,True,emergency force,emergency contact force exceeded,0.0,0.0,full,0.49655863214725254,1.0809459611070078,0.2459331634118814,6.492776904992148,0.616981233343666,1.767161250114441
M0,17,learned,33,False,True,False,13.963608276215869,True,True,False,True,emergency force,emergency contact force exceeded,0.0,0.0,warmup,0.4824355574271533,1.21891463319844,0.1177974505356354,6.4982130478506335,0.5049157501370819,1.6500684022903442
M0,17,learned,34,False,True,False,9.588766466967995,True,True,False,True,emergency force,emergency contact force exceeded,0.02,0.0,intermediate,0.5593516103811621,1.3360529847388807,0.37621239522536565,6.2285513831382255,0.5514358955152919,1.8534992933273315
M0,17,learned,35,False,True,False,15.685803422822996,True,True,False,True,emergency force,emergency contact force exceeded,0.0,0.0,full,0.5821520363062294,0.9352893720189832,0.02368408767956106,4.841663222103519,0.22587919976626333,1.6530530452728271
M0,17,learned,36,False,True,False,14.422430244147979,True,True,False,True,emergency force,emergency contact force exceeded,0.0,0.0,warmup,0.49003588725688896,1.1949944693625023,0.023507498399446748,5.850729396732136,0.39011996258167353,1.654029130935669
M0,17,learned,37,False,True,False,10.414057220027319,True,True,False,True,emergency force,emergency contact force exceeded,0.0,0.0,intermediate,0.47202966125532003,1.0718062194041447,0.2895782571831067,5.9735802098243145,0.6738355710274644,1.7956550121307373
M0,17,learned,38,False,True,False,13.417392354475806,True,True,False,True,emergency force,emergency contact force exceeded,0.0,0.0,full,0.39720311956649396,1.1780777381288443,0.07073389095058123,7.303550057581814,0.551868995773458,1.607096552848816
M0,17,learned,39,False,True,False,13.130494137771077,True,True,False,True,emergency force,emergency contact force exceeded,0.0,0.0,warmup,0.48760734892737573,1.2436457867865334,0.02932172930433854,4.673866758100556,0.19278374491503622,1.6460336446762085
M0,17,learned,40,False,True,False,14.820984923539948,True,True,False,True,emergency force,emergency contact force exceeded,0.0,0.0,intermediate,0.4697590305539757,1.000828031345263,0.016682744409216726,5.5791223459443,0.3527936006203676,1.6493512392044067
M0,17,learned,41,False,True,False,13.1943444358189,True,True,False,True,emergency force,emergency contact force exceeded,0.0,0.0,full,0.5399893072381774,1.543457179043201,0.08886517639913223,5.801582618936609,0.4261812847107649,1.7054229974746704
M0,17,learned,42,False,True,False,13.540426328119793,True,True,False,True,emergency force,emergency contact force exceeded,0.0,0.0,warmup,0.4885757854329753,1.2269349832847654,0.06938580420609357,6.099346991839334,0.4579150666167417,1.6482774019241333
M0,17,learned,43,False,True,False,13.645736456598147,True,True,False,True,emergency force,emergency contact force exceeded,0.0,0.0,intermediate,0.5760872145672483,1.17039712756378,0.017505260288221816,4.478042424926582,0.16583401896942282,1.7243545055389404
M0,17,learned,44,False,True,False,11.250399699965872,True,True,False,True,emergency force,emergency contact force exceeded,0.0,0.0,full,0.38303639555873803,1.338079672902308,0.19528427965993622,6.208491350187824,0.5890304280465908,1.7609719038009644
M0,17,learned,45,False,True,False,12.667424052181293,True,True,False,True,emergency force,emergency contact force exceeded,0.0,0.0,warmup,0.49174394141055583,1.2240044962498438,0.04142225582307184,5.336068321952738,0.34340629831970676,1.6579333543777466
M0,17,learned,46,False,True,False,13.982539398926036,True,True,False,True,emergency force,emergency contact force exceeded,0.0,0.0,intermediate,0.43827127758724876,1.208110249995769,0.04693347824910233,6.140157927389379,0.4931327861830078,1.6644378900527954
M0,17,learned,47,False,True,False,14.659707073975666,True,True,False,True,emergency force,emergency contact force exceeded,0.0,0.0,full,0.6424065509628292,1.102805538886461,0.009795282939160951,5.09305695907333,0.2752574734228978,1.6741867065429688
M0,17,learned,48,False,True,False,12.456061809589038,True,True,False,True,emergency force,emergency contact force exceeded,0.0,0.0,warmup,0.5085148659503609,1.174116055562226,0.026085022748517046,5.001908069910598,0.2660774069527785,1.6684058904647827
M0,17,learned,49,False,True,False,9.636448825483779,True,True,False,True,emergency force,emergency contact force exceeded,0.01,0.0,intermediate,0.45103892656726835,1.2464647082307405,0.2972597288617898,5.754814784856862,0.48140029096097314,1.672330617904663
M0,17,learned,50,False,True,False,12.307595425931975,True,True,False,True,emergency force,emergency contact force exceeded,0.0,0.0,full,0.3726770816353148,1.4920678302689376,0.10940008908399236,6.764912724011724,0.4742185757385464,1.6271873712539673
M0,17,learned,51,False,True,False,12.953854895531489,True,True,False,False,unstable box motion,timeout,4.979999999999938,0.0,warmup,0.5121655145357621,1.2468573748815532,0.01305197809188846,4.4014699754509685,0.15418939725628922,1.660827398300171
M0,17,learned,52,False,True,False,9.560459559716541,True,True,False,True,emergency force,emergency contact force exceeded,0.01,0.0,intermediate,0.5619201427171274,1.0007040595710093,0.5134626087719,5.668103903096504,0.6484634287438347,1.7250349521636963
M0,17,learned,53,False,True,False,12.469142595095231,True,True,False,True,emergency force,emergency contact force exceeded,0.0,0.0,full,0.5243303082272294,0.9612646556452364,0.013459451484357902,4.500319472462058,0.18414736034408694,1.6713745594024658
M0,17,learned,54,False,True,False,14.031229701161402,True,True,False,True,emergency force,emergency contact force exceeded,0.0,0.0,warmup,0.4863359531545361,1.2434969451900522,0.039896207813137345,5.495842046123114,0.3522682015958068,1.6483864784240723
M0,17,learned,55,False,True,False,11.291929641242682,True,False,False,False,unstable box motion,timeout,1.1300000000000008,0.0,intermediate,0.4252483777736942,1.264293204911614,0.01307352868070604,4.504090386714094,0.16024736909994058,1.6959375143051147
M0,17,learned,56,False,True,False,15.868716840217692,True,True,False,True,emergency force,emergency contact force exceeded,0.0,0.0,full,0.5295575228792385,1.4527831122188495,0.0934494178744331,7.3574256063586,0.5622017975364413,1.6083276271820068
M0,17,learned,57,False,True,False,13.596965694808917,True,True,False,True,emergency force,emergency contact force exceeded,0.0,0.0,warmup,0.5141180905828481,1.2082259258941315,0.037461971447119664,5.41267185130142,0.3541020448859884,1.6491326093673706
M0,17,learned,58,False,True,False,14.344967287777664,True,True,False,True,emergency force,emergency contact force exceeded,0.0,0.0,intermediate,0.44073145090136284,1.0827524946051303,0.010954649065546634,5.503853755595289,0.33285704110432596,1.6528570652008057
M0,17,learned,59,False,True,False,12.262256007438356,True,True,False,False,unstable box motion,timeout,0.0,0.0,full,0.5261049150037435,1.2326145627183616,0.0126243457253055,4.338021720002137,0.15342064063463892,1.7160871028900146
M0,17,learned,60,False,True,False,14.975290160532069,True,True,False,True,emergency force,emergency contact force exceeded,0.0,0.0,warmup,0.5030441815117926,1.235296079410372,0.11903575390448895,6.5152025799867985,0.5118506317613302,1.6533269882202148
M0,17,learned,61,False,True,False,9.504697632346621,True,True,False,True,emergency force,emergency contact force exceeded,0.01,0.0,intermediate,0.5389551631654701,1.197412975915647,0.10783408333833709,6.685588517922704,0.6964011361653154,1.8719881772994995
M0,17,learned,62,False,True,False,12.035496815473959,True,True,False,True,emergency force,emergency contact force exceeded,0.0,0.0,full,0.37411391740488836,0.778022602554542,0.07913738732963092,6.140794667102804,0.4588995824447115,1.6391133069992065
M0,17,learned,63,True,True,True,13.814078186083336,True,False,False,False,,,5.009999999999938,0.0,warmup,0.5180958832674765,1.1775949033705304,0.012606585075927516,4.457131029599013,0.1605718924164227,1.6706799268722534
M0,17,learned,64,True,True,True,12.237166453728456,True,False,False,False,,,5.009999999999938,0.0,intermediate,0.4319834064826628,1.2497602045329117,0.012457558897188404,4.412320834770111,0.15599834286357936,1.6741825342178345
M0,17,learned,65,False,False,False,18.152517357318303,True,True,False,True,emergency force,emergency contact force exceeded,0.0,0.0,full,0.46955263519301244,1.3618770382643257,0.1497871724656447,6.7264842820615085,0.5631109070639277,1.7677927017211914
M0,17,learned,66,False,True,False,13.601378642954852,True,True,False,True,emergency force,emergency contact force exceeded,0.0,0.0,warmup,0.5144610774914211,1.2260844704151872,0.09092420189629997,5.943159319460822,0.43667735501115484,1.6509255170822144
M0,17,learned,67,False,True,False,11.601646584262708,True,True,False,True,emergency force,emergency contact force exceeded,0.0,0.0,intermediate,0.4243514781482216,1.2158876925074258,0.038762676051206604,5.490448536121693,0.35831667898603564,1.6450831890106201
M0,17,learned,68,False,True,False,16.842831265894425,True,True,False,True,emergency force,emergency contact force exceeded,0.0,0.0,full,0.41267677704972583,0.8528733183238331,0.15735616414284065,6.578480050971519,0.5795430362224578,1.7707487344741821
M0,17,learned,69,False,True,False,13.728023272590189,True,True,False,True,emergency force,emergency contact force exceeded,0.0,0.0,warmup,0.49438308838503003,1.1989058255816771,0.039592901176259056,5.41508485805551,0.35343819309739355,1.6503492593765259
M0,17,learned,70,False,True,False,13.429187577469676,True,True,False,True,emergency force,emergency contact force exceeded,0.0,0.0,intermediate,0.45607536866522447,1.0072921878164434,0.05075127881973228,6.145424150306752,0.48770488531161577,1.6534191370010376
M0,17,learned,71,False,True,False,12.551030061315178,True,True,False,True,emergency force,emergency contact force exceeded,0.0,0.0,full,0.4890386342296652,1.3446198045538313,0.2570071977651803,6.505893710233675,0.6235161350097185,1.7670081853866577
M0,17,learned,72,True,True,True,13.595827801716869,True,False,False,False,,,5.009999999999938,0.0,warmup,0.5181769401123936,1.2214768875486623,0.010307752109109202,4.4693305663112755,0.15710364274627014,1.6646515130996704
M0,17,learned,73,False,True,False,13.795572735070312,True,True,False,True,emergency force,emergency contact force exceeded,0.0,0.0,intermediate,0.47561330230223386,1.274057400905906,0.038924018463776855,5.555295395379003,0.3644979693120418,1.6560509204864502
M0,17,learned,74,False,True,False,15.879989465118385,True,True,False,True,emergency force,emergency contact force exceeded,0.0,0.0,full,0.6302656463012763,1.2363069994594955,0.04710359968317778,6.722814493329443,0.5218605899204642,1.6062287092208862
M0,17,learned,75,False,True,False,13.430059244337441,True,True,False,True,emergency force,emergency contact force exceeded,0.0,0.0,warmup,0.5128891502103221,1.1693339809485719,0.07485847070382026,5.805190205562454,0.41704515626235883,1.6438286304473877
M0,17,learned,76,False,True,False,14.543872565436544,True,True,False,True,emergency force,emergency contact force exceeded,0.0,0.0,intermediate,0.5029775957233502,1.1173203785729031,0.10211289104344932,6.187764736500017,0.5058733174758675,1.6539617776870728
M0,17,learned,77,False,True,False,13.892546214281744,True,True,False,True,emergency force,emergency contact force exceeded,0.0,0.0,full,0.6217022090206814,1.178149402500111,0.016937959827944483,4.42687885155007,0.16332414302225304,1.6706526279449463
M0,17,learned,78,False,True,False,13.067312535151489,True,True,False,True,emergency force,emergency contact force exceeded,0.0,0.0,warmup,0.48107140492051537,1.2237028225935525,0.04102916731777792,5.4151384186299945,0.3530601612193153,1.645412564277649
M0,17,learned,79,False,True,False,14.756244377890923,True,True,False,True,emergency force,emergency contact force exceeded,0.0,0.0,intermediate,0.5582002597826974,1.2360374228455522,0.024940989481179024,4.933466292133757,0.2752373221484448,1.6542329788208008
M0,17,learned,80,False,True,False,15.89697903235882,True,True,False,True,emergency force,emergency contact force exceeded,0.0,0.0,full,0.5342840136425704,1.0989328427743525,0.062257114839341085,6.976097192424191,0.5054748294464613,1.618162751197815
M0,17,learned,81,False,True,False,13.286091180017657,True,True,False,True,emergency force,emergency contact force exceeded,0.0,0.0,warmup,0.5198020969208147,1.2222703211615975,0.04117161994848407,5.35101719773315,0.34751894305307396,1.6585593223571777
M0,17,learned,82,False,True,False,14.98086612650938,True,True,False,True,emergency force,emergency contact force exceeded,0.0,0.0,intermediate,0.5418115409414938,1.2476588704407745,0.01171519457419025,5.545096612989233,0.3419691917646413,1.6529109477996826
M0,17,learned,83,False,True,False,11.785595134576518,True,True,False,True,emergency force,emergency contact force exceeded,0.0,0.0,full,0.48067514698452624,1.3134212480291771,0.18240138279625698,6.587453541181234,0.563962225842735,1.7330247163772583
M0,17,learned,84,False,True,False,14.359565253939008,True,True,False,True,emergency force,emergency contact force exceeded,0.0,0.0,warmup,0.5182181653316911,1.240184064601315,0.03038300722857783,5.722658719447735,0.39026081052762046,1.652025818824768
M0,17,learned,85,False,True,False,13.420303420657941,True,True,False,True,emergency force,emergency contact force exceeded,0.0,0.0,intermediate,0.4215685252329265,1.096261173554801,0.008373848508771835,4.57761377500317,0.185332868744566,1.6481685638427734
M0,17,learned,86,False,True,False,13.379880039515967,True,True,False,True,emergency force,emergency contact force exceeded,0.0,0.0,full,0.45929631408227567,1.3403272016459777,0.033409252102210935,5.3673693888128815,0.34549285912232874,1.6494554281234741
M0,17,learned,87,False,True,False,13.288479796783625,True,True,False,True,emergency force,emergency contact force exceeded,0.0,0.0,warmup,0.5101437457234121,1.2259015013553074,0.036431022139608964,5.426184480670245,0.35428875120799186,1.645424246788025
M0,17,learned,88,True,True,True,14.316425248651898,True,False,False,False,,,5.009999999999938,0.0,intermediate,0.510237487959977,1.36657991163753,0.01236424249748553,4.500605190176059,0.16075608785910708,1.6548906564712524
M0,17,learned,89,False,True,False,14.572180956022617,True,True,False,True,emergency force,emergency contact force exceeded,0.0,0.0,full,0.670320389540348,1.0790204426581789,0.019084266131817875,5.3033527500519115,0.29390596974127253,1.6539605855941772
M0,17,learned,90,False,True,False,12.63332691127162,True,True,False,True,emergency force,emergency contact force exceeded,0.0,0.0,warmup,0.4871652420600959,1.1732984908471253,0.038090005667187656,5.399043192015847,0.3588293308167012,1.657423496246338
M0,17,learned,91,False,True,False,15.594720757850826,True,True,False,True,emergency force,emergency contact force exceeded,0.0,0.0,intermediate,0.5063899162248642,1.2129222183053707,0.014358722042571494,5.825749811445411,0.38345440856353963,1.646019458770752
M0,17,learned,92,False,True,False,16.346922130022,True,True,False,True,emergency force,emergency contact force exceeded,0.0,0.0,full,0.39331817024535876,1.05629062348945,0.1839024787150248,6.512766635351878,0.5946393958580347,1.7688032388687134
M0,17,learned,93,False,True,False,12.309330467191295,True,True,False,True,emergency force,emergency contact force exceeded,0.0,0.0,warmup,0.4809392138214365,1.1890876549511458,0.0840146463117043,5.722788886140705,0.4149153845063571,1.664169430732727
M0,17,learned,94,True,True,True,13.65944999979352,True,False,False,False,,,5.009999999999938,0.0,intermediate,0.5615218737550742,1.3768853723217598,0.013932305709003877,4.434183274298174,0.1609728272326968,1.7253893613815308
M0,17,learned,95,True,True,True,12.746451017662281,True,False,False,False,,,5.009999999999938,0.0,full,0.6818918618697445,0.7643543624064467,0.01463139649723234,4.472274839976134,0.1512153703065319,1.7280867099761963
M0,17,learned,96,False,True,False,12.977046617924247,True,True,False,True,emergency force,emergency contact force exceeded,0.0,0.0,warmup,0.5053135879878038,1.1841457332405028,0.03764979335886585,5.305628246152294,0.35537819934857856,1.6495287418365479
M0,17,learned,97,False,True,False,11.760388287287295,True,True,False,True,emergency force,emergency contact force exceeded,0.0,0.0,intermediate,0.5212111576019438,1.2965194086396024,0.04095124209038221,5.144832066177246,0.3514768730260824,1.6691445112228394
M0,17,learned,98,True,True,True,10.407051489780512,True,False,False,False,,,5.009999999999938,0.0,full,0.3626765151612195,1.1750646730460341,0.013606542183554586,4.325112857752143,0.14995559100590658,1.7333680391311646
M0,17,learned,99,False,True,False,13.345435079632995,True,True,False,True,emergency force,emergency contact force exceeded,0.0,0.0,warmup,0.4854086464968972,1.192907376054963,0.028580531221365398,4.778595990504923,0.2055838535051175,1.6521672010421753
M0,17,zero,0,True,True,True,11.738354911025425,False,False,False,False,,,5.009999999999938,0.0,warmup,0.5128083197961336,1.1512648415214817,0.020524704885670875,0.0,0.0,0.0
M0,17,zero,1,True,True,True,10.830579550058902,False,False,False,False,,,5.009999999999938,0.0,intermediate,0.5583821710176411,1.2738890168815886,0.021524058705885075,0.0,0.0,0.0
M0,17,zero,2,True,True,True,14.616173209565286,False,False,False,False,,,5.009999999999938,0.0,full,0.42594280942227786,0.9534267532589371,0.01892775203049847,0.0,0.0,0.0
M0,17,zero,3,True,True,True,11.568182226702957,False,False,False,False,,,5.009999999999938,0.0,warmup,0.509978780669319,1.1525834806578006,0.019745057731862987,0.0,0.0,0.0
M0,17,zero,4,True,True,True,12.364718741778496,False,False,False,False,,,5.009999999999938,0.0,intermediate,0.5696580900535205,1.2016692008919285,0.022633081379030535,0.0,0.0,0.0
M0,17,zero,5,True,True,True,13.186414426163863,False,False,False,False,,,5.009999999999938,0.0,full,0.4265115823194439,1.437154991672124,0.01958959302918034,0.0,0.0,0.0
M0,17,zero,6,True,True,True,12.46223287268657,False,False,False,False,,,5.009999999999938,0.0,warmup,0.5075895884587166,1.2407813524535225,0.020192722766563982,0.0,0.0,0.0
M0,17,zero,7,True,True,True,12.261601811426459,False,False,False,False,,,5.009999999999938,0.0,intermediate,0.48690102169905397,1.038737655570714,0.01861121414637554,0.0,0.0,0.0
M0,17,zero,8,True,True,True,14.926811516078901,False,False,False,False,,,5.009999999999938,0.0,full,0.505785052514625,1.5431761150884702,0.020777114905751404,0.0,0.0,0.0
M0,17,zero,9,True,True,True,12.771315230132634,False,False,False,False,,,5.009999999999938,0.0,warmup,0.49479990440431754,1.1688952171756082,0.019264537339446296,0.0,0.0,0.0
M0,17,zero,10,True,True,True,12.521168372504572,False,False,False,False,,,5.009999999999938,0.0,intermediate,0.5579570453338745,1.2889912019305365,0.02131871344685938,0.0,0.0,0.0
M0,17,zero,11,True,True,True,13.487418966169331,False,False,False,False,,,5.009999999999938,0.0,full,0.637714525300757,1.1834188609198721,0.021447244954935992,0.0,0.0,0.0
M0,17,zero,12,True,True,True,11.846786047031546,False,False,False,False,,,5.009999999999938,0.0,warmup,0.5009263118149376,1.2188247958799947,0.01921838984294255,0.0,0.0,0.0
M0,17,zero,13,True,True,True,11.137920408588595,False,False,False,False,,,5.009999999999938,0.0,intermediate,0.5721493389616075,1.0132527290956106,0.020717342775059128,0.0,0.0,0.0
M0,17,zero,14,False,True,False,15.155238321123084,False,False,False,False,unstable box motion,timeout,0.03,0.0,full,0.47084174840317594,1.1668854451158555,0.026557507917864553,0.0,0.0,0.0
M0,17,zero,15,True,True,True,12.399727102133248,False,False,False,False,,,5.009999999999938,0.0,warmup,0.48738766261608873,1.2336237205624674,0.019552985343880152,0.0,0.0,0.0
M0,17,zero,16,True,True,True,10.543584403839262,False,False,False,False,,,5.009999999999938,0.0,intermediate,0.44463355547976935,1.2760410585312312,0.020276664806378623,0.0,0.0,0.0
M0,17,zero,17,True,True,True,15.672199567182052,False,False,False,False,,,5.009999999999938,0.0,full,0.545833674323523,1.1579762526510662,0.017107805017850253,0.0,0.0,0.0
M0,17,zero,18,True,True,True,11.322579746573014,False,False,False,False,,,5.009999999999938,0.0,warmup,0.49298274539423165,1.2346759141610777,0.01925566826692108,0.0,0.0,0.0
M0,17,zero,19,True,True,True,11.155680855521663,False,False,False,False,,,5.009999999999938,0.0,intermediate,0.4838916734878356,1.3374730526845824,0.024876101120294845,0.0,0.0,0.0
M0,17,zero,20,True,True,True,13.026208480181129,False,False,False,False,,,5.009999999999938,0.0,full,0.5020057240424289,0.7954649007207342,0.01789318386298323,0.0,0.0,0.0
M0,17,zero,21,True,True,True,12.683176769608474,False,False,False,False,,,5.009999999999938,0.0,warmup,0.4904104543646842,1.1673474497063143,0.018642198329941247,0.0,0.0,0.0
M0,17,zero,22,True,True,True,10.681627400806933,False,False,False,False,,,5.009999999999938,0.0,intermediate,0.4526350727341898,1.1252112590506311,0.018561166107325437,0.0,0.0,0.0
M0,17,zero,23,True,True,True,16.48203204477007,False,False,False,False,,,5.009999999999938,0.0,full,0.4904961771661215,1.343875645190756,0.019752857920643112,0.0,0.0,0.0
M0,17,zero,24,True,True,True,11.429635162153506,False,False,False,False,,,5.009999999999938,0.0,warmup,0.5109693765412465,1.211283449106051,0.019960664302061885,0.0,0.0,0.0
M0,17,zero,25,True,True,True,11.548916252243453,False,False,False,False,,,5.009999999999938,0.0,intermediate,0.5317344461251952,1.0067531604749642,0.023471311417128774,0.0,0.0,0.0
M0,17,zero,26,True,True,True,13.734417413825255,False,False,False,False,,,5.009999999999938,0.0,full,0.5135364956319597,0.9791037239291087,0.019078146087533176,0.0,0.0,0.0
M0,17,zero,27,True,True,True,13.644535779155124,False,False,False,False,,,5.009999999999938,0.0,warmup,0.48896578770858773,1.2364416551319382,0.019642584295162437,0.0,0.0,0.0
M0,17,zero,28,True,True,True,12.733471125530139,False,False,False,False,,,5.009999999999938,0.0,intermediate,0.46606083056516756,1.0333475627374389,0.018909839435079328,0.0,0.0,0.0
M0,17,zero,29,True,True,True,12.599032010864597,False,False,False,False,,,5.009999999999938,0.0,full,0.4781300590747878,1.1076903259488948,0.017900430311176076,0.0,0.0,0.0
M0,17,zero,30,True,True,True,12.103391048363374,False,False,False,False,,,5.009999999999938,0.0,warmup,0.500472282046089,1.2042566690466316,0.02134140268833359,0.0,0.0,0.0
M0,17,zero,31,True,True,True,9.765438339959955,False,False,False,False,,,5.009999999999938,0.0,intermediate,0.42123466907856777,1.253002323925152,0.02106934490308074,0.0,0.0,0.0
M0,17,zero,32,True,True,True,15.514522121129373,False,False,False,False,,,5.009999999999938,0.0,full,0.49655863214725254,1.0809459611070078,0.020464976506717518,0.0,0.0,0.0
M0,17,zero,33,True,True,True,12.160583709270684,False,False,False,False,,,5.009999999999938,0.0,warmup,0.4824355574271533,1.21891463319844,0.01879245097104759,0.0,0.0,0.0
M0,17,zero,34,True,True,True,12.147443313738606,False,False,False,False,,,5.009999999999938,0.0,intermediate,0.5593516103811621,1.3360529847388807,0.024879432704356705,0.0,0.0,0.0
M0,17,zero,35,True,True,True,13.55928262275364,False,False,False,False,,,5.009999999999938,0.0,full,0.5821520363062294,0.9352893720189832,0.018317930834546144,0.0,0.0,0.0
M0,17,zero,36,True,True,True,13.716412862449031,False,False,False,False,,,5.009999999999938,0.0,warmup,0.49003588725688896,1.1949944693625023,0.01796843022675573,0.0,0.0,0.0
M0,17,zero,37,True,True,True,11.095700036819728,False,False,False,False,,,5.009999999999938,0.0,intermediate,0.47202966125532003,1.0718062194041447,0.018868581266375584,0.0,0.0,0.0
M0,17,zero,38,True,True,True,13.880949274654087,False,False,False,False,,,5.009999999999938,0.0,full,0.39720311956649396,1.1780777381288443,0.019673506655049418,0.0,0.0,0.0
M0,17,zero,39,True,True,True,11.526520114446598,False,False,False,False,,,5.009999999999938,0.0,warmup,0.48760734892737573,1.2436457867865334,0.019385065029217455,0.0,0.0,0.0
M0,17,zero,40,True,True,True,12.061099445506247,False,False,False,False,,,5.009999999999938,0.0,intermediate,0.4697590305539757,1.000828031345263,0.017596014798999617,0.0,0.0,0.0
M0,17,zero,41,True,True,True,11.504657684614092,False,False,False,False,,,5.009999999999938,0.0,full,0.5399893072381774,1.543457179043201,0.02173951781237901,0.0,0.0,0.0
M0,17,zero,42,True,True,True,12.897892983577803,False,False,False,False,,,5.009999999999938,0.0,warmup,0.4885757854329753,1.2269349832847654,0.019759561578133057,0.0,0.0,0.0
M0,17,zero,43,True,True,True,12.537669787151682,False,False,False,False,,,5.009999999999938,0.0,intermediate,0.5760872145672483,1.17039712756378,0.020583550771206962,0.0,0.0,0.0
M0,17,zero,44,False,True,False,15.096611338962546,False,False,False,False,unstable box motion,timeout,4.319999999999952,0.0,full,0.38303639555873803,1.338079672902308,0.024257387971864056,0.0,0.0,0.0
M0,17,zero,45,True,True,True,11.375084214706135,False,False,False,False,,,5.009999999999938,0.0,warmup,0.49174394141055583,1.2240044962498438,0.021107896776920747,0.0,0.0,0.0
M0,17,zero,46,True,True,True,12.188356921533073,False,False,False,False,,,5.009999999999938,0.0,intermediate,0.43827127758724876,1.208110249995769,0.019624434893668836,0.0,0.0,0.0
M0,17,zero,47,True,True,True,12.631155603772365,False,False,False,False,,,5.009999999999938,0.0,full,0.6424065509628292,1.102805538886461,0.02234347624032534,0.0,0.0,0.0
M0,17,zero,48,True,True,True,12.103540904387291,False,False,False,False,,,5.009999999999938,0.0,warmup,0.5085148659503609,1.174116055562226,0.019925626213098395,0.0,0.0,0.0
M0,17,zero,49,False,True,False,10.888682556938575,False,False,False,False,unstable box motion,timeout,4.9199999999999395,0.0,intermediate,0.45103892656726835,1.2464647082307405,0.023403004107901977,0.0,0.0,0.0
M0,17,zero,50,True,True,True,12.871844227990742,False,False,False,False,,,5.009999999999938,0.0,full,0.3726770816353148,1.4920678302689376,0.018474518983907312,0.0,0.0,0.0
M0,17,zero,51,True,True,True,12.593188389920833,False,False,False,False,,,5.009999999999938,0.0,warmup,0.5121655145357621,1.2468573748815532,0.021948901648773615,0.0,0.0,0.0
M0,17,zero,52,True,True,True,11.146518413117931,False,False,False,False,,,5.009999999999938,0.0,intermediate,0.5619201427171274,1.0007040595710093,0.020153368232881087,0.0,0.0,0.0
M0,17,zero,53,False,True,False,10.933532139994828,False,False,False,False,unstable box motion,timeout,0.0,0.0,full,0.5243303082272294,0.9612646556452364,0.02704959192079744,0.0,0.0,0.0
M0,17,zero,54,True,True,True,11.645497721620153,False,False,False,False,,,5.009999999999938,0.0,warmup,0.4863359531545361,1.2434969451900522,0.019740720266721527,0.0,0.0,0.0
M0,17,zero,55,True,True,True,10.372984641335833,False,False,False,False,,,5.009999999999938,0.0,intermediate,0.4252483777736942,1.264293204911614,0.019829078470073987,0.0,0.0,0.0
M0,17,zero,56,True,True,True,15.660273121656271,False,False,False,False,,,5.009999999999938,0.0,full,0.5295575228792385,1.4527831122188495,0.02125027016567552,0.0,0.0,0.0
M0,17,zero,57,True,True,True,11.664993813367882,False,False,False,False,,,5.009999999999938,0.0,warmup,0.5141180905828481,1.2082259258941315,0.020046614578491457,0.0,0.0,0.0
M0,17,zero,58,True,True,True,12.833310439344888,False,False,False,False,,,5.009999999999938,0.0,intermediate,0.44073145090136284,1.0827524946051303,0.017661037809848682,0.0,0.0,0.0
M0,17,zero,59,False,True,False,10.786813377918,False,False,False,False,unstable box motion,timeout,0.0,0.0,full,0.5261049150037435,1.2326145627183616,0.028961401730140612,0.0,0.0,0.0
M0,17,zero,60,True,True,True,14.057405083535322,False,False,False,False,,,5.009999999999938,0.0,warmup,0.5030441815117926,1.235296079410372,0.01947456560739661,0.0,0.0,0.0
M0,17,zero,61,True,True,True,11.722104758643887,False,False,False,False,,,5.009999999999938,0.0,intermediate,0.5389551631654701,1.197412975915647,0.0213238570614697,0.0,0.0,0.0
M0,17,zero,62,True,True,True,10.638377386630937,False,False,False,False,,,5.009999999999938,0.0,full,0.37411391740488836,0.778022602554542,0.01676448897332273,0.0,0.0,0.0
M0,17,zero,63,True,True,True,12.649191696082571,False,False,False,False,,,5.009999999999938,0.0,warmup,0.5180958832674765,1.1775949033705304,0.021361247207560653,0.0,0.0,0.0
M0,17,zero,64,True,True,True,10.973253038263325,False,False,False,False,,,5.009999999999938,0.0,intermediate,0.4319834064826628,1.2497602045329117,0.021161324741186725,0.0,0.0,0.0
M0,17,zero,65,True,True,True,15.340810501620641,False,False,False,False,,,5.009999999999938,0.0,full,0.46955263519301244,1.3618770382643257,0.01980480690814856,0.0,0.0,0.0
M0,17,zero,66,True,True,True,12.677741184117474,False,False,False,False,,,5.009999999999938,0.0,warmup,0.5144610774914211,1.2260844704151872,0.020090461804586887,0.0,0.0,0.0
M0,17,zero,67,True,True,True,11.289540440513754,False,False,False,False,,,5.009999999999938,0.0,intermediate,0.4243514781482216,1.2158876925074258,0.01831588588599263,0.0,0.0,0.0
M0,17,zero,68,True,True,True,15.368647798306753,False,False,False,False,,,5.009999999999938,0.0,full,0.41267677704972583,0.8528733183238331,0.01889109077635428,0.0,0.0,0.0
M0,17,zero,69,True,True,True,13.02834171804609,False,False,False,False,,,5.009999999999938,0.0,warmup,0.49438308838503003,1.1989058255816771,0.02116964247775522,0.0,0.0,0.0
M0,17,zero,70,True,True,True,12.037024274117723,False,False,False,False,,,5.009999999999938,0.0,intermediate,0.45607536866522447,1.0072921878164434,0.0192772741060451,0.0,0.0,0.0
M0,17,zero,71,False,True,False,15.433544709994084,False,False,False,False,unstable box motion,timeout,4.989999999999938,0.0,full,0.4890386342296652,1.3446198045538313,0.022905367738605516,0.0,0.0,0.0
M0,17,zero,72,True,True,True,11.253358843153073,False,False,False,False,,,5.009999999999938,0.0,warmup,0.5181769401123936,1.2214768875486623,0.021342074279822477,0.0,0.0,0.0
M0,17,zero,73,True,True,True,12.704304638292744,False,False,False,False,,,5.009999999999938,0.0,intermediate,0.47561330230223386,1.274057400905906,0.019915115891681334,0.0,0.0,0.0
M0,17,zero,74,False,True,False,16.170052108648875,False,False,False,False,unstable box motion,timeout,0.0,0.0,full,0.6302656463012763,1.2363069994594955,23.177463378213357,0.0,0.0,0.0
M0,17,zero,75,True,True,True,11.439538438209095,False,False,False,False,,,5.009999999999938,0.0,warmup,0.5128891502103221,1.1693339809485719,0.021418575610176786,0.0,0.0,0.0
M0,17,zero,76,True,True,True,13.65858490353449,False,False,False,False,,,5.009999999999938,0.0,intermediate,0.5029775957233502,1.1173203785729031,0.02069733803756278,0.0,0.0,0.0
M0,17,zero,77,True,True,True,12.9885380553889,False,False,False,False,,,5.009999999999938,0.0,full,0.6217022090206814,1.178149402500111,0.02167264268834317,0.0,0.0,0.0
M0,17,zero,78,True,True,True,11.579932007309846,False,False,False,False,,,5.009999999999938,0.0,warmup,0.48107140492051537,1.2237028225935525,0.02093420330393901,0.0,0.0,0.0
M0,17,zero,79,True,True,True,13.327972300868613,False,False,False,False,,,5.009999999999938,0.0,intermediate,0.5582002597826974,1.2360374228455522,0.022487497815232696,0.0,0.0,0.0
M0,17,zero,80,True,True,True,16.79779276338605,False,False,False,False,,,5.009999999999938,0.0,full,0.5342840136425704,1.0989328427743525,0.01937287022145817,0.0,0.0,0.0
M0,17,zero,81,True,True,True,11.702742204433184,False,False,False,False,,,5.009999999999938,0.0,warmup,0.5198020969208147,1.2222703211615975,0.0213072660232238,0.0,0.0,0.0
M0,17,zero,82,True,True,True,12.239620224079825,False,False,False,False,,,5.009999999999938,0.0,intermediate,0.5418115409414938,1.2476588704407745,0.024569543678928565,0.0,0.0,0.0
M0,17,zero,83,True,True,True,11.423128473811131,False,False,False,False,,,5.009999999999938,0.0,full,0.48067514698452624,1.3134212480291771,0.01974474007279419,0.0,0.0,0.0
M0,17,zero,84,True,True,True,13.588868421141397,False,False,False,False,,,5.009999999999938,0.0,warmup,0.5182181653316911,1.240184064601315,0.019831222033441214,0.0,0.0,0.0
M0,17,zero,85,True,True,True,11.356662981263307,False,False,False,False,,,5.009999999999938,0.0,intermediate,0.4215685252329265,1.096261173554801,0.01684891901132032,0.0,0.0,0.0
M0,17,zero,86,True,True,True,12.991816402205323,False,False,False,False,,,5.009999999999938,0.0,full,0.45929631408227567,1.3403272016459777,0.02044558400660955,0.0,0.0,0.0
M0,17,zero,87,True,True,True,12.987130020782711,False,False,False,False,,,5.009999999999938,0.0,warmup,0.5101437457234121,1.2259015013553074,0.020767704750459248,0.0,0.0,0.0
M0,17,zero,88,True,True,True,13.57414980434687,False,False,False,False,,,5.009999999999938,0.0,intermediate,0.510237487959977,1.36657991163753,0.021568404595461662,0.0,0.0,0.0
M0,17,zero,89,True,True,True,13.648355069340372,False,False,False,False,,,5.009999999999938,0.0,full,0.670320389540348,1.0790204426581789,0.020731911146645784,0.0,0.0,0.0
M0,17,zero,90,True,True,True,12.41082013218532,False,False,False,False,,,5.009999999999938,0.0,warmup,0.4871652420600959,1.1732984908471253,0.0192726020695391,0.0,0.0,0.0
M0,17,zero,91,True,True,True,13.973000566125918,False,False,False,False,,,5.009999999999938,0.0,intermediate,0.5063899162248642,1.2129222183053707,0.021088217757763466,0.0,0.0,0.0
M0,17,zero,92,True,True,True,15.406735437934145,False,False,False,False,,,5.009999999999938,0.0,full,0.39331817024535876,1.05629062348945,0.021598286396971207,0.0,0.0,0.0
M0,17,zero,93,True,True,True,12.04264228239495,False,False,False,False,,,5.009999999999938,0.0,warmup,0.4809392138214365,1.1890876549511458,0.019615753589066653,0.0,0.0,0.0
M0,17,zero,94,True,True,True,11.194654704593827,False,False,False,False,,,5.009999999999938,0.0,intermediate,0.5615218737550742,1.3768853723217598,0.02209375225901859,0.0,0.0,0.0
M0,17,zero,95,True,True,True,10.858965838949505,False,False,False,False,,,5.009999999999938,0.0,full,0.6818918618697445,0.7643543624064467,0.01789121460884787,0.0,0.0,0.0
M0,17,zero,96,True,True,True,11.483098209468753,False,False,False,False,,,5.009999999999938,0.0,warmup,0.5053135879878038,1.1841457332405028,0.019967508628679808,0.0,0.0,0.0
M0,17,zero,97,False,True,False,11.251177835403844,False,False,False,False,unstable box motion,timeout,0.3000000000000001,0.0,intermediate,0.5212111576019438,1.2965194086396024,0.026252759252292687,0.0,0.0,0.0
M0,17,zero,98,True,True,True,14.224999763186673,False,False,False,False,,,5.009999999999938,0.0,full,0.3626765151612195,1.1750646730460341,0.018789776779400906,0.0,0.0,0.0
M0,17,zero,99,True,True,True,13.715144922363443,False,False,False,False,,,5.009999999999938,0.0,warmup,0.4854086464968972,1.192907376054963,0.01923333992859854,0.0,0.0,0.0
M0,27,learned,0,False,True,False,5.558267893519445,False,False,False,False,unilateral-contact failure,timeout,0.0,0.0,warmup,0.5128083197961336,1.1512648415214817,64.62760589734219,0.6991031573729547,1.4810123795982717,2.074223279953003
M0,27,learned,1,False,True,False,11.23379931500578,False,False,False,False,unstable box motion,timeout,0.0,0.0,intermediate,0.5583821710176411,1.2738890168815886,10.420407608400373,0.4343220467461106,0.16009048969967157,2.0757603645324707
M0,27,learned,2,True,True,True,8.234555177133167,False,False,False,False,,,5.009999999999938,0.0,full,0.42594280942227786,0.9534267532589371,0.01847536115638787,0.2809479800392696,0.05650762634310193,2.0622878074645996
M0,27,learned,3,False,True,False,10.107563638566237,False,False,False,False,unstable box motion,timeout,0.0,0.0,warmup,0.509978780669319,1.1525834806578006,11.703440708015227,0.45042826378750156,0.19261804117638218,2.0769734382629395
M0,27,learned,4,False,True,False,10.379939705475254,False,False,False,False,unstable box motion,timeout,0.0,0.0,intermediate,0.5696580900535205,1.2016692008919285,51.07180501581154,1.0473881435926866,1.7629557111860985,3.163752317428589
M0,27,learned,5,False,True,False,,False,False,False,False,interception miss,box passed the interception workspace,0.0,0.0,full,0.4265115823194439,1.437154991672124,3.3972209790552865,2.445116546397614,0.6301245667193442,1.996380090713501
M0,27,learned,6,False,True,False,11.337885441322255,False,False,False,False,unstable box motion,timeout,0.0,0.0,warmup,0.5075895884587166,1.2407813524535225,36.56353903291072,0.8394410502536931,1.232587319803923,2.8635923862457275
M0,27,learned,7,False,True,False,,False,False,False,False,interception miss,box passed the interception workspace,0.0,0.0,intermediate,0.48690102169905397,1.038737655570714,3.413956246752711,2.4057375499715805,0.6042436756040543,2.015260934829712
M0,27,learned,8,False,True,False,,False,False,False,False,interception miss,box passed the interception workspace,0.0,0.0,full,0.505785052514625,1.5431761150884702,3.349775356532769,2.4240356614162435,0.61899585232863,2.006380558013916
M0,27,learned,9,False,True,False,,False,False,False,False,interception miss,box passed the interception workspace,0.0,0.0,warmup,0.49479990440431754,1.1688952171756082,3.159715002815104,2.370119801808104,0.5759444240129729,2.0684382915496826
M0,27,learned,10,False,True,False,,False,False,False,False,interception miss,box passed the interception workspace,0.0,0.0,intermediate,0.5579570453338745,1.2889912019305365,3.1417961599394593,2.3325254746237256,0.5571062752599085,2.0743520259857178
M0,27,learned,11,False,True,False,,False,False,False,False,interception miss,box passed the interception workspace,0.0,0.0,full,0.637714525300757,1.1834188609198721,3.4080177180404294,2.4398047154865137,0.6256224295405084,1.9971169233322144
M0,27,learned,12,False,True,False,,False,False,False,False,interception miss,box passed the interception workspace,0.0,0.0,warmup,0.5009263118149376,1.2188247958799947,3.2293673477923908,2.352275862965609,0.5707827695911484,2.064788818359375
M0,27,learned,13,True,True,True,11.007165772961164,False,False,False,False,,,5.009999999999938,0.0,intermediate,0.5721493389616075,1.0132527290956106,0.01831047061506529,0.3054251318248893,0.061728317357855736,2.068521022796631
M0,27,learned,14,False,True,False,9.204996471627037,False,False,False,False,unstable box motion,timeout,4.88999999999994,0.0,full,0.47084174840317594,1.1668854451158555,0.025485663250398558,0.2587102281014942,0.05395852767529764,2.064948081970215
M0,27,learned,15,False,True,False,,False,False,False,False,interception miss,box passed the interception workspace,0.0,0.0,warmup,0.48738766261608873,1.2336237205624674,3.0858947051014205,2.346848469221274,0.5631670393186676,2.075343608856201
M0,27,learned,16,True,True,True,10.46789639899073,False,False,False,False,,,5.009999999999938,0.0,intermediate,0.44463355547976935,1.2760410585312312,0.018551664074626432,0.3052008880372107,0.0655345421313495,2.076018810272217
M0,27,learned,17,False,True,False,,False,False,False,False,interception miss,box passed the interception workspace,0.0,0.0,full,0.545833674323523,1.1579762526510662,3.4675086291754362,2.479404890286587,0.6563351764029043,1.942603588104248
M0,27,learned,18,False,True,False,,False,False,False,False,interception miss,box passed the interception workspace,0.0,0.0,warmup,0.49298274539423165,1.2346759141610777,3.214159446424186,2.356237576744326,0.5731939824031932,2.0633811950683594
M0,27,learned,19,True,True,True,10.348562274026037,False,False,False,False,,,5.009999999999938,0.0,intermediate,0.4838916734878356,1.3374730526845824,0.018481591161114315,0.3007139587777051,0.06467360381180619,2.0723202228546143
M0,27,learned,20,False,True,False,12.547149312061402,False,False,False,False,insufficient grip,timeout,0.0,0.0,full,0.5020057240424289,0.7954649007207342,64.21108207719371,0.7351251142660066,1.4384003501332232,2.074077844619751
M0,27,learned,21,False,True,False,,False,False,False,False,interception miss,box passed the interception workspace,0.0,0.0,warmup,0.4904104543646842,1.1673474497063143,3.1491497281971736,2.3719548299607256,0.5758013845947774,2.068918466567993
M0,27,learned,22,False,True,False,11.593895009311108,False,False,False,False,unilateral-contact failure,timeout,0.0,0.0,intermediate,0.4526350727341898,1.1252112590506311,64.50567004860677,0.7013199392933948,1.5176591228055103,2.0741078853607178
M0,27,learned,23,False,True,False,,False,False,False,False,interception miss,box passed the interception workspace,0.0,0.0,full,0.4904961771661215,1.343875645190756,3.54545841079714,2.4681501703342805,0.6583234601033231,1.935375690460205
M0,27,learned,24,False,True,False,12.560045686011849,False,False,False,False,insufficient grip,timeout,0.0,0.0,warmup,0.5109693765412465,1.211283449106051,63.70708767968327,0.80087955621441,1.2074976873648953,2.07873797416687
M0,27,learned,25,False,True,False,,False,False,False,False,interception miss,box passed the interception workspace,0.0,0.0,intermediate,0.5317344461251952,1.0067531604749642,3.2105808283464086,2.3574440265013297,0.5718654468655586,2.066610097885132
M0,27,learned,26,False,True,False,,False,False,False,False,interception miss,box passed the interception workspace,0.0,0.0,full,0.5135364956319597,0.9791037239291087,3.3586349284984984,2.4246486327120467,0.6193209834293358,2.0110182762145996
M0,27,learned,27,False,True,False,,False,False,False,False,interception miss,box passed the interception workspace,0.0,0.0,warmup,0.48896578770858773,1.2364416551319382,3.108504353973328,2.3807475266326734,0.5801012591760167,2.0681846141815186
M0,27,learned,28,False,True,False,6.542813246139591,False,False,False,False,unilateral-contact failure,timeout,0.0,0.0,intermediate,0.46606083056516756,1.0333475627374389,64.42882796634615,0.6981611128494862,1.5698421027238614,2.110743999481201
M0,27,learned,29,False,True,False,,False,False,False,False,interception miss,box passed the interception workspace,0.0,0.0,full,0.4781300590747878,1.1076903259488948,3.119333171983392,2.3364207342000944,0.5619571341051008,2.070420980453491
M0,27,learned,30,False,True,False,,False,False,False,False,interception miss,box passed the interception workspace,0.0,0.0,warmup,0.500472282046089,1.2042566690466316,3.181743403282352,2.361211465803727,0.5727941868421824,2.065007448196411
M0,27,learned,31,True,True,True,8.930864657918898,False,False,False,False,,,5.009999999999938,0.0,intermediate,0.42123466907856777,1.253002323925152,0.018365792942580287,0.3115746747738192,0.0676337073785857,2.0712685585021973
M0,27,learned,32,False,True,False,9.498564935793711,False,False,False,False,unstable box motion,timeout,4.949999999999939,0.0,full,0.49655863214725254,1.0809459611070078,0.01991287013412667,0.2481201260224533,0.04856139709757242,2.0415923595428467
M0,27,learned,33,False,True,False,,False,False,False,False,interception miss,box passed the interception workspace,0.0,0.0,warmup,0.4824355574271533,1.21891463319844,3.2165047866158063,2.353226414631281,0.5715728824825159,2.0614430904388428
M0,27,learned,34,True,True,True,9.557743618604533,False,False,False,False,,,5.009999999999938,0.0,intermediate,0.5593516103811621,1.3360529847388807,0.018525180490826704,0.30505424079639554,0.06311537732466287,2.0764410495758057
M0,27,learned,35,False,True,False,,False,False,False,False,interception miss,box passed the interception workspace,0.0,0.0,full,0.5821520363062294,0.9352893720189832,3.3043641938640875,2.402161573758091,0.5977440047746813,2.0392990112304688
M0,27,learned,36,False,True,False,,False,False,False,False,interception miss,box passed the interception workspace,0.0,0.0,warmup,0.49003588725688896,1.1949944693625023,3.241947540451301,2.345599936650327,0.5699620440203165,2.0578761100769043
M0,27,learned,37,True,True,True,11.331761496735314,False,False,False,False,,,5.009999999999938,0.0,intermediate,0.47202966125532003,1.0718062194041447,0.01921129289952465,0.31058176809968924,0.06428291983935507,2.073613166809082
M0,27,learned,38,False,True,False,,False,False,False,False,interception miss,box passed the interception workspace,0.0,0.0,full,0.39720311956649396,1.1780777381288443,3.603722568328324,2.4779441284000843,0.6730155103692883,1.8915969133377075
M0,27,learned,39,False,True,False,,False,False,False,False,interception miss,box passed the interception workspace,0.0,0.0,warmup,0.48760734892737573,1.2436457867865334,3.0975140185845977,2.3442690449973904,0.5640415164080503,2.073925495147705
M0,27,learned,40,False,True,False,,False,False,False,False,interception miss,box passed the interception workspace,0.0,0.0,intermediate,0.4697590305539757,1.000828031345263,3.246531793296956,2.3850894807123995,0.5937749806791544,2.0444772243499756
M0,27,learned,41,True,True,True,10.103124196834358,False,False,False,False,,,5.009999999999938,0.0,full,0.5399893072381774,1.543457179043201,0.018796908334024785,0.3037803391253239,0.06141682565845223,2.076827049255371
M0,27,learned,42,False,True,False,,False,False,False,False,interception miss,box passed the interception workspace,0.0,0.0,warmup,0.4885757854329753,1.2269349832847654,3.186886210194484,2.3645654869290893,0.5758949991153635,2.0667455196380615
M0,27,learned,43,True,True,True,10.887778084801843,False,False,False,False,,,5.009999999999938,0.0,intermediate,0.5760872145672483,1.17039712756378,0.017780568854900033,0.29917139112280133,0.058354154176315266,2.0711729526519775
M0,27,learned,44,True,True,True,7.401744434263039,False,False,False,False,,,5.009999999999938,0.0,full,0.38303639555873803,1.338079672902308,0.02504148256284773,0.2598927365225316,0.05578331754840605,2.0519182682037354
M0,27,learned,45,False,True,False,11.368628035077915,False,False,False,False,unstable box motion,timeout,0.0,0.0,warmup,0.49174394141055583,1.2240044962498438,61.48097696664286,0.7957780654149704,1.1371812471582754,2.399725914001465
M0,27,learned,46,False,True,False,9.6574372015127,False,False,False,False,unstable box motion,timeout,0.0,0.0,intermediate,0.43827127758724876,1.208110249995769,23.35068969951532,0.6356873980247345,0.750811153077271,2.7804436683654785
M0,27,learned,47,False,True,False,12.07501145279967,False,False,False,False,unstable box motion,timeout,0.0,0.0,full,0.6424065509628292,1.102805538886461,60.94309088319603,0.8345026000133514,1.2822163741789492,2.796868085861206
M0,27,learned,48,True,True,True,10.158021433877293,False,False,False,False,,,5.009999999999938,0.0,warmup,0.5085148659503609,1.174116055562226,0.01804791143737125,0.3101328639000947,0.0631387308803176,2.0791683197021484
M0,27,learned,49,True,True,True,9.397652546628088,False,False,False,False,,,5.009999999999938,0.0,intermediate,0.45103892656726835,1.2464647082307405,0.01704412910601138,0.2748417311753614,0.05711011415847343,2.080249071121216
M0,27,learned,50,False,True,False,,False,False,False,False,interception miss,box passed the interception workspace,0.0,0.0,full,0.3726770816353148,1.4920678302689376,3.5279710980223173,2.44573566285478,0.6403054482210427,1.9645605087280273
M0,27,learned,51,False,True,False,10.79901379184551,False,False,False,False,unstable box motion,timeout,0.0,0.0,warmup,0.5121655145357621,1.2468573748815532,55.10580916053335,0.8043279556602906,1.4161153470831258,2.7478694915771484
M0,27,learned,52,True,True,True,10.482623415072188,False,False,False,False,,,5.009999999999938,0.0,intermediate,0.5619201427171274,1.0007040595710093,0.019197395241029917,0.3020426578503773,0.06145885661956537,2.073495626449585
M0,27,learned,53,True,True,True,9.686752393766563,False,False,False,False,,,5.009999999999938,0.0,full,0.5243303082272294,0.9612646556452364,0.01644430793279682,0.32397228600550554,0.06890875805393037,2.080620527267456
M0,27,learned,54,False,True,False,,False,False,False,False,interception miss,box passed the interception workspace,0.0,0.0,warmup,0.4863359531545361,1.2434969451900522,3.1599066562394773,2.3687436461716502,0.5752795943720401,2.067862033843994
M0,27,learned,55,True,True,True,9.852198416840443,False,False,False,False,,,5.009999999999938,0.0,intermediate,0.4252483777736942,1.264293204911614,0.016784951242789423,0.30550214139979476,0.06556543460072987,2.079906702041626
M0,27,learned,56,False,True,False,,False,False,False,False,interception miss,box passed the interception workspace,0.0,0.0,full,0.5295575228792385,1.4527831122188495,3.5887231671801363,2.4780917768669495,0.6700883667401382,1.8918356895446777
M0,27,learned,57,False,True,False,,False,False,False,False,interception miss,box passed the interception workspace,0.0,0.0,warmup,0.5141180905828481,1.2082259258941315,3.1731837195876573,2.324750987193127,0.5572319480968451,2.0707530975341797
M0,27,learned,58,False,True,False,,False,False,False,False,interception miss,box passed the interception workspace,0.0,0.0,intermediate,0.44073145090136284,1.0827524946051303,3.292925957648783,2.4023786339711033,0.5998530272446888,2.0324530601501465
M0,27,learned,59,True,True,True,8.593268709493225,False,False,False,False,,,5.009999999999938,0.0,full,0.5261049150037435,1.2326145627183616,0.0190688863822724,0.3030797976009194,0.06382826725338334,2.0777697563171387
M0,27,learned,60,False,True,False,,False,False,False,False,interception miss,box passed the interception workspace,0.0,0.0,warmup,0.5030441815117926,1.235296079410372,3.1690822035023447,2.3631781487761403,0.5772603618763927,2.0594568252563477
M0,27,learned,61,True,True,True,9.719587078749116,False,False,False,False,,,5.009999999999938,0.0,intermediate,0.5389551631654701,1.197412975915647,0.017191712509376664,0.3038704659256857,0.06072700006068523,2.0757205486297607
M0,27,learned,62,False,True,False,,False,False,False,False,interception miss,box passed the interception workspace,0.0,0.0,full,0.37411391740488836,0.778022602554542,3.392945261370783,2.446510361896395,0.6266812853872368,2.006319999694824
M0,27,learned,63,False,True,False,10.846037741880512,False,False,False,False,unstable box motion,timeout,0.0,0.0,warmup,0.5180958832674765,1.1775949033705304,28.908194325654467,0.7233445828679929,0.9478332053246309,2.859529495239258
M0,27,learned,64,True,True,True,9.486606154146454,False,False,False,False,,,5.009999999999938,0.0,intermediate,0.4319834064826628,1.2497602045329117,0.019886689404104957,0.3109462900205695,0.06423964128298508,2.078263521194458
M0,27,learned,65,True,True,True,9.275778713674644,False,False,False,False,,,5.009999999999938,0.0,full,0.46955263519301244,1.3618770382643257,0.019425671346076756,0.2718004580358999,0.05489253516110794,2.0422046184539795
M0,27,learned,66,False,True,False,11.717757073274289,False,False,False,False,unstable box motion,timeout,0.0,0.0,warmup,0.5144610774914211,1.2260844704151872,61.80072331171741,0.7783852180939449,1.0086944964679423,2.078787326812744
M0,27,learned,67,False,True,False,10.357896826214853,False,False,False,False,unstable box motion,timeout,0.0,0.0,intermediate,0.4243514781482216,1.2158876925074258,37.92295471443983,0.7950209073402164,1.2844176180364697,2.9128775596618652
M0,27,learned,68,True,True,True,8.25827652501603,False,False,False,False,,,5.009999999999938,0.0,full,0.41267677704972583,0.8528733183238331,0.017704711671601262,0.26606951506606746,0.05243129765037447,2.0348565578460693
M0,27,learned,69,False,True,False,,False,False,False,False,interception miss,box passed the interception workspace,0.0,0.0,warmup,0.49438308838503003,1.1989058255816771,3.1741773372454998,2.3243932268350513,0.5588873773138376,2.0688891410827637
M0,27,learned,70,False,True,False,10.459877736589716,False,False,False,False,unstable box motion,timeout,0.0,0.0,intermediate,0.45607536866522447,1.0072921878164434,59.448377437047924,1.0205443345746648,1.7859980495433723,2.7262063026428223
M0,27,learned,71,False,True,False,9.131274700523186,False,False,False,False,unstable box motion,timeout,4.739999999999943,0.0,full,0.4890386342296652,1.3446198045538313,0.021483317396729394,0.24712229994818732,0.050954869145560744,2.0428991317749023
M0,27,learned,72,False,True,False,10.854662660563541,False,False,False,False,unstable box motion,timeout,0.0,0.0,warmup,0.5181769401123936,1.2214768875486623,34.02520720217822,0.7505281604143201,1.1244545040795597,2.826399803161621
M0,27,learned,73,False,True,False,,False,False,False,False,interception miss,box passed the interception workspace,0.0,0.0,intermediate,0.47561330230223386,1.274057400905906,3.2433381500441607,2.380132510850248,0.5852372021148248,2.049074411392212
M0,27,learned,74,False,True,False,,False,False,False,False,interception miss,box passed the interception workspace,0.0,0.0,full,0.6302656463012763,1.2363069994594955,3.662826115637696,2.460521950114301,0.66489745186666,1.8775405883789062
M0,27,learned,75,False,True,False,12.437308298968093,False,False,False,False,insufficient grip,timeout,0.0,0.0,warmup,0.5128891502103221,1.1693339809485719,64.38454287003222,0.7780165937027247,1.4444704860151147,2.2609059810638428
M0,27,learned,76,False,True,False,,False,False,False,False,interception miss,box passed the interception workspace,0.0,0.0,intermediate,0.5029775957233502,1.1173203785729031,3.2265932863837503,2.347323189584532,0.5705023991742304,2.055446147918701
M0,27,learned,77,False,True,False,11.04684683644647,False,False,False,False,unstable box motion,timeout,0.0,0.0,full,0.6217022090206814,1.178149402500111,52.00660099312237,0.9745734145789023,1.694962776221468,3.087310314178467
M0,27,learned,78,False,True,False,12.088348633581981,False,False,False,False,unilateral-contact failure,timeout,0.0,0.0,warmup,0.48107140492051537,1.2237028225935525,64.50495285219041,0.7613738618447194,1.4660341607350191,2.2006747722625732
M0,27,learned,79,False,True,False,11.071800053588962,False,False,False,False,insufficient grip,timeout,0.0,0.0,intermediate,0.5582002597826974,1.2360374228455522,61.654444885035076,0.8564587258213635,1.4150116686903804,2.6907711029052734
M0,27,learned,80,False,True,False,,False,False,False,False,interception miss,box passed the interception workspace,0.0,0.0,full,0.5342840136425704,1.0989328427743525,3.53154430480123,2.4707194489460647,0.6610389058850705,1.9295238256454468
M0,27,learned,81,False,True,False,11.645198483128885,False,False,False,False,insufficient grip,timeout,0.0,0.0,warmup,0.5198020969208147,1.2222703211615975,63.82302972367607,0.791134404351485,1.2813078678454206,2.100762128829956
M0,27,learned,82,False,True,False,,False,False,False,False,interception miss,box passed the interception workspace,0.0,0.0,intermediate,0.5418115409414938,1.2476588704407745,3.352691985967351,2.3868282307949324,0.5928489499621921,2.0286970138549805
M0,27,learned,83,True,True,True,9.326181585538288,False,False,False,False,,,5.009999999999938,0.0,full,0.48067514698452624,1.3134212480291771,0.019364523240802203,0.29403355222099914,0.06013267392385751,2.0717921257019043
M0,27,learned,84,False,True,False,6.533649548834598,False,False,False,False,unilateral-contact failure,timeout,0.0,0.0,warmup,0.5182181653316911,1.240184064601315,64.48014567506397,0.6947968515616071,1.5670881477018286,2.0689072608947754
M0,27,learned,85,False,True,False,,False,False,False,False,interception miss,box passed the interception workspace,0.0,0.0,intermediate,0.4215685252329265,1.096261173554801,3.40765977484592,2.378370329186172,0.5905624811524806,2.029183864593506
M0,27,learned,86,False,True,False,,False,False,False,False,interception miss,box passed the interception workspace,0.0,0.0,full,0.45929631408227567,1.3403272016459777,3.160310612797174,2.367846330328794,0.5786889424898486,2.0625622272491455
M0,27,learned,87,False,True,False,12.149225980999397,False,False,False,False,insufficient grip,timeout,0.0,0.0,warmup,0.5101437457234121,1.2259015013553074,63.07545164056498,0.7884441008850722,1.082236248075829,2.123063325881958
M0,27,learned,88,False,True,False,12.925150882290373,False,False,False,False,insufficient grip,timeout,0.0,0.0,intermediate,0.510237487959977,1.36657991163753,63.04174339987824,0.7278811921856821,1.151734117997278,2.065976142883301
M0,27,learned,89,False,True,False,,False,False,False,False,interception miss,box passed the interception workspace,0.0,0.0,full,0.670320389540348,1.0790204426581789,3.221202326385777,2.3854363537029237,0.5854200161594365,2.0512754917144775
M0,27,learned,90,False,True,False,11.211171159153205,False,False,False,False,unstable box motion,timeout,0.0,0.0,warmup,0.4871652420600959,1.1732984908471253,34.32399984909933,0.7291137798876026,1.0514637134997507,2.787400960922241
M0,27,learned,91,False,True,False,,False,False,False,False,interception miss,box passed the interception workspace,0.0,0.0,intermediate,0.5063899162248642,1.2129222183053707,3.3439819312566184,2.3964661714052244,0.5989475974347442,2.035238742828369
M0,27,learned,92,True,True,True,7.573381011795568,False,False,False,False,,,5.009999999999938,0.0,full,0.39331817024535876,1.05629062348945,0.019531635591271204,0.25817873060308283,0.05384927459741011,2.0262441635131836
M0,27,learned,93,False,True,False,10.29893206371807,False,False,False,False,insufficient grip,timeout,0.0,0.0,warmup,0.4809392138214365,1.1890876549511458,62.065820122202034,0.8145596771481526,1.0426636395131106,2.1155617237091064
M0,27,learned,94,True,True,True,10.606705823265735,False,False,False,False,,,5.009999999999938,0.0,intermediate,0.5615218737550742,1.3768853723217598,0.020857323993735157,0.3000663349469207,0.06239153395285845,2.0728039741516113
M0,27,learned,95,True,True,True,9.502772366488811,False,False,False,False,,,5.009999999999938,0.0,full,0.6818918618697445,0.7643543624064467,0.016066264903448074,0.3170499710474619,0.05566749309304185,2.0738842487335205
M0,27,learned,96,False,True,False,12.273141295114279,False,False,False,False,insufficient grip,timeout,0.0,0.0,warmup,0.5053135879878038,1.1841457332405028,63.68454641600429,0.7989452912920203,1.2671581374798968,2.0971786975860596
M0,27,learned,97,True,True,True,9.051308842784936,False,False,False,False,,,5.009999999999938,0.0,intermediate,0.5212111576019438,1.2965194086396024,0.017722372186967997,0.317240597213926,0.06909883616652776,2.0792617797851562
M0,27,learned,98,True,True,True,7.214256460796542,False,False,False,False,,,5.009999999999938,0.0,full,0.3626765151612195,1.1750646730460341,0.017831496983109405,0.2924496559450496,0.062414419200446644,2.0713305473327637
M0,27,learned,99,False,True,False,,False,False,False,False,interception miss,box passed the interception workspace,0.0,0.0,warmup,0.4854086464968972,1.192907376054963,3.1723046476663126,2.363948918698645,0.5777568367944248,2.060912609100342
M0,27,zero,0,True,True,True,11.738354911025425,False,False,False,False,,,5.009999999999938,0.0,warmup,0.5128083197961336,1.1512648415214817,0.020524704885670875,0.0,0.0,0.0
M0,27,zero,1,True,True,True,10.830579550058902,False,False,False,False,,,5.009999999999938,0.0,intermediate,0.5583821710176411,1.2738890168815886,0.021524058705885075,0.0,0.0,0.0
M0,27,zero,2,True,True,True,14.616173209565286,False,False,False,False,,,5.009999999999938,0.0,full,0.42594280942227786,0.9534267532589371,0.01892775203049847,0.0,0.0,0.0
M0,27,zero,3,True,True,True,11.568182226702957,False,False,False,False,,,5.009999999999938,0.0,warmup,0.509978780669319,1.1525834806578006,0.019745057731862987,0.0,0.0,0.0
M0,27,zero,4,True,True,True,12.364718741778496,False,False,False,False,,,5.009999999999938,0.0,intermediate,0.5696580900535205,1.2016692008919285,0.022633081379030535,0.0,0.0,0.0
M0,27,zero,5,True,True,True,13.186414426163863,False,False,False,False,,,5.009999999999938,0.0,full,0.4265115823194439,1.437154991672124,0.01958959302918034,0.0,0.0,0.0
M0,27,zero,6,True,True,True,12.46223287268657,False,False,False,False,,,5.009999999999938,0.0,warmup,0.5075895884587166,1.2407813524535225,0.020192722766563982,0.0,0.0,0.0
M0,27,zero,7,True,True,True,12.261601811426459,False,False,False,False,,,5.009999999999938,0.0,intermediate,0.48690102169905397,1.038737655570714,0.01861121414637554,0.0,0.0,0.0
M0,27,zero,8,True,True,True,14.926811516078901,False,False,False,False,,,5.009999999999938,0.0,full,0.505785052514625,1.5431761150884702,0.020777114905751404,0.0,0.0,0.0
M0,27,zero,9,True,True,True,12.771315230132634,False,False,False,False,,,5.009999999999938,0.0,warmup,0.49479990440431754,1.1688952171756082,0.019264537339446296,0.0,0.0,0.0
M0,27,zero,10,True,True,True,12.521168372504572,False,False,False,False,,,5.009999999999938,0.0,intermediate,0.5579570453338745,1.2889912019305365,0.02131871344685938,0.0,0.0,0.0
M0,27,zero,11,True,True,True,13.487418966169331,False,False,False,False,,,5.009999999999938,0.0,full,0.637714525300757,1.1834188609198721,0.021447244954935992,0.0,0.0,0.0
M0,27,zero,12,True,True,True,11.846786047031546,False,False,False,False,,,5.009999999999938,0.0,warmup,0.5009263118149376,1.2188247958799947,0.01921838984294255,0.0,0.0,0.0
M0,27,zero,13,True,True,True,11.137920408588595,False,False,False,False,,,5.009999999999938,0.0,intermediate,0.5721493389616075,1.0132527290956106,0.020717342775059128,0.0,0.0,0.0
M0,27,zero,14,False,True,False,15.155238321123084,False,False,False,False,unstable box motion,timeout,0.03,0.0,full,0.47084174840317594,1.1668854451158555,0.026557507917864553,0.0,0.0,0.0
M0,27,zero,15,True,True,True,12.399727102133248,False,False,False,False,,,5.009999999999938,0.0,warmup,0.48738766261608873,1.2336237205624674,0.019552985343880152,0.0,0.0,0.0
M0,27,zero,16,True,True,True,10.543584403839262,False,False,False,False,,,5.009999999999938,0.0,intermediate,0.44463355547976935,1.2760410585312312,0.020276664806378623,0.0,0.0,0.0
M0,27,zero,17,True,True,True,15.672199567182052,False,False,False,False,,,5.009999999999938,0.0,full,0.545833674323523,1.1579762526510662,0.017107805017850253,0.0,0.0,0.0
M0,27,zero,18,True,True,True,11.322579746573014,False,False,False,False,,,5.009999999999938,0.0,warmup,0.49298274539423165,1.2346759141610777,0.01925566826692108,0.0,0.0,0.0
M0,27,zero,19,True,True,True,11.155680855521663,False,False,False,False,,,5.009999999999938,0.0,intermediate,0.4838916734878356,1.3374730526845824,0.024876101120294845,0.0,0.0,0.0
M0,27,zero,20,True,True,True,13.026208480181129,False,False,False,False,,,5.009999999999938,0.0,full,0.5020057240424289,0.7954649007207342,0.01789318386298323,0.0,0.0,0.0
M0,27,zero,21,True,True,True,12.683176769608474,False,False,False,False,,,5.009999999999938,0.0,warmup,0.4904104543646842,1.1673474497063143,0.018642198329941247,0.0,0.0,0.0
M0,27,zero,22,True,True,True,10.681627400806933,False,False,False,False,,,5.009999999999938,0.0,intermediate,0.4526350727341898,1.1252112590506311,0.018561166107325437,0.0,0.0,0.0
M0,27,zero,23,True,True,True,16.48203204477007,False,False,False,False,,,5.009999999999938,0.0,full,0.4904961771661215,1.343875645190756,0.019752857920643112,0.0,0.0,0.0
M0,27,zero,24,True,True,True,11.429635162153506,False,False,False,False,,,5.009999999999938,0.0,warmup,0.5109693765412465,1.211283449106051,0.019960664302061885,0.0,0.0,0.0
M0,27,zero,25,True,True,True,11.548916252243453,False,False,False,False,,,5.009999999999938,0.0,intermediate,0.5317344461251952,1.0067531604749642,0.023471311417128774,0.0,0.0,0.0
M0,27,zero,26,True,True,True,13.734417413825255,False,False,False,False,,,5.009999999999938,0.0,full,0.5135364956319597,0.9791037239291087,0.019078146087533176,0.0,0.0,0.0
M0,27,zero,27,True,True,True,13.644535779155124,False,False,False,False,,,5.009999999999938,0.0,warmup,0.48896578770858773,1.2364416551319382,0.019642584295162437,0.0,0.0,0.0
M0,27,zero,28,True,True,True,12.733471125530139,False,False,False,False,,,5.009999999999938,0.0,intermediate,0.46606083056516756,1.0333475627374389,0.018909839435079328,0.0,0.0,0.0
M0,27,zero,29,True,True,True,12.599032010864597,False,False,False,False,,,5.009999999999938,0.0,full,0.4781300590747878,1.1076903259488948,0.017900430311176076,0.0,0.0,0.0
M0,27,zero,30,True,True,True,12.103391048363374,False,False,False,False,,,5.009999999999938,0.0,warmup,0.500472282046089,1.2042566690466316,0.02134140268833359,0.0,0.0,0.0
M0,27,zero,31,True,True,True,9.765438339959955,False,False,False,False,,,5.009999999999938,0.0,intermediate,0.42123466907856777,1.253002323925152,0.02106934490308074,0.0,0.0,0.0
M0,27,zero,32,True,True,True,15.514522121129373,False,False,False,False,,,5.009999999999938,0.0,full,0.49655863214725254,1.0809459611070078,0.020464976506717518,0.0,0.0,0.0
M0,27,zero,33,True,True,True,12.160583709270684,False,False,False,False,,,5.009999999999938,0.0,warmup,0.4824355574271533,1.21891463319844,0.01879245097104759,0.0,0.0,0.0
M0,27,zero,34,True,True,True,12.147443313738606,False,False,False,False,,,5.009999999999938,0.0,intermediate,0.5593516103811621,1.3360529847388807,0.024879432704356705,0.0,0.0,0.0
M0,27,zero,35,True,True,True,13.55928262275364,False,False,False,False,,,5.009999999999938,0.0,full,0.5821520363062294,0.9352893720189832,0.018317930834546144,0.0,0.0,0.0
M0,27,zero,36,True,True,True,13.716412862449031,False,False,False,False,,,5.009999999999938,0.0,warmup,0.49003588725688896,1.1949944693625023,0.01796843022675573,0.0,0.0,0.0
M0,27,zero,37,True,True,True,11.095700036819728,False,False,False,False,,,5.009999999999938,0.0,intermediate,0.47202966125532003,1.0718062194041447,0.018868581266375584,0.0,0.0,0.0
M0,27,zero,38,True,True,True,13.880949274654087,False,False,False,False,,,5.009999999999938,0.0,full,0.39720311956649396,1.1780777381288443,0.019673506655049418,0.0,0.0,0.0
M0,27,zero,39,True,True,True,11.526520114446598,False,False,False,False,,,5.009999999999938,0.0,warmup,0.48760734892737573,1.2436457867865334,0.019385065029217455,0.0,0.0,0.0
M0,27,zero,40,True,True,True,12.061099445506247,False,False,False,False,,,5.009999999999938,0.0,intermediate,0.4697590305539757,1.000828031345263,0.017596014798999617,0.0,0.0,0.0
M0,27,zero,41,True,True,True,11.504657684614092,False,False,False,False,,,5.009999999999938,0.0,full,0.5399893072381774,1.543457179043201,0.02173951781237901,0.0,0.0,0.0
M0,27,zero,42,True,True,True,12.897892983577803,False,False,False,False,,,5.009999999999938,0.0,warmup,0.4885757854329753,1.2269349832847654,0.019759561578133057,0.0,0.0,0.0
M0,27,zero,43,True,True,True,12.537669787151682,False,False,False,False,,,5.009999999999938,0.0,intermediate,0.5760872145672483,1.17039712756378,0.020583550771206962,0.0,0.0,0.0
M0,27,zero,44,False,True,False,15.096611338962546,False,False,False,False,unstable box motion,timeout,4.319999999999952,0.0,full,0.38303639555873803,1.338079672902308,0.024257387971864056,0.0,0.0,0.0
M0,27,zero,45,True,True,True,11.375084214706135,False,False,False,False,,,5.009999999999938,0.0,warmup,0.49174394141055583,1.2240044962498438,0.021107896776920747,0.0,0.0,0.0
M0,27,zero,46,True,True,True,12.188356921533073,False,False,False,False,,,5.009999999999938,0.0,intermediate,0.43827127758724876,1.208110249995769,0.019624434893668836,0.0,0.0,0.0
M0,27,zero,47,True,True,True,12.631155603772365,False,False,False,False,,,5.009999999999938,0.0,full,0.6424065509628292,1.102805538886461,0.02234347624032534,0.0,0.0,0.0
M0,27,zero,48,True,True,True,12.103540904387291,False,False,False,False,,,5.009999999999938,0.0,warmup,0.5085148659503609,1.174116055562226,0.019925626213098395,0.0,0.0,0.0
M0,27,zero,49,False,True,False,10.888682556938575,False,False,False,False,unstable box motion,timeout,4.9199999999999395,0.0,intermediate,0.45103892656726835,1.2464647082307405,0.023403004107901977,0.0,0.0,0.0
M0,27,zero,50,True,True,True,12.871844227990742,False,False,False,False,,,5.009999999999938,0.0,full,0.3726770816353148,1.4920678302689376,0.018474518983907312,0.0,0.0,0.0
M0,27,zero,51,True,True,True,12.593188389920833,False,False,False,False,,,5.009999999999938,0.0,warmup,0.5121655145357621,1.2468573748815532,0.021948901648773615,0.0,0.0,0.0
M0,27,zero,52,True,True,True,11.146518413117931,False,False,False,False,,,5.009999999999938,0.0,intermediate,0.5619201427171274,1.0007040595710093,0.020153368232881087,0.0,0.0,0.0
M0,27,zero,53,False,True,False,10.933532139994828,False,False,False,False,unstable box motion,timeout,0.0,0.0,full,0.5243303082272294,0.9612646556452364,0.02704959192079744,0.0,0.0,0.0
M0,27,zero,54,True,True,True,11.645497721620153,False,False,False,False,,,5.009999999999938,0.0,warmup,0.4863359531545361,1.2434969451900522,0.019740720266721527,0.0,0.0,0.0
M0,27,zero,55,True,True,True,10.372984641335833,False,False,False,False,,,5.009999999999938,0.0,intermediate,0.4252483777736942,1.264293204911614,0.019829078470073987,0.0,0.0,0.0
M0,27,zero,56,True,True,True,15.660273121656271,False,False,False,False,,,5.009999999999938,0.0,full,0.5295575228792385,1.4527831122188495,0.02125027016567552,0.0,0.0,0.0
M0,27,zero,57,True,True,True,11.664993813367882,False,False,False,False,,,5.009999999999938,0.0,warmup,0.5141180905828481,1.2082259258941315,0.020046614578491457,0.0,0.0,0.0
M0,27,zero,58,True,True,True,12.833310439344888,False,False,False,False,,,5.009999999999938,0.0,intermediate,0.44073145090136284,1.0827524946051303,0.017661037809848682,0.0,0.0,0.0
M0,27,zero,59,False,True,False,10.786813377918,False,False,False,False,unstable box motion,timeout,0.0,0.0,full,0.5261049150037435,1.2326145627183616,0.028961401730140612,0.0,0.0,0.0
M0,27,zero,60,True,True,True,14.057405083535322,False,False,False,False,,,5.009999999999938,0.0,warmup,0.5030441815117926,1.235296079410372,0.01947456560739661,0.0,0.0,0.0
M0,27,zero,61,True,True,True,11.722104758643887,False,False,False,False,,,5.009999999999938,0.0,intermediate,0.5389551631654701,1.197412975915647,0.0213238570614697,0.0,0.0,0.0
M0,27,zero,62,True,True,True,10.638377386630937,False,False,False,False,,,5.009999999999938,0.0,full,0.37411391740488836,0.778022602554542,0.01676448897332273,0.0,0.0,0.0
M0,27,zero,63,True,True,True,12.649191696082571,False,False,False,False,,,5.009999999999938,0.0,warmup,0.5180958832674765,1.1775949033705304,0.021361247207560653,0.0,0.0,0.0
M0,27,zero,64,True,True,True,10.973253038263325,False,False,False,False,,,5.009999999999938,0.0,intermediate,0.4319834064826628,1.2497602045329117,0.021161324741186725,0.0,0.0,0.0
M0,27,zero,65,True,True,True,15.340810501620641,False,False,False,False,,,5.009999999999938,0.0,full,0.46955263519301244,1.3618770382643257,0.01980480690814856,0.0,0.0,0.0
M0,27,zero,66,True,True,True,12.677741184117474,False,False,False,False,,,5.009999999999938,0.0,warmup,0.5144610774914211,1.2260844704151872,0.020090461804586887,0.0,0.0,0.0
M0,27,zero,67,True,True,True,11.289540440513754,False,False,False,False,,,5.009999999999938,0.0,intermediate,0.4243514781482216,1.2158876925074258,0.01831588588599263,0.0,0.0,0.0
M0,27,zero,68,True,True,True,15.368647798306753,False,False,False,False,,,5.009999999999938,0.0,full,0.41267677704972583,0.8528733183238331,0.01889109077635428,0.0,0.0,0.0
M0,27,zero,69,True,True,True,13.02834171804609,False,False,False,False,,,5.009999999999938,0.0,warmup,0.49438308838503003,1.1989058255816771,0.02116964247775522,0.0,0.0,0.0
M0,27,zero,70,True,True,True,12.037024274117723,False,False,False,False,,,5.009999999999938,0.0,intermediate,0.45607536866522447,1.0072921878164434,0.0192772741060451,0.0,0.0,0.0
M0,27,zero,71,False,True,False,15.433544709994084,False,False,False,False,unstable box motion,timeout,4.989999999999938,0.0,full,0.4890386342296652,1.3446198045538313,0.022905367738605516,0.0,0.0,0.0
M0,27,zero,72,True,True,True,11.253358843153073,False,False,False,False,,,5.009999999999938,0.0,warmup,0.5181769401123936,1.2214768875486623,0.021342074279822477,0.0,0.0,0.0
M0,27,zero,73,True,True,True,12.704304638292744,False,False,False,False,,,5.009999999999938,0.0,intermediate,0.47561330230223386,1.274057400905906,0.019915115891681334,0.0,0.0,0.0
M0,27,zero,74,False,True,False,16.170052108648875,False,False,False,False,unstable box motion,timeout,0.0,0.0,full,0.6302656463012763,1.2363069994594955,23.177463378213357,0.0,0.0,0.0
M0,27,zero,75,True,True,True,11.439538438209095,False,False,False,False,,,5.009999999999938,0.0,warmup,0.5128891502103221,1.1693339809485719,0.021418575610176786,0.0,0.0,0.0
M0,27,zero,76,True,True,True,13.65858490353449,False,False,False,False,,,5.009999999999938,0.0,intermediate,0.5029775957233502,1.1173203785729031,0.02069733803756278,0.0,0.0,0.0
M0,27,zero,77,True,True,True,12.9885380553889,False,False,False,False,,,5.009999999999938,0.0,full,0.6217022090206814,1.178149402500111,0.02167264268834317,0.0,0.0,0.0
M0,27,zero,78,True,True,True,11.579932007309846,False,False,False,False,,,5.009999999999938,0.0,warmup,0.48107140492051537,1.2237028225935525,0.02093420330393901,0.0,0.0,0.0
M0,27,zero,79,True,True,True,13.327972300868613,False,False,False,False,,,5.009999999999938,0.0,intermediate,0.5582002597826974,1.2360374228455522,0.022487497815232696,0.0,0.0,0.0
M0,27,zero,80,True,True,True,16.79779276338605,False,False,False,False,,,5.009999999999938,0.0,full,0.5342840136425704,1.0989328427743525,0.01937287022145817,0.0,0.0,0.0
M0,27,zero,81,True,True,True,11.702742204433184,False,False,False,False,,,5.009999999999938,0.0,warmup,0.5198020969208147,1.2222703211615975,0.0213072660232238,0.0,0.0,0.0
M0,27,zero,82,True,True,True,12.239620224079825,False,False,False,False,,,5.009999999999938,0.0,intermediate,0.5418115409414938,1.2476588704407745,0.024569543678928565,0.0,0.0,0.0
M0,27,zero,83,True,True,True,11.423128473811131,False,False,False,False,,,5.009999999999938,0.0,full,0.48067514698452624,1.3134212480291771,0.01974474007279419,0.0,0.0,0.0
M0,27,zero,84,True,True,True,13.588868421141397,False,False,False,False,,,5.009999999999938,0.0,warmup,0.5182181653316911,1.240184064601315,0.019831222033441214,0.0,0.0,0.0
M0,27,zero,85,True,True,True,11.356662981263307,False,False,False,False,,,5.009999999999938,0.0,intermediate,0.4215685252329265,1.096261173554801,0.01684891901132032,0.0,0.0,0.0
M0,27,zero,86,True,True,True,12.991816402205323,False,False,False,False,,,5.009999999999938,0.0,full,0.45929631408227567,1.3403272016459777,0.02044558400660955,0.0,0.0,0.0
M0,27,zero,87,True,True,True,12.987130020782711,False,False,False,False,,,5.009999999999938,0.0,warmup,0.5101437457234121,1.2259015013553074,0.020767704750459248,0.0,0.0,0.0
M0,27,zero,88,True,True,True,13.57414980434687,False,False,False,False,,,5.009999999999938,0.0,intermediate,0.510237487959977,1.36657991163753,0.021568404595461662,0.0,0.0,0.0
M0,27,zero,89,True,True,True,13.648355069340372,False,False,False,False,,,5.009999999999938,0.0,full,0.670320389540348,1.0790204426581789,0.020731911146645784,0.0,0.0,0.0
M0,27,zero,90,True,True,True,12.41082013218532,False,False,False,False,,,5.009999999999938,0.0,warmup,0.4871652420600959,1.1732984908471253,0.0192726020695391,0.0,0.0,0.0
M0,27,zero,91,True,True,True,13.973000566125918,False,False,False,False,,,5.009999999999938,0.0,intermediate,0.5063899162248642,1.2129222183053707,0.021088217757763466,0.0,0.0,0.0
M0,27,zero,92,True,True,True,15.406735437934145,False,False,False,False,,,5.009999999999938,0.0,full,0.39331817024535876,1.05629062348945,0.021598286396971207,0.0,0.0,0.0
M0,27,zero,93,True,True,True,12.04264228239495,False,False,False,False,,,5.009999999999938,0.0,warmup,0.4809392138214365,1.1890876549511458,0.019615753589066653,0.0,0.0,0.0
M0,27,zero,94,True,True,True,11.194654704593827,False,False,False,False,,,5.009999999999938,0.0,intermediate,0.5615218737550742,1.3768853723217598,0.02209375225901859,0.0,0.0,0.0
M0,27,zero,95,True,True,True,10.858965838949505,False,False,False,False,,,5.009999999999938,0.0,full,0.6818918618697445,0.7643543624064467,0.01789121460884787,0.0,0.0,0.0
M0,27,zero,96,True,True,True,11.483098209468753,False,False,False,False,,,5.009999999999938,0.0,warmup,0.5053135879878038,1.1841457332405028,0.019967508628679808,0.0,0.0,0.0
M0,27,zero,97,False,True,False,11.251177835403844,False,False,False,False,unstable box motion,timeout,0.3000000000000001,0.0,intermediate,0.5212111576019438,1.2965194086396024,0.026252759252292687,0.0,0.0,0.0
M0,27,zero,98,True,True,True,14.224999763186673,False,False,False,False,,,5.009999999999938,0.0,full,0.3626765151612195,1.1750646730460341,0.018789776779400906,0.0,0.0,0.0
M0,27,zero,99,True,True,True,13.715144922363443,False,False,False,False,,,5.009999999999938,0.0,warmup,0.4854086464968972,1.192907376054963,0.01923333992859854,0.0,0.0,0.0
