episodes 0-19: success_rate=0.700 mean_reward=118.12 mean_actor_loss=0.0124 mean_kl=0.0000 stage=warmup scheduler_success_rate=0.000
episodes 20-39: success_rate=0.600 mean_reward=31.47 mean_actor_loss=0.0123 mean_kl=0.0000 stage=intermediate scheduler_success_rate=0.500
episodes 40-59: success_rate=0.600 mean_reward=32.75 mean_actor_loss=0.0123 mean_kl=0.0000 stage=intermediate scheduler_success_rate=0.000
episodes 60-79: success_rate=0.650 mean_reward=121.77 mean_actor_loss=0.0124 mean_kl=0.0000 stage=warmup scheduler_success_rate=0.500
episodes 80-99: success_rate=0.700 mean_reward=211.01 mean_actor_loss=0.0123 mean_kl=0.0000 stage=intermediate scheduler_success_rate=0.750
episodes 100-119: success_rate=0.650 mean_reward=71.02 mean_actor_loss=0.0124 mean_kl=0.0000 stage=intermediate scheduler_success_rate=0.667
episodes 120-139: success_rate=0.600 mean_reward=29.56 mean_actor_loss=0.0123 mean_kl=0.0000 stage=warmup scheduler_success_rate=0.667
episodes 140-159: success_rate=0.700 mean_reward=302.31 mean_actor_loss=0.0123 mean_kl=0.0000 stage=warmup scheduler_success_rate=1.000
episodes 160-179: success_rate=0.500 mean_reward=-165.65 mean_actor_loss=0.0124 mean_kl=0.0000 stage=warmup scheduler_success_rate=0.500
episodes 180-199: success_rate=0.400 mean_reward=-340.13 mean_actor_loss=0.0124 mean_kl=0.0000 stage=warmup scheduler_success_rate=0.667
episodes 200-219: success_rate=0.600 mean_reward=28.78 mean_actor_loss=0.0123 mean_kl=0.0000 stage=warmup scheduler_success_rate=0.667
episodes 220-239: success_rate=0.700 mean_reward=163.13 mean_actor_loss=0.0123 mean_kl=0.0000 stage=full scheduler_success_rate=0.500
episodes 240-259: success_rate=0.400 mean_reward=-338.10 mean_actor_loss=0.0123 mean_kl=0.0000 stage=warmup scheduler_success_rate=0.333
episodes 260-279: success_rate=0.700 mean_reward=210.03 mean_actor_loss=0.0124 mean_kl=0.0000 stage=warmup scheduler_success_rate=0.500
episodes 280-299: success_rate=0.400 mean_reward=-334.10 mean_actor_loss=0.0124 mean_kl=0.0000 stage=warmup scheduler_success_rate=0.333
episodes 300-319: success_rate=0.750 mean_reward=301.97 mean_actor_loss=0.0124 mean_kl=0.0000 stage=warmup scheduler_success_rate=1.000
episodes 320-339: success_rate=0.550 mean_reward=-60.42 mean_actor_loss=0.0123 mean_kl=0.0000 stage=warmup scheduler_success_rate=0.500
episodes 340-359: success_rate=0.650 mean_reward=110.55 mean_actor_loss=0.0124 mean_kl=0.0000 stage=full scheduler_success_rate=0.333
episodes 360-379: success_rate=0.600 mean_reward=23.06 mean_actor_loss=0.0124 mean_kl=0.0000 stage=warmup scheduler_success_rate=0.667
episodes 380-399: success_rate=0.400 mean_reward=-337.59 mean_actor_loss=0.0123 mean_kl=0.0000 stage=warmup scheduler_success_rate=0.333
episodes 400-419: success_rate=0.550 mean_reward=-63.51 mean_actor_loss=0.0123 mean_kl=0.0000 stage=warmup scheduler_success_rate=0.667
episodes 420-439: success_rate=0.400 mean_reward=-337.70 mean_actor_loss=0.0123 mean_kl=0.0000 stage=warmup scheduler_success_rate=0.500
episodes 440-459: success_rate=0.450 mean_reward=-243.17 mean_actor_loss=0.0123 mean_kl=0.0000 stage=warmup scheduler_success_rate=0.333
episodes 460-479: success_rate=0.550 mean_reward=-62.41 mean_actor_loss=0.0123 mean_kl=0.0000 stage=warmup scheduler_success_rate=0.667
episodes 480-499: success_rate=0.700 mean_reward=209.46 mean_actor_loss=0.0124 mean_kl=0.0000 stage=intermediate scheduler_success_rate=1.000
episodes 500-519: success_rate=0.600 mean_reward=20.00 mean_actor_loss=0.0123 mean_kl=0.0000 stage=intermediate scheduler_success_rate=1.000
episodes 520-539: success_rate=0.200 mean_reward=-706.63 mean_actor_loss=0.0123 mean_kl=0.0000 stage=warmup scheduler_success_rate=0.000
episodes 540-559: success_rate=0.450 mean_reward=-251.85 mean_actor_loss=0.0123 mean_kl=0.0000 stage=intermediate scheduler_success_rate=0.000
episodes 560-579: success_rate=0.450 mean_reward=-254.09 mean_actor_loss=0.0123 mean_kl=0.0000 stage=warmup scheduler_success_rate=0.500
episodes 580-599: success_rate=0.600 mean_reward=27.25 mean_actor_loss=0.0123 mean_kl=0.0000 stage=warmup scheduler_success_rate=0.667
episodes 600-619: success_rate=0.650 mean_reward=121.03 mean_actor_loss=0.0123 mean_kl=0.0000 stage=warmup scheduler_success_rate=0.500
episodes 620-639: success_rate=0.600 mean_reward=29.53 mean_actor_loss=0.0123 mean_kl=0.0000 stage=intermediate scheduler_success_rate=0.750
episodes 640-659: success_rate=0.450 mean_reward=-249.12 mean_actor_loss=0.0124 mean_kl=0.0001 stage=warmup scheduler_success_rate=0.500
episodes 660-679: success_rate=0.700 mean_reward=206.01 mean_actor_loss=0.0124 mean_kl=0.0001 stage=intermediate scheduler_success_rate=0.750
episodes 680-699: success_rate=0.600 mean_reward=20.05 mean_actor_loss=0.0123 mean_kl=0.0000 stage=warmup scheduler_success_rate=0.000
episodes 700-719: success_rate=0.450 mean_reward=-245.50 mean_actor_loss=0.0123 mean_kl=0.0000 stage=intermediate scheduler_success_rate=0.000
episodes 720-739: success_rate=0.600 mean_reward=25.18 mean_actor_loss=0.0123 mean_kl=0.0000 stage=warmup scheduler_success_rate=0.500
episodes 740-759: success_rate=0.550 mean_reward=-60.61 mean_actor_loss=0.0123 mean_kl=0.0000 stage=warmup scheduler_success_rate=0.500
episodes 760-779: success_rate=0.600 mean_reward=30.60 mean_actor_loss=0.0123 mean_kl=0.0000 stage=warmup scheduler_success_rate=0.667
episodes 780-799: success_rate=0.650 mean_reward=123.92 mean_actor_loss=0.0123 mean_kl=0.0000 stage=warmup scheduler_success_rate=0.400
episodes 800-819: success_rate=0.450 mean_reward=-247.37 mean_actor_loss=0.0123 mean_kl=0.0000 stage=warmup scheduler_success_rate=0.333
episodes 820-839: success_rate=0.450 mean_reward=-245.29 mean_actor_loss=0.0123 mean_kl=0.0000 stage=warmup scheduler_success_rate=0.667
episodes 840-859: success_rate=0.400 mean_reward=-339.72 mean_actor_loss=0.0123 mean_kl=0.0001 stage=warmup scheduler_success_rate=0.167
episodes 860-879: success_rate=0.600 mean_reward=26.02 mean_actor_loss=0.0123 mean_kl=0.0000 stage=warmup scheduler_success_rate=0.000
episodes 880-899: success_rate=0.500 mean_reward=-157.05 mean_actor_loss=0.0123 mean_kl=0.0000 stage=warmup scheduler_success_rate=0.667
episodes 900-919: success_rate=0.550 mean_reward=-67.37 mean_actor_loss=0.0123 mean_kl=0.0000 stage=warmup scheduler_success_rate=1.000
episodes 920-939: success_rate=0.750 mean_reward=303.21 mean_actor_loss=0.0124 mean_kl=0.0000 stage=intermediate scheduler_success_rate=1.000
episodes 940-959: success_rate=0.700 mean_reward=266.75 mean_actor_loss=0.0123 mean_kl=0.0000 stage=intermediate scheduler_success_rate=1.000
episodes 960-979: success_rate=0.450 mean_reward=-243.50 mean_actor_loss=0.0124 mean_kl=0.0000 stage=warmup scheduler_success_rate=0.167
episodes 980-999: success_rate=0.600 mean_reward=26.73 mean_actor_loss=0.0124 mean_kl=0.0000 stage=warmup scheduler_success_rate=0.500
episodes 1000-1019: success_rate=0.550 mean_reward=-66.28 mean_actor_loss=0.0123 mean_kl=0.0000 stage=warmup scheduler_success_rate=0.500
episodes 1020-1039: success_rate=0.700 mean_reward=186.72 mean_actor_loss=0.0123 mean_kl=0.0000 stage=intermediate scheduler_success_rate=0.667
episodes 1040-1059: success_rate=0.800 mean_reward=347.61 mean_actor_loss=0.0123 mean_kl=0.0001 stage=intermediate scheduler_success_rate=1.000
episodes 1060-1079: success_rate=0.600 mean_reward=28.31 mean_actor_loss=0.0124 mean_kl=0.0000 stage=intermediate scheduler_success_rate=0.000
episodes 1080-1099: success_rate=0.600 mean_reward=26.84 mean_actor_loss=0.0124 mean_kl=0.0001 stage=intermediate scheduler_success_rate=0.000
episodes 1100-1119: success_rate=0.650 mean_reward=70.72 mean_actor_loss=0.0124 mean_kl=0.0000 stage=warmup scheduler_success_rate=0.333
episodes 1120-1139: success_rate=0.550 mean_reward=-66.54 mean_actor_loss=0.0123 mean_kl=0.0000 stage=intermediate scheduler_success_rate=0.750
episodes 1140-1159: success_rate=0.550 mean_reward=-67.85 mean_actor_loss=0.0123 mean_kl=0.0000 stage=intermediate scheduler_success_rate=0.667
episodes 1160-1179: success_rate=0.550 mean_reward=-64.39 mean_actor_loss=0.0123 mean_kl=0.0000 stage=intermediate scheduler_success_rate=0.000
episodes 1180-1199: success_rate=0.550 mean_reward=-59.97 mean_actor_loss=0.0124 mean_kl=0.0000 stage=warmup scheduler_success_rate=0.500
episodes 1200-1219: success_rate=0.600 mean_reward=33.39 mean_actor_loss=0.0123 mean_kl=0.0000 stage=intermediate scheduler_success_rate=1.000
episodes 1220-1239: success_rate=0.550 mean_reward=-61.83 mean_actor_loss=0.0124 mean_kl=0.0000 stage=warmup scheduler_success_rate=1.000
episodes 1240-1259: success_rate=0.200 mean_reward=-699.17 mean_actor_loss=0.0124 mean_kl=0.0000 stage=warmup scheduler_success_rate=0.333
episodes 1260-1279: success_rate=0.500 mean_reward=-158.53 mean_actor_loss=0.0124 mean_kl=0.0000 stage=warmup scheduler_success_rate=0.000
episodes 1280-1299: success_rate=0.600 mean_reward=28.09 mean_actor_loss=0.0123 mean_kl=0.0000 stage=full scheduler_success_rate=0.000
episodes 1300-1319: success_rate=0.650 mean_reward=120.04 mean_actor_loss=0.0123 mean_kl=0.0000 stage=warmup scheduler_success_rate=0.667
episodes 1320-1339: success_rate=0.550 mean_reward=-65.42 mean_actor_loss=0.0123 mean_kl=0.0000 stage=warmup scheduler_success_rate=0.667
episodes 1340-1359: success_rate=0.650 mean_reward=117.05 mean_actor_loss=0.0123 mean_kl=0.0000 stage=full scheduler_success_rate=1.000
episodes 1360-1379: success_rate=0.700 mean_reward=257.72 mean_actor_loss=0.0123 mean_kl=0.0000 stage=full scheduler_success_rate=0.000
episodes 1380-1399: success_rate=0.700 mean_reward=118.22 mean_actor_loss=0.0124 mean_kl=0.0000 stage=intermediate scheduler_success_rate=0.750
episodes 1400-1419: success_rate=0.650 mean_reward=73.67 mean_actor_loss=0.0123 mean_kl=0.0001 stage=warmup scheduler_success_rate=0.000
episodes 1420-1439: success_rate=0.500 mean_reward=-156.81 mean_actor_loss=0.0123 mean_kl=0.0000 stage=warmup scheduler_success_rate=0.333
episodes 1440-1459: success_rate=0.750 mean_reward=303.51 mean_actor_loss=0.0123 mean_kl=0.0000 stage=intermediate scheduler_success_rate=0.667
episodes 1460-1479: success_rate=0.500 mean_reward=-160.85 mean_actor_loss=0.0123 mean_kl=0.0000 stage=intermediate scheduler_success_rate=0.500
episodes 1480-1499: success_rate=0.600 mean_reward=-21.42 mean_actor_loss=0.0123 mean_kl=0.0000 stage=intermediate scheduler_success_rate=0.000
episodes 1500-1519: success_rate=0.400 mean_reward=-342.55 mean_actor_loss=0.0124 mean_kl=0.0000 stage=warmup scheduler_success_rate=0.500
episodes 1520-1539: success_rate=0.500 mean_reward=-150.50 mean_actor_loss=0.0123 mean_kl=0.0000 stage=warmup scheduler_success_rate=0.500
episodes 1540-1559: success_rate=0.650 mean_reward=68.67 mean_actor_loss=0.0124 mean_kl=0.0000 stage=intermediate scheduler_success_rate=1.000
episodes 1560-1579: success_rate=0.700 mean_reward=122.10 mean_actor_loss=0.0125 mean_kl=0.0000 stage=full scheduler_success_rate=0.000
episodes 1580-1599: success_rate=0.450 mean_reward=-195.09 mean_actor_loss=0.0124 mean_kl=0.0000 stage=warmup scheduler_success_rate=0.000
episodes 1600-1619: success_rate=0.500 mean_reward=-156.85 mean_actor_loss=0.0123 mean_kl=0.0000 stage=warmup scheduler_success_rate=0.667
episodes 1620-1639: success_rate=0.400 mean_reward=-339.61 mean_actor_loss=0.0124 mean_kl=0.0000 stage=warmup scheduler_success_rate=0.333
episodes 1640-1659: success_rate=0.400 mean_reward=-338.79 mean_actor_loss=0.0123 mean_kl=0.0000 stage=warmup scheduler_success_rate=0.500
episodes 1660-1679: success_rate=0.550 mean_reward=-61.74 mean_actor_loss=0.0123 mean_kl=0.0000 stage=warmup scheduler_success_rate=0.333
episodes 1680-1699: success_rate=0.450 mean_reward=-246.50 mean_actor_loss=0.0123 mean_kl=0.0000 stage=intermediate scheduler_success_rate=0.667
episodes 1700-1719: success_rate=0.500 mean_reward=-196.92 mean_actor_loss=0.0123 mean_kl=0.0000 stage=warmup scheduler_success_rate=0.667
episodes 1720-1739: success_rate=0.300 mean_reward=-526.30 mean_actor_loss=0.0124 mean_kl=0.0000 stage=warmup scheduler_success_rate=0.000
episodes 1740-1759: success_rate=0.600 mean_reward=25.60 mean_actor_loss=0.0123 mean_kl=0.0000 stage=intermediate scheduler_success_rate=0.000
episodes 1760-1779: success_rate=0.500 mean_reward=-161.02 mean_actor_loss=0.0123 mean_kl=0.0000 stage=intermediate scheduler_success_rate=0.500
episodes 1780-1799: success_rate=0.750 mean_reward=257.32 mean_actor_loss=0.0123 mean_kl=0.0000 stage=intermediate scheduler_success_rate=0.667
episodes 1800-1819: success_rate=0.550 mean_reward=-63.52 mean_actor_loss=0.0124 mean_kl=0.0000 stage=intermediate scheduler_success_rate=0.500
episodes 1820-1839: success_rate=0.700 mean_reward=122.88 mean_actor_loss=0.0124 mean_kl=0.0000 stage=intermediate scheduler_success_rate=1.000
episodes 1840-1859: success_rate=0.600 mean_reward=28.30 mean_actor_loss=0.0123 mean_kl=0.0000 stage=intermediate scheduler_success_rate=1.000
episodes 1860-1879: success_rate=0.650 mean_reward=119.41 mean_actor_loss=0.0123 mean_kl=0.0000 stage=warmup scheduler_success_rate=1.000
episodes 1880-1899: success_rate=0.650 mean_reward=73.39 mean_actor_loss=0.0124 mean_kl=0.0000 stage=warmup scheduler_success_rate=0.667
episodes 1900-1919: success_rate=0.450 mean_reward=-248.89 mean_actor_loss=0.0123 mean_kl=0.0000 stage=warmup scheduler_success_rate=0.400
episodes 1920-1939: success_rate=0.700 mean_reward=440.91 mean_actor_loss=0.0123 mean_kl=0.0000 stage=full scheduler_success_rate=0.500
episodes 1940-1959: success_rate=0.650 mean_reward=81.37 mean_actor_loss=0.0124 mean_kl=0.0001 stage=warmup scheduler_success_rate=1.000
episodes 1960-1979: success_rate=0.650 mean_reward=118.16 mean_actor_loss=0.0123 mean_kl=0.0001 stage=intermediate scheduler_success_rate=1.000
episodes 1980-1999: success_rate=0.750 mean_reward=300.92 mean_actor_loss=0.0123 mean_kl=0.0000 stage=intermediate scheduler_success_rate=1.000
episodes 2000-2019: success_rate=0.800 mean_reward=398.17 mean_actor_loss=0.0124 mean_kl=0.0001 stage=warmup scheduler_success_rate=1.000
episodes 2020-2039: success_rate=0.550 mean_reward=-67.16 mean_actor_loss=0.0124 mean_kl=0.0000 stage=warmup scheduler_success_rate=0.250
episodes 2040-2059: success_rate=0.650 mean_reward=121.45 mean_actor_loss=0.0123 mean_kl=0.0000 stage=warmup scheduler_success_rate=0.667
episodes 2060-2079: success_rate=0.850 mean_reward=437.91 mean_actor_loss=0.0123 mean_kl=0.0001 stage=full scheduler_success_rate=0.000
episodes 2080-2099: success_rate=0.550 mean_reward=-14.37 mean_actor_loss=0.0124 mean_kl=0.0001 stage=warmup scheduler_success_rate=0.667
episodes 2100-2119: success_rate=0.650 mean_reward=116.18 mean_actor_loss=0.0124 mean_kl=0.0000 stage=warmup scheduler_success_rate=0.667
episodes 2120-2139: success_rate=0.400 mean_reward=-342.86 mean_actor_loss=0.0123 mean_kl=0.0000 stage=warmup scheduler_success_rate=0.500
episodes 2140-2159: success_rate=0.550 mean_reward=-66.17 mean_actor_loss=0.0123 mean_kl=0.0000 stage=warmup scheduler_success_rate=0.000
episodes 2160-2179: success_rate=0.500 mean_reward=-154.41 mean_actor_loss=0.0124 mean_kl=0.0000 stage=intermediate scheduler_success_rate=0.000
episodes 2180-2199: success_rate=0.800 mean_reward=394.88 mean_actor_loss=0.0123 mean_kl=0.0000 stage=intermediate scheduler_success_rate=0.000
episodes 2200-2219: success_rate=0.550 mean_reward=-67.22 mean_actor_loss=0.0123 mean_kl=0.0000 stage=warmup scheduler_success_rate=0.667
episodes 2220-2239: success_rate=0.750 mean_reward=303.79 mean_actor_loss=0.0123 mean_kl=0.0001 stage=intermediate scheduler_success_rate=1.000
episodes 2240-2259: success_rate=0.500 mean_reward=-155.59 mean_actor_loss=0.0123 mean_kl=0.0000 stage=warmup scheduler_success_rate=0.333
episodes 2260-2279: success_rate=0.600 mean_reward=29.08 mean_actor_loss=0.0124 mean_kl=0.0000 stage=warmup scheduler_success_rate=0.667
episodes 2280-2299: success_rate=0.550 mean_reward=-63.72 mean_actor_loss=0.0124 mean_kl=0.0000 stage=warmup scheduler_success_rate=0.500
episodes 2300-2319: success_rate=0.650 mean_reward=115.04 mean_actor_loss=0.0124 mean_kl=0.0000 stage=full scheduler_success_rate=0.333
episodes 2320-2339: success_rate=0.700 mean_reward=221.09 mean_actor_loss=0.0124 mean_kl=0.0000 stage=full scheduler_success_rate=1.000
episodes 2340-2359: success_rate=0.750 mean_reward=302.82 mean_actor_loss=0.0124 mean_kl=0.0000 stage=intermediate scheduler_success_rate=0.000
episodes 2360-2379: success_rate=0.500 mean_reward=-159.67 mean_actor_loss=0.0123 mean_kl=0.0000 stage=warmup scheduler_success_rate=0.000
episodes 2380-2399: success_rate=0.500 mean_reward=-153.81 mean_actor_loss=0.0123 mean_kl=0.0000 stage=warmup scheduler_success_rate=0.500
episodes 2400-2419: success_rate=0.600 mean_reward=29.03 mean_actor_loss=0.0124 mean_kl=0.0000 stage=warmup scheduler_success_rate=0.667
episodes 2420-2439: success_rate=0.600 mean_reward=25.14 mean_actor_loss=0.0124 mean_kl=0.0000 stage=warmup scheduler_success_rate=0.600
episodes 2440-2459: success_rate=0.650 mean_reward=121.06 mean_actor_loss=0.0124 mean_kl=0.0000 stage=intermediate scheduler_success_rate=0.500
episodes 2460-2479: success_rate=0.550 mean_reward=-62.40 mean_actor_loss=0.0123 mean_kl=0.0000 stage=warmup scheduler_success_rate=0.333
episodes 2480-2499: success_rate=0.450 mean_reward=-243.73 mean_actor_loss=0.0123 mean_kl=0.0000 stage=warmup scheduler_success_rate=0.167
episodes 2500-2519: success_rate=0.650 mean_reward=119.37 mean_actor_loss=0.0123 mean_kl=0.0000 stage=warmup scheduler_success_rate=0.750
episodes 2520-2539: success_rate=0.500 mean_reward=-153.68 mean_actor_loss=0.0124 mean_kl=0.0000 stage=warmup scheduler_success_rate=0.500
episodes 2540-2559: success_rate=0.500 mean_reward=-104.35 mean_actor_loss=0.0123 mean_kl=0.0001 stage=warmup scheduler_success_rate=0.000
episodes 2560-2579: success_rate=0.650 mean_reward=118.47 mean_actor_loss=0.0123 mean_kl=0.0001 stage=warmup scheduler_success_rate=0.667
episodes 2580-2599: success_rate=0.500 mean_reward=-154.21 mean_actor_loss=0.0123 mean_kl=0.0000 stage=intermediate scheduler_success_rate=0.500
episodes 2600-2619: success_rate=0.650 mean_reward=120.14 mean_actor_loss=0.0123 mean_kl=0.0000 stage=intermediate scheduler_success_rate=0.750
episodes 2620-2639: success_rate=0.450 mean_reward=-246.97 mean_actor_loss=0.0123 mean_kl=0.0000 stage=warmup scheduler_success_rate=0.333
episodes 2640-2659: success_rate=0.550 mean_reward=-63.48 mean_actor_loss=0.0123 mean_kl=0.0001 stage=intermediate scheduler_success_rate=0.500
episodes 2660-2679: success_rate=0.500 mean_reward=-157.52 mean_actor_loss=0.0123 mean_kl=0.0000 stage=warmup scheduler_success_rate=0.167
episodes 2680-2699: success_rate=0.350 mean_reward=-431.51 mean_actor_loss=0.0123 mean_kl=0.0000 stage=warmup scheduler_success_rate=0.667
episodes 2700-2719: success_rate=0.400 mean_reward=-336.36 mean_actor_loss=0.0124 mean_kl=0.0000 stage=warmup scheduler_success_rate=0.667
episodes 2720-2739: success_rate=0.700 mean_reward=212.45 mean_actor_loss=0.0124 mean_kl=0.0000 stage=warmup scheduler_success_rate=1.000
episodes 2740-2759: success_rate=0.650 mean_reward=122.42 mean_actor_loss=0.0123 mean_kl=0.0000 stage=warmup scheduler_success_rate=0.667
episodes 2760-2779: success_rate=0.700 mean_reward=164.75 mean_actor_loss=0.0124 mean_kl=0.0000 stage=warmup scheduler_success_rate=0.500
episodes 2780-2799: success_rate=0.800 mean_reward=323.50 mean_actor_loss=0.0124 mean_kl=0.0000 stage=intermediate scheduler_success_rate=1.000
episodes 2800-2819: success_rate=0.550 mean_reward=-112.38 mean_actor_loss=0.0124 mean_kl=0.0000 stage=intermediate scheduler_success_rate=0.600
episodes 2820-2839: success_rate=0.600 mean_reward=27.45 mean_actor_loss=0.0124 mean_kl=0.0000 stage=warmup scheduler_success_rate=0.667
episodes 2840-2859: success_rate=0.350 mean_reward=-430.99 mean_actor_loss=0.0123 mean_kl=0.0000 stage=warmup scheduler_success_rate=0.500
episodes 2860-2879: success_rate=0.550 mean_reward=-76.14 mean_actor_loss=0.0123 mean_kl=0.0000 stage=warmup scheduler_success_rate=0.000
episodes 2880-2899: success_rate=0.500 mean_reward=-156.38 mean_actor_loss=0.0123 mean_kl=0.0000 stage=warmup scheduler_success_rate=0.500
episodes 2900-2919: success_rate=0.650 mean_reward=119.80 mean_actor_loss=0.0123 mean_kl=0.0000 stage=intermediate scheduler_success_rate=1.000
episodes 2920-2939: success_rate=0.350 mean_reward=-433.79 mean_actor_loss=0.0123 mean_kl=0.0000 stage=warmup scheduler_success_rate=0.167
episodes 2940-2959: success_rate=0.600 mean_reward=31.84 mean_actor_loss=0.0123 mean_kl=0.0000 stage=intermediate scheduler_success_rate=0.667
episodes 2960-2979: success_rate=0.500 mean_reward=-154.97 mean_actor_loss=0.0123 mean_kl=0.0000 stage=warmup scheduler_success_rate=0.333
episodes 2980-2999: success_rate=0.650 mean_reward=120.11 mean_actor_loss=0.0123 mean_kl=0.0000 stage=warmup scheduler_success_rate=0.500
episodes 3000-3019: success_rate=0.800 mean_reward=390.66 mean_actor_loss=0.0124 mean_kl=0.0001 stage=intermediate scheduler_success_rate=0.750
episodes 3020-3039: success_rate=0.650 mean_reward=114.35 mean_actor_loss=0.0123 mean_kl=0.0000 stage=intermediate scheduler_success_rate=1.000
episodes 3040-3059: success_rate=0.800 mean_reward=394.97 mean_actor_loss=0.0123 mean_kl=0.0000 stage=intermediate scheduler_success_rate=0.667
episodes 3060-3079: success_rate=0.700 mean_reward=159.91 mean_actor_loss=0.0124 mean_kl=0.0000 stage=warmup scheduler_success_rate=0.000
episodes 3080-3099: success_rate=0.600 mean_reward=26.69 mean_actor_loss=0.0123 mean_kl=0.0000 stage=intermediate scheduler_success_rate=1.000
episodes 3100-3119: success_rate=0.500 mean_reward=-157.20 mean_actor_loss=0.0124 mean_kl=0.0000 stage=warmup scheduler_success_rate=0.167
episodes 3120-3139: success_rate=0.600 mean_reward=-21.08 mean_actor_loss=0.0124 mean_kl=0.0000 stage=intermediate scheduler_success_rate=0.667
episodes 3140-3159: success_rate=0.550 mean_reward=-68.15 mean_actor_loss=0.0123 mean_kl=0.0000 stage=warmup scheduler_success_rate=0.000
episodes 3160-3179: success_rate=0.700 mean_reward=212.41 mean_actor_loss=0.0123 mean_kl=0.0000 stage=intermediate scheduler_success_rate=0.000
episodes 3180-3199: success_rate=0.650 mean_reward=121.32 mean_actor_loss=0.0123 mean_kl=0.0000 stage=warmup scheduler_success_rate=0.000
episodes 3200-3219: success_rate=0.750 mean_reward=299.82 mean_actor_loss=0.0123 mean_kl=0.0001 stage=full scheduler_success_rate=1.000
episodes 3220-3239: success_rate=0.600 mean_reward=33.22 mean_actor_loss=0.0123 mean_kl=0.0000 stage=warmup scheduler_success_rate=0.667
episodes 3240-3259: success_rate=0.700 mean_reward=212.53 mean_actor_loss=0.0123 mean_kl=0.0000 stage=warmup scheduler_success_rate=0.333
episodes 3260-3279: success_rate=0.500 mean_reward=-156.36 mean_actor_loss=0.0123 mean_kl=0.0000 stage=warmup scheduler_success_rate=0.333
episodes 3280-3299: success_rate=0.650 mean_reward=113.77 mean_actor_loss=0.0124 mean_kl=0.0000 stage=intermediate scheduler_success_rate=0.000
episodes 3300-3319: success_rate=0.400 mean_reward=-336.00 mean_actor_loss=0.0124 mean_kl=0.0000 stage=warmup scheduler_success_rate=0.333
episodes 3320-3339: success_rate=0.550 mean_reward=-65.93 mean_actor_loss=0.0123 mean_kl=0.0000 stage=warmup scheduler_success_rate=0.500
episodes 3340-3359: success_rate=0.450 mean_reward=-249.99 mean_actor_loss=0.0123 mean_kl=0.0000 stage=warmup scheduler_success_rate=0.500
episodes 3360-3379: success_rate=0.450 mean_reward=-248.79 mean_actor_loss=0.0124 mean_kl=0.0000 stage=warmup scheduler_success_rate=0.167
episodes 3380-3399: success_rate=0.700 mean_reward=214.63 mean_actor_loss=0.0124 mean_kl=0.0000 stage=full scheduler_success_rate=0.333
episodes 3400-3419: success_rate=0.700 mean_reward=208.81 mean_actor_loss=0.0123 mean_kl=0.0000 stage=warmup scheduler_success_rate=0.000
episodes 3420-3439: success_rate=0.500 mean_reward=-155.05 mean_actor_loss=0.0123 mean_kl=0.0000 stage=warmup scheduler_success_rate=0.667
episodes 3440-3459: success_rate=0.600 mean_reward=25.51 mean_actor_loss=0.0124 mean_kl=0.0000 stage=intermediate scheduler_success_rate=0.750
episodes 3460-3479: success_rate=0.500 mean_reward=-155.14 mean_actor_loss=0.0123 mean_kl=0.0000 stage=warmup scheduler_success_rate=0.333
episodes 3480-3499: success_rate=0.500 mean_reward=-153.64 mean_actor_loss=0.0123 mean_kl=0.0000 stage=warmup scheduler_success_rate=0.333
episodes 3500-3519: success_rate=0.650 mean_reward=118.54 mean_actor_loss=0.0124 mean_kl=0.0000 stage=intermediate scheduler_success_rate=0.667
episodes 3520-3539: success_rate=0.650 mean_reward=44.44 mean_actor_loss=0.0124 mean_kl=0.0000 stage=intermediate scheduler_success_rate=1.000
episodes 3540-3559: success_rate=0.550 mean_reward=-63.75 mean_actor_loss=0.0123 mean_kl=0.0001 stage=warmup scheduler_success_rate=1.000
episodes 3560-3579: success_rate=0.900 mean_reward=633.46 mean_actor_loss=0.0123 mean_kl=0.0000 stage=full scheduler_success_rate=0.833
episodes 3580-3599: success_rate=0.550 mean_reward=-110.82 mean_actor_loss=0.0124 mean_kl=0.0000 stage=warmup scheduler_success_rate=0.000
episodes 3600-3619: success_rate=0.450 mean_reward=-245.61 mean_actor_loss=0.0124 mean_kl=0.0000 stage=warmup scheduler_success_rate=0.667
episodes 3620-3639: success_rate=0.600 mean_reward=-21.74 mean_actor_loss=0.0123 mean_kl=0.0000 stage=warmup scheduler_success_rate=0.667
episodes 3640-3659: success_rate=0.600 mean_reward=25.40 mean_actor_loss=0.0123 mean_kl=0.0000 stage=warmup scheduler_success_rate=0.667
episodes 3660-3679: success_rate=0.800 mean_reward=398.29 mean_actor_loss=0.0123 mean_kl=0.0000 stage=warmup scheduler_success_rate=1.000
episodes 3680-3699: success_rate=0.600 mean_reward=19.61 mean_actor_loss=0.0123 mean_kl=0.0000 stage=intermediate scheduler_success_rate=0.000
episodes 3700-3719: success_rate=0.650 mean_reward=115.23 mean_actor_loss=0.0124 mean_kl=0.0000 stage=warmup scheduler_success_rate=0.500
episodes 3720-3739: success_rate=0.550 mean_reward=-63.78 mean_actor_loss=0.0123 mean_kl=0.0000 stage=intermediate scheduler_success_rate=0.000
episodes 3740-3759: success_rate=0.550 mean_reward=-19.25 mean_actor_loss=0.0123 mean_kl=0.0000 stage=warmup scheduler_success_rate=0.333
episodes 3760-3779: success_rate=0.700 mean_reward=212.91 mean_actor_loss=0.0123 mean_kl=0.0000 stage=warmup scheduler_success_rate=1.000
episodes 3780-3799: success_rate=0.750 mean_reward=303.75 mean_actor_loss=0.0123 mean_kl=0.0001 stage=intermediate scheduler_success_rate=0.500
episodes 3800-3819: success_rate=0.700 mean_reward=211.74 mean_actor_loss=0.0124 mean_kl=0.0000 stage=intermediate scheduler_success_rate=0.750
episodes 3820-3839: success_rate=0.750 mean_reward=297.16 mean_actor_loss=0.0123 mean_kl=0.0000 stage=intermediate scheduler_success_rate=1.000
episodes 3840-3859: success_rate=0.650 mean_reward=76.45 mean_actor_loss=0.0124 mean_kl=0.0000 stage=intermediate scheduler_success_rate=0.000
episodes 3860-3879: success_rate=0.700 mean_reward=298.47 mean_actor_loss=0.0124 mean_kl=0.0000 stage=intermediate scheduler_success_rate=1.000
episodes 3880-3899: success_rate=0.650 mean_reward=117.20 mean_actor_loss=0.0123 mean_kl=0.0000 stage=full scheduler_success_rate=0.000
episodes 3900-3919: success_rate=0.700 mean_reward=121.29 mean_actor_loss=0.0125 mean_kl=0.0000 stage=full scheduler_success_rate=0.000
episodes 3920-3939: success_rate=0.750 mean_reward=298.75 mean_actor_loss=0.0124 mean_kl=0.0001 stage=warmup scheduler_success_rate=0.000
episodes 3940-3959: success_rate=0.600 mean_reward=-17.24 mean_actor_loss=0.0123 mean_kl=0.0000 stage=full scheduler_success_rate=0.000
episodes 3960-3979: success_rate=0.450 mean_reward=-248.11 mean_actor_loss=0.0124 mean_kl=0.0000 stage=warmup scheduler_success_rate=0.500
episodes 3980-3999: success_rate=0.600 mean_reward=81.21 mean_actor_loss=0.0124 mean_kl=0.0000 stage=warmup scheduler_success_rate=0.500
episodes 4000-4019: success_rate=0.650 mean_reward=121.03 mean_actor_loss=0.0124 mean_kl=0.0000 stage=intermediate scheduler_success_rate=0.000
episodes 4020-4039: success_rate=0.800 mean_reward=301.45 mean_actor_loss=0.0124 mean_kl=0.0000 stage=intermediate scheduler_success_rate=0.000
episodes 4040-4059: success_rate=0.600 mean_reward=-16.66 mean_actor_loss=0.0124 mean_kl=0.0000 stage=warmup scheduler_success_rate=0.500
episodes 4060-4079: success_rate=0.750 mean_reward=302.15 mean_actor_loss=0.0124 mean_kl=0.0000 stage=intermediate scheduler_success_rate=0.667
episodes 4080-4099: success_rate=0.750 mean_reward=258.74 mean_actor_loss=0.0124 mean_kl=0.0001 stage=warmup scheduler_success_rate=0.500
episodes 4100-4119: success_rate=0.750 mean_reward=303.70 mean_actor_loss=0.0123 mean_kl=0.0001 stage=intermediate scheduler_success_rate=0.667
episodes 4120-4139: success_rate=0.600 mean_reward=-17.62 mean_actor_loss=0.0123 mean_kl=0.0000 stage=warmup scheduler_success_rate=1.000
episodes 4140-4159: success_rate=0.400 mean_reward=-339.71 mean_actor_loss=0.0124 mean_kl=0.0000 stage=warmup scheduler_success_rate=0.500
episodes 4160-4179: success_rate=0.450 mean_reward=-245.70 mean_actor_loss=0.0123 mean_kl=0.0000 stage=warmup scheduler_success_rate=0.500
episodes 4180-4199: success_rate=0.650 mean_reward=120.58 mean_actor_loss=0.0124 mean_kl=0.0000 stage=warmup scheduler_success_rate=0.667
episodes 4200-4219: success_rate=0.850 mean_reward=495.26 mean_actor_loss=0.0123 mean_kl=0.0000 stage=full scheduler_success_rate=0.833
episodes 4220-4239: success_rate=0.550 mean_reward=-63.36 mean_actor_loss=0.0123 mean_kl=0.0000 stage=warmup scheduler_success_rate=0.667
episodes 4240-4259: success_rate=0.600 mean_reward=25.77 mean_actor_loss=0.0124 mean_kl=0.0000 stage=warmup scheduler_success_rate=0.333
episodes 4260-4279: success_rate=0.650 mean_reward=118.31 mean_actor_loss=0.0123 mean_kl=0.0000 stage=warmup scheduler_success_rate=0.667
episodes 4280-4299: success_rate=0.550 mean_reward=-65.22 mean_actor_loss=0.0123 mean_kl=0.0000 stage=warmup scheduler_success_rate=0.667
episodes 4300-4319: success_rate=0.700 mean_reward=217.14 mean_actor_loss=0.0123 mean_kl=0.0001 stage=intermediate scheduler_success_rate=0.500
episodes 4320-4339: success_rate=0.650 mean_reward=121.93 mean_actor_loss=0.0124 mean_kl=0.0001 stage=intermediate scheduler_success_rate=0.750
episodes 4340-4359: success_rate=0.550 mean_reward=-20.55 mean_actor_loss=0.0123 mean_kl=0.0001 stage=warmup scheduler_success_rate=0.000
episodes 4360-4379: success_rate=0.700 mean_reward=213.37 mean_actor_loss=0.0123 mean_kl=0.0001 stage=intermediate scheduler_success_rate=0.500
episodes 4380-4399: success_rate=0.750 mean_reward=309.14 mean_actor_loss=0.0124 mean_kl=0.0001 stage=warmup scheduler_success_rate=0.667
episodes 4400-4419: success_rate=0.600 mean_reward=28.45 mean_actor_loss=0.0124 mean_kl=0.0000 stage=intermediate scheduler_success_rate=0.000
episodes 4420-4439: success_rate=0.650 mean_reward=109.12 mean_actor_loss=0.0124 mean_kl=0.0000 stage=warmup scheduler_success_rate=0.750
episodes 4440-4459: success_rate=0.600 mean_reward=23.37 mean_actor_loss=0.0123 mean_kl=0.0001 stage=warmup scheduler_success_rate=0.500
episodes 4460-4479: success_rate=0.800 mean_reward=395.29 mean_actor_loss=0.0124 mean_kl=0.0001 stage=intermediate scheduler_success_rate=1.000
episodes 4480-4499: success_rate=0.500 mean_reward=-158.19 mean_actor_loss=0.0123 mean_kl=0.0000 stage=warmup scheduler_success_rate=0.000
episodes 4500-4519: success_rate=0.650 mean_reward=115.73 mean_actor_loss=0.0123 mean_kl=0.0000 stage=warmup scheduler_success_rate=0.500
episodes 4520-4539: success_rate=0.700 mean_reward=211.23 mean_actor_loss=0.0123 mean_kl=0.0000 stage=intermediate scheduler_success_rate=0.500
episodes 4540-4559: success_rate=0.550 mean_reward=-60.95 mean_actor_loss=0.0124 mean_kl=0.0001 stage=warmup scheduler_success_rate=0.500
episodes 4560-4579: success_rate=0.650 mean_reward=72.82 mean_actor_loss=0.0123 mean_kl=0.0000 stage=warmup scheduler_success_rate=0.200
episodes 4580-4599: success_rate=0.750 mean_reward=306.30 mean_actor_loss=0.0123 mean_kl=0.0000 stage=intermediate scheduler_success_rate=0.000
episodes 4600-4619: success_rate=0.600 mean_reward=30.83 mean_actor_loss=0.0123 mean_kl=0.0000 stage=warmup scheduler_success_rate=0.500
episodes 4620-4639: success_rate=0.600 mean_reward=29.47 mean_actor_loss=0.0124 mean_kl=0.0001 stage=warmup scheduler_success_rate=0.500
episodes 4640-4659: success_rate=0.800 mean_reward=395.33 mean_actor_loss=0.0123 mean_kl=0.0000 stage=full scheduler_success_rate=1.000
episodes 4660-4679: success_rate=0.700 mean_reward=163.26 mean_actor_loss=0.0124 mean_kl=0.0000 stage=warmup scheduler_success_rate=1.000
episodes 4680-4699: success_rate=0.400 mean_reward=-339.19 mean_actor_loss=0.0123 mean_kl=0.0000 stage=warmup scheduler_success_rate=0.500
episodes 4700-4719: success_rate=0.350 mean_reward=-432.85 mean_actor_loss=0.0123 mean_kl=0.0000 stage=warmup scheduler_success_rate=0.333
episodes 4720-4739: success_rate=0.700 mean_reward=209.28 mean_actor_loss=0.0123 mean_kl=0.0000 stage=intermediate scheduler_success_rate=0.000
episodes 4740-4759: success_rate=0.550 mean_reward=-60.38 mean_actor_loss=0.0124 mean_kl=0.0000 stage=warmup scheduler_success_rate=0.500
episodes 4760-4779: success_rate=0.350 mean_reward=-431.74 mean_actor_loss=0.0124 mean_kl=0.0000 stage=warmup scheduler_success_rate=0.500
episodes 4780-4799: success_rate=0.500 mean_reward=-150.87 mean_actor_loss=0.0124 mean_kl=0.0000 stage=warmup scheduler_success_rate=0.333
episodes 4800-4819: success_rate=0.750 mean_reward=305.06 mean_actor_loss=0.0124 mean_kl=0.0001 stage=intermediate scheduler_success_rate=0.750
episodes 4820-4839: success_rate=0.400 mean_reward=-334.20 mean_actor_loss=0.0123 mean_kl=0.0000 stage=warmup scheduler_success_rate=0.167
episodes 4840-4859: success_rate=0.600 mean_reward=25.77 mean_actor_loss=0.0124 mean_kl=0.0000 stage=warmup scheduler_success_rate=0.500
episodes 4860-4879: success_rate=0.650 mean_reward=225.52 mean_actor_loss=0.0123 mean_kl=0.0000 stage=intermediate scheduler_success_rate=0.000
episodes 4880-4899: success_rate=0.400 mean_reward=-338.22 mean_actor_loss=0.0123 mean_kl=0.0001 stage=warmup scheduler_success_rate=0.167
episodes 4900-4919: success_rate=0.600 mean_reward=26.81 mean_actor_loss=0.0123 mean_kl=0.0000 stage=warmup scheduler_success_rate=0.750
episodes 4920-4939: success_rate=0.550 mean_reward=-60.62 mean_actor_loss=0.0123 mean_kl=0.0000 stage=warmup scheduler_success_rate=0.667
episodes 4940-4959: success_rate=0.400 mean_reward=-340.22 mean_actor_loss=0.0123 mean_kl=0.0000 stage=warmup scheduler_success_rate=0.500
episodes 4960-4979: success_rate=0.500 mean_reward=-157.33 mean_actor_loss=0.0123 mean_kl=0.0000 stage=warmup scheduler_success_rate=0.333
episodes 4980-4999: success_rate=0.650 mean_reward=121.38 mean_actor_loss=0.0123 mean_kl=0.0000 stage=intermediate scheduler_success_rate=0.000
episodes 5000-5019: success_rate=0.550 mean_reward=-69.02 mean_actor_loss=0.0124 mean_kl=0.0000 stage=warmup scheduler_success_rate=0.667
episodes 5020-5039: success_rate=0.750 mean_reward=307.28 mean_actor_loss=0.0124 mean_kl=0.0001 stage=intermediate scheduler_success_rate=1.000
episodes 5040-5059: success_rate=0.750 mean_reward=304.28 mean_actor_loss=0.0123 mean_kl=0.0000 stage=full scheduler_success_rate=0.833
episodes 5060-5079: success_rate=0.650 mean_reward=74.66 mean_actor_loss=0.0123 mean_kl=0.0000 stage=intermediate scheduler_success_rate=0.000
episodes 5080-5099: success_rate=0.600 mean_reward=113.94 mean_actor_loss=0.0124 mean_kl=0.0001 stage=intermediate scheduler_success_rate=0.000
episodes 5100-5119: success_rate=0.550 mean_reward=-64.32 mean_actor_loss=0.0123 mean_kl=0.0001 stage=warmup scheduler_success_rate=0.667
episodes 5120-5139: success_rate=0.700 mean_reward=209.71 mean_actor_loss=0.0123 mean_kl=0.0001 stage=warmup scheduler_success_rate=0.000
episodes 5140-5159: success_rate=0.600 mean_reward=33.27 mean_actor_loss=0.0123 mean_kl=0.0000 stage=warmup scheduler_success_rate=0.333
episodes 5160-5179: success_rate=0.700 mean_reward=212.80 mean_actor_loss=0.0123 mean_kl=0.0000 stage=intermediate scheduler_success_rate=1.000
episodes 5180-5199: success_rate=0.600 mean_reward=-40.10 mean_actor_loss=0.0125 mean_kl=0.0000 stage=intermediate scheduler_success_rate=0.750
episodes 5200-5219: success_rate=0.550 mean_reward=-109.37 mean_actor_loss=0.0124 mean_kl=0.0001 stage=warmup scheduler_success_rate=1.000
episodes 5220-5239: success_rate=0.700 mean_reward=206.53 mean_actor_loss=0.0123 mean_kl=0.0001 stage=intermediate scheduler_success_rate=0.667
episodes 5240-5259: success_rate=0.650 mean_reward=75.13 mean_actor_loss=0.0124 mean_kl=0.0000 stage=intermediate scheduler_success_rate=0.000
episodes 5260-5279: success_rate=0.750 mean_reward=308.77 mean_actor_loss=0.0123 mean_kl=0.0000 stage=warmup scheduler_success_rate=1.000
episodes 5280-5299: success_rate=0.550 mean_reward=-60.72 mean_actor_loss=0.0124 mean_kl=0.0000 stage=intermediate scheduler_success_rate=0.000
episodes 5300-5319: success_rate=0.650 mean_reward=123.15 mean_actor_loss=0.0123 mean_kl=0.0000 stage=warmup scheduler_success_rate=0.667
episodes 5320-5339: success_rate=0.800 mean_reward=396.33 mean_actor_loss=0.0124 mean_kl=0.0000 stage=intermediate scheduler_success_rate=0.000
episodes 5340-5359: success_rate=0.600 mean_reward=19.74 mean_actor_loss=0.0124 mean_kl=0.0001 stage=warmup scheduler_success_rate=0.000
episodes 5360-5379: success_rate=0.650 mean_reward=120.76 mean_actor_loss=0.0124 mean_kl=0.0000 stage=intermediate scheduler_success_rate=1.000
episodes 5380-5399: success_rate=0.600 mean_reward=-21.98 mean_actor_loss=0.0124 mean_kl=0.0000 stage=intermediate scheduler_success_rate=0.667
episodes 5400-5419: success_rate=0.700 mean_reward=166.29 mean_actor_loss=0.0123 mean_kl=0.0001 stage=full scheduler_success_rate=0.000
episodes 5420-5439: success_rate=0.750 mean_reward=254.46 mean_actor_loss=0.0124 mean_kl=0.0001 stage=warmup scheduler_success_rate=1.000
episodes 5440-5459: success_rate=0.550 mean_reward=-60.94 mean_actor_loss=0.0124 mean_kl=0.0000 stage=intermediate scheduler_success_rate=0.500
episodes 5460-5479: success_rate=0.700 mean_reward=215.40 mean_actor_loss=0.0124 mean_kl=0.0000 stage=intermediate scheduler_success_rate=0.000
episodes 5480-5499: success_rate=0.950 mean_reward=672.55 mean_actor_loss=0.0123 mean_kl=0.0000 stage=full scheduler_success_rate=0.000
episodes 5500-5519: success_rate=0.250 mean_reward=-482.76 mean_actor_loss=0.0123 mean_kl=0.0000 stage=warmup scheduler_success_rate=0.333
episodes 5520-5539: success_rate=0.550 mean_reward=-64.88 mean_actor_loss=0.0124 mean_kl=0.0000 stage=warmup scheduler_success_rate=0.333
episodes 5540-5559: success_rate=0.750 mean_reward=311.43 mean_actor_loss=0.0123 mean_kl=0.0000 stage=warmup scheduler_success_rate=1.000
episodes 5560-5579: success_rate=0.600 mean_reward=25.39 mean_actor_loss=0.0123 mean_kl=0.0000 stage=warmup scheduler_success_rate=0.333
episodes 5580-5599: success_rate=0.650 mean_reward=117.90 mean_actor_loss=0.0123 mean_kl=0.0001 stage=warmup scheduler_success_rate=0.750
episodes 5600-5619: success_rate=0.700 mean_reward=212.16 mean_actor_loss=0.0123 mean_kl=0.0001 stage=intermediate scheduler_success_rate=0.750
episodes 5620-5639: success_rate=0.600 mean_reward=23.85 mean_actor_loss=0.0123 mean_kl=0.0001 stage=warmup scheduler_success_rate=0.500
episodes 5640-5659: success_rate=0.550 mean_reward=-62.01 mean_actor_loss=0.0124 mean_kl=0.0000 stage=warmup scheduler_success_rate=0.667
episodes 5660-5679: success_rate=0.800 mean_reward=349.89 mean_actor_loss=0.0123 mean_kl=0.0001 stage=warmup scheduler_success_rate=1.000
episodes 5680-5699: success_rate=0.750 mean_reward=287.26 mean_actor_loss=0.0123 mean_kl=0.0000 stage=full scheduler_success_rate=0.000
episodes 5700-5719: success_rate=0.550 mean_reward=-104.97 mean_actor_loss=0.0124 mean_kl=0.0001 stage=warmup scheduler_success_rate=0.333
episodes 5720-5739: success_rate=0.650 mean_reward=117.52 mean_actor_loss=0.0123 mean_kl=0.0000 stage=full scheduler_success_rate=0.750
episodes 5740-5759: success_rate=0.600 mean_reward=-59.76 mean_actor_loss=0.0124 mean_kl=0.0000 stage=intermediate scheduler_success_rate=0.000
episodes 5760-5779: success_rate=0.700 mean_reward=186.46 mean_actor_loss=0.0124 mean_kl=0.0001 stage=intermediate scheduler_success_rate=0.667
episodes 5780-5799: success_rate=0.600 mean_reward=28.30 mean_actor_loss=0.0123 mean_kl=0.0000 stage=warmup scheduler_success_rate=0.667
episodes 5800-5819: success_rate=0.500 mean_reward=-155.27 mean_actor_loss=0.0123 mean_kl=0.0000 stage=warmup scheduler_success_rate=0.667
episodes 5820-5839: success_rate=0.700 mean_reward=211.18 mean_actor_loss=0.0124 mean_kl=0.0000 stage=warmup scheduler_success_rate=0.750
episodes 5840-5859: success_rate=0.650 mean_reward=123.75 mean_actor_loss=0.0124 mean_kl=0.0000 stage=intermediate scheduler_success_rate=0.000
episodes 5860-5879: success_rate=0.800 mean_reward=388.85 mean_actor_loss=0.0123 mean_kl=0.0001 stage=full scheduler_success_rate=0.833
episodes 5880-5899: success_rate=0.750 mean_reward=346.41 mean_actor_loss=0.0124 mean_kl=0.0000 stage=full scheduler_success_rate=0.833
episodes 5900-5919: success_rate=0.600 mean_reward=-26.01 mean_actor_loss=0.0124 mean_kl=0.0000 stage=full scheduler_success_rate=0.000
episodes 5920-5939: success_rate=0.650 mean_reward=116.50 mean_actor_loss=0.0124 mean_kl=0.0000 stage=intermediate scheduler_success_rate=1.000
episodes 5940-5959: success_rate=0.600 mean_reward=-71.40 mean_actor_loss=0.0124 mean_kl=0.0000 stage=intermediate scheduler_success_rate=1.000
episodes 5960-5979: success_rate=0.650 mean_reward=115.71 mean_actor_loss=0.0124 mean_kl=0.0001 stage=intermediate scheduler_success_rate=0.750
episodes 5980-5999: success_rate=0.650 mean_reward=119.42 mean_actor_loss=0.0123 mean_kl=0.0000 stage=intermediate scheduler_success_rate=0.000
episodes 6000-6019: success_rate=0.650 mean_reward=124.81 mean_actor_loss=0.0124 mean_kl=0.0001 stage=intermediate scheduler_success_rate=1.000
episodes 6020-6039: success_rate=0.700 mean_reward=256.17 mean_actor_loss=0.0124 mean_kl=0.0001 stage=intermediate scheduler_success_rate=1.000
episodes 6040-6059: success_rate=0.550 mean_reward=-64.72 mean_actor_loss=0.0124 mean_kl=0.0000 stage=warmup scheduler_success_rate=0.500
episodes 6060-6079: success_rate=0.750 mean_reward=306.07 mean_actor_loss=0.0124 mean_kl=0.0000 stage=full scheduler_success_rate=0.000
episodes 6080-6099: success_rate=0.600 mean_reward=30.70 mean_actor_loss=0.0124 mean_kl=0.0001 stage=intermediate scheduler_success_rate=0.667
episodes 6100-6119: success_rate=0.400 mean_reward=-344.50 mean_actor_loss=0.0123 mean_kl=0.0000 stage=warmup scheduler_success_rate=0.000
episodes 6120-6139: success_rate=0.500 mean_reward=-155.37 mean_actor_loss=0.0124 mean_kl=0.0000 stage=full scheduler_success_rate=0.000
episodes 6140-6159: success_rate=0.700 mean_reward=210.05 mean_actor_loss=0.0123 mean_kl=0.0000 stage=intermediate scheduler_success_rate=0.000
episodes 6160-6179: success_rate=0.650 mean_reward=91.46 mean_actor_loss=0.0124 mean_kl=0.0000 stage=intermediate scheduler_success_rate=0.667
episodes 6180-6199: success_rate=0.850 mean_reward=481.03 mean_actor_loss=0.0124 mean_kl=0.0001 stage=intermediate scheduler_success_rate=1.000
episodes 6200-6219: success_rate=0.650 mean_reward=121.20 mean_actor_loss=0.0124 mean_kl=0.0001 stage=warmup scheduler_success_rate=0.667
episodes 6220-6239: success_rate=0.850 mean_reward=488.97 mean_actor_loss=0.0124 mean_kl=0.0001 stage=full scheduler_success_rate=1.000
episodes 6240-6259: success_rate=0.650 mean_reward=69.68 mean_actor_loss=0.0124 mean_kl=0.0000 stage=intermediate scheduler_success_rate=0.600
episodes 6260-6279: success_rate=0.550 mean_reward=-16.37 mean_actor_loss=0.0123 mean_kl=0.0000 stage=intermediate scheduler_success_rate=0.750
episodes 6280-6299: success_rate=0.600 mean_reward=79.11 mean_actor_loss=0.0124 mean_kl=0.0000 stage=warmup scheduler_success_rate=0.000
episodes 6300-6319: success_rate=0.700 mean_reward=211.48 mean_actor_loss=0.0124 mean_kl=0.0000 stage=warmup scheduler_success_rate=1.000
episodes 6320-6339: success_rate=0.550 mean_reward=-59.20 mean_actor_loss=0.0123 mean_kl=0.0000 stage=intermediate scheduler_success_rate=0.000
episodes 6340-6359: success_rate=0.750 mean_reward=291.12 mean_actor_loss=0.0123 mean_kl=0.0000 stage=intermediate scheduler_success_rate=0.667
episodes 6360-6379: success_rate=0.650 mean_reward=74.40 mean_actor_loss=0.0124 mean_kl=0.0000 stage=intermediate scheduler_success_rate=0.000
episodes 6380-6399: success_rate=0.550 mean_reward=-62.26 mean_actor_loss=0.0124 mean_kl=0.0000 stage=warmup scheduler_success_rate=0.333
episodes 6400-6419: success_rate=0.550 mean_reward=-63.44 mean_actor_loss=0.0123 mean_kl=0.0000 stage=warmup scheduler_success_rate=0.500
episodes 6420-6439: success_rate=0.800 mean_reward=396.27 mean_actor_loss=0.0124 mean_kl=0.0000 stage=full scheduler_success_rate=1.000
episodes 6440-6459: success_rate=0.550 mean_reward=-67.08 mean_actor_loss=0.0123 mean_kl=0.0001 stage=warmup scheduler_success_rate=0.500
episodes 6460-6479: success_rate=0.400 mean_reward=-338.62 mean_actor_loss=0.0123 mean_kl=0.0000 stage=warmup scheduler_success_rate=0.167
episodes 6480-6499: success_rate=0.650 mean_reward=121.62 mean_actor_loss=0.0123 mean_kl=0.0000 stage=warmup scheduler_success_rate=0.667
episodes 6500-6519: success_rate=0.550 mean_reward=-66.69 mean_actor_loss=0.0123 mean_kl=0.0000 stage=warmup scheduler_success_rate=0.500
episodes 6520-6539: success_rate=0.700 mean_reward=163.53 mean_actor_loss=0.0123 mean_kl=0.0000 stage=intermediate scheduler_success_rate=0.000
episodes 6540-6559: success_rate=0.650 mean_reward=119.43 mean_actor_loss=0.0124 mean_kl=0.0000 stage=warmup scheduler_success_rate=0.000
episodes 6560-6579: success_rate=0.700 mean_reward=212.35 mean_actor_loss=0.0123 mean_kl=0.0001 stage=warmup scheduler_success_rate=0.667
episodes 6580-6599: success_rate=0.800 mean_reward=391.03 mean_actor_loss=0.0124 mean_kl=0.0001 stage=intermediate scheduler_success_rate=1.000
episodes 6600-6619: success_rate=0.650 mean_reward=117.96 mean_actor_loss=0.0123 mean_kl=0.0000 stage=warmup scheduler_success_rate=0.600
episodes 6620-6639: success_rate=0.600 mean_reward=30.20 mean_actor_loss=0.0123 mean_kl=0.0000 stage=warmup scheduler_success_rate=0.500
episodes 6640-6659: success_rate=0.600 mean_reward=31.33 mean_actor_loss=0.0123 mean_kl=0.0000 stage=warmup scheduler_success_rate=0.400
episodes 6660-6679: success_rate=0.700 mean_reward=216.99 mean_actor_loss=0.0124 mean_kl=0.0000 stage=full scheduler_success_rate=0.667
episodes 6680-6699: success_rate=0.650 mean_reward=115.15 mean_actor_loss=0.0124 mean_kl=0.0000 stage=warmup scheduler_success_rate=1.000
episodes 6700-6719: success_rate=0.450 mean_reward=-246.96 mean_actor_loss=0.0123 mean_kl=0.0000 stage=warmup scheduler_success_rate=0.333
episodes 6720-6739: success_rate=0.500 mean_reward=-155.74 mean_actor_loss=0.0124 mean_kl=0.0000 stage=warmup scheduler_success_rate=0.667
episodes 6740-6759: success_rate=0.600 mean_reward=17.44 mean_actor_loss=0.0124 mean_kl=0.0000 stage=intermediate scheduler_success_rate=0.000
episodes 6760-6779: success_rate=0.700 mean_reward=215.35 mean_actor_loss=0.0124 mean_kl=0.0000 stage=full scheduler_success_rate=1.000
episodes 6780-6799: success_rate=0.600 mean_reward=-19.70 mean_actor_loss=0.0124 mean_kl=0.0000 stage=warmup scheduler_success_rate=0.500
episodes 6800-6819: success_rate=0.800 mean_reward=393.18 mean_actor_loss=0.0124 mean_kl=0.0001 stage=intermediate scheduler_success_rate=0.000
episodes 6820-6839: success_rate=0.800 mean_reward=394.26 mean_actor_loss=0.0123 mean_kl=0.0001 stage=intermediate scheduler_success_rate=0.000
episodes 6840-6859: success_rate=0.450 mean_reward=-245.08 mean_actor_loss=0.0124 mean_kl=0.0000 stage=warmup scheduler_success_rate=0.500
episodes 6860-6879: success_rate=0.550 mean_reward=-63.08 mean_actor_loss=0.0124 mean_kl=0.0000 stage=warmup scheduler_success_rate=0.333
episodes 6880-6899: success_rate=0.600 mean_reward=29.20 mean_actor_loss=0.0123 mean_kl=0.0000 stage=intermediate scheduler_success_rate=0.500
episodes 6900-6919: success_rate=0.650 mean_reward=79.18 mean_actor_loss=0.0124 mean_kl=0.0000 stage=intermediate scheduler_success_rate=0.500
episodes 6920-6939: success_rate=0.850 mean_reward=492.10 mean_actor_loss=0.0124 mean_kl=0.0000 stage=full scheduler_success_rate=1.000
episodes 6940-6959: success_rate=0.650 mean_reward=24.13 mean_actor_loss=0.0124 mean_kl=0.0000 stage=full scheduler_success_rate=0.000
episodes 6960-6979: success_rate=0.600 mean_reward=-67.40 mean_actor_loss=0.0123 mean_kl=0.0001 stage=warmup scheduler_success_rate=0.500
episodes 6980-6999: success_rate=0.550 mean_reward=-61.94 mean_actor_loss=0.0123 mean_kl=0.0000 stage=warmup scheduler_success_rate=0.667
episodes 7000-7019: success_rate=0.600 mean_reward=30.92 mean_actor_loss=0.0123 mean_kl=0.0000 stage=intermediate scheduler_success_rate=1.000
episodes 7020-7039: success_rate=0.550 mean_reward=-59.55 mean_actor_loss=0.0124 mean_kl=0.0000 stage=warmup scheduler_success_rate=0.000
episodes 7040-7059: success_rate=0.450 mean_reward=-248.70 mean_actor_loss=0.0124 mean_kl=0.0000 stage=warmup scheduler_success_rate=0.500
episodes 7060-7079: success_rate=0.700 mean_reward=162.38 mean_actor_loss=0.0124 mean_kl=0.0001 stage=warmup scheduler_success_rate=0.667
episodes 7080-7099: success_rate=0.700 mean_reward=212.81 mean_actor_loss=0.0124 mean_kl=0.0000 stage=full scheduler_success_rate=0.667
episodes 7100-7119: success_rate=0.650 mean_reward=118.24 mean_actor_loss=0.0124 mean_kl=0.0000 stage=warmup scheduler_success_rate=0.000
episodes 7120-7139: success_rate=0.700 mean_reward=207.38 mean_actor_loss=0.0123 mean_kl=0.0000 stage=full scheduler_success_rate=1.000
episodes 7140-7159: success_rate=0.750 mean_reward=366.72 mean_actor_loss=0.0123 mean_kl=0.0001 stage=full scheduler_success_rate=0.000
episodes 7160-7179: success_rate=0.750 mean_reward=296.78 mean_actor_loss=0.0123 mean_kl=0.0000 stage=warmup scheduler_success_rate=1.000
episodes 7180-7199: success_rate=0.550 mean_reward=-67.21 mean_actor_loss=0.0123 mean_kl=0.0000 stage=warmup scheduler_success_rate=0.667
episodes 7200-7219: success_rate=0.600 mean_reward=24.31 mean_actor_loss=0.0124 mean_kl=0.0000 stage=warmup scheduler_success_rate=0.750
episodes 7220-7239: success_rate=0.550 mean_reward=-64.15 mean_actor_loss=0.0124 mean_kl=0.0000 stage=warmup scheduler_success_rate=0.500
episodes 7240-7259: success_rate=0.650 mean_reward=119.09 mean_actor_loss=0.0124 mean_kl=0.0000 stage=full scheduler_success_rate=0.333
episodes 7260-7279: success_rate=0.550 mean_reward=-61.07 mean_actor_loss=0.0124 mean_kl=0.0000 stage=warmup scheduler_success_rate=0.500
episodes 7280-7299: success_rate=0.550 mean_reward=-61.44 mean_actor_loss=0.0124 mean_kl=0.0000 stage=intermediate scheduler_success_rate=0.333
episodes 7300-7319: success_rate=0.550 mean_reward=-11.91 mean_actor_loss=0.0124 mean_kl=0.0000 stage=warmup scheduler_success_rate=0.333
episodes 7320-7339: success_rate=0.700 mean_reward=212.38 mean_actor_loss=0.0124 mean_kl=0.0000 stage=warmup scheduler_success_rate=0.667
episodes 7340-7359: success_rate=0.650 mean_reward=69.37 mean_actor_loss=0.0123 mean_kl=0.0000 stage=warmup scheduler_success_rate=1.000
episodes 7360-7379: success_rate=0.450 mean_reward=-249.42 mean_actor_loss=0.0124 mean_kl=0.0001 stage=warmup scheduler_success_rate=0.500
episodes 7380-7399: success_rate=0.450 mean_reward=-248.34 mean_actor_loss=0.0123 mean_kl=0.0000 stage=warmup scheduler_success_rate=0.500
episodes 7400-7419: success_rate=0.450 mean_reward=-247.00 mean_actor_loss=0.0124 mean_kl=0.0000 stage=warmup scheduler_success_rate=0.000
episodes 7420-7439: success_rate=0.650 mean_reward=122.22 mean_actor_loss=0.0124 mean_kl=0.0000 stage=warmup scheduler_success_rate=0.500
episodes 7440-7459: success_rate=0.650 mean_reward=117.39 mean_actor_loss=0.0123 mean_kl=0.0000 stage=warmup scheduler_success_rate=0.667
episodes 7460-7479: success_rate=0.600 mean_reward=33.59 mean_actor_loss=0.0124 mean_kl=0.0000 stage=intermediate scheduler_success_rate=0.333
episodes 7480-7499: success_rate=0.600 mean_reward=28.29 mean_actor_loss=0.0124 mean_kl=0.0000 stage=intermediate scheduler_success_rate=0.000
episodes 7500-7519: success_rate=0.550 mean_reward=-61.88 mean_actor_loss=0.0123 mean_kl=0.0000 stage=intermediate scheduler_success_rate=0.000
episodes 7520-7539: success_rate=0.550 mean_reward=-59.32 mean_actor_loss=0.0123 mean_kl=0.0000 stage=warmup scheduler_success_rate=0.333
episodes 7540-7559: success_rate=0.750 mean_reward=261.10 mean_actor_loss=0.0124 mean_kl=0.0000 stage=full scheduler_success_rate=0.000
episodes 7560-7579: success_rate=0.600 mean_reward=77.54 mean_actor_loss=0.0124 mean_kl=0.0000 stage=warmup scheduler_success_rate=0.333
episodes 7580-7599: success_rate=0.650 mean_reward=230.84 mean_actor_loss=0.0123 mean_kl=0.0000 stage=full scheduler_success_rate=0.333
episodes 7600-7619: success_rate=0.650 mean_reward=78.35 mean_actor_loss=0.0124 mean_kl=0.0000 stage=intermediate scheduler_success_rate=1.000
episodes 7620-7639: success_rate=0.600 mean_reward=31.74 mean_actor_loss=0.0124 mean_kl=0.0000 stage=warmup scheduler_success_rate=1.000
episodes 7640-7659: success_rate=0.700 mean_reward=211.86 mean_actor_loss=0.0124 mean_kl=0.0000 stage=intermediate scheduler_success_rate=0.000
episodes 7660-7679: success_rate=0.700 mean_reward=179.09 mean_actor_loss=0.0124 mean_kl=0.0000 stage=full scheduler_success_rate=0.667
episodes 7680-7699: success_rate=0.550 mean_reward=-76.14 mean_actor_loss=0.0124 mean_kl=0.0000 stage=intermediate scheduler_success_rate=1.000
episodes 7700-7719: success_rate=0.600 mean_reward=22.78 mean_actor_loss=0.0123 mean_kl=0.0000 stage=warmup scheduler_success_rate=0.667
episodes 7720-7739: success_rate=0.900 mean_reward=578.78 mean_actor_loss=0.0124 mean_kl=0.0001 stage=full scheduler_success_rate=1.000
episodes 7740-7759: success_rate=0.750 mean_reward=260.11 mean_actor_loss=0.0124 mean_kl=0.0001 stage=full scheduler_success_rate=1.000
episodes 7760-7779: success_rate=0.800 mean_reward=398.46 mean_actor_loss=0.0124 mean_kl=0.0001 stage=full scheduler_success_rate=0.000
episodes 7780-7799: success_rate=0.650 mean_reward=113.37 mean_actor_loss=0.0123 mean_kl=0.0000 stage=intermediate scheduler_success_rate=1.000
episodes 7800-7819: success_rate=0.600 mean_reward=-26.44 mean_actor_loss=0.0124 mean_kl=0.0000 stage=warmup scheduler_success_rate=0.500
episodes 7820-7839: success_rate=0.650 mean_reward=119.66 mean_actor_loss=0.0124 mean_kl=0.0000 stage=warmup scheduler_success_rate=0.667
episodes 7840-7859: success_rate=0.800 mean_reward=490.64 mean_actor_loss=0.0124 mean_kl=0.0001 stage=full scheduler_success_rate=1.000
episodes 7860-7879: success_rate=0.750 mean_reward=294.85 mean_actor_loss=0.0123 mean_kl=0.0001 stage=full scheduler_success_rate=0.000
episodes 7880-7899: success_rate=0.700 mean_reward=209.51 mean_actor_loss=0.0123 mean_kl=0.0001 stage=warmup scheduler_success_rate=1.000
episodes 7900-7919: success_rate=0.550 mean_reward=-113.55 mean_actor_loss=0.0123 mean_kl=0.0001 stage=intermediate scheduler_success_rate=0.000
episodes 7920-7939: success_rate=0.550 mean_reward=-63.55 mean_actor_loss=0.0124 mean_kl=0.0000 stage=warmup scheduler_success_rate=0.333
episodes 7940-7959: success_rate=0.650 mean_reward=121.99 mean_actor_loss=0.0123 mean_kl=0.0000 stage=intermediate scheduler_success_rate=0.667
episodes 7960-7979: success_rate=0.650 mean_reward=114.15 mean_actor_loss=0.0124 mean_kl=0.0000 stage=warmup scheduler_success_rate=0.000
episodes 7980-7999: success_rate=0.750 mean_reward=300.88 mean_actor_loss=0.0123 mean_kl=0.0000 stage=intermediate scheduler_success_rate=1.000
episodes 8000-8019: success_rate=0.600 mean_reward=-19.89 mean_actor_loss=0.0124 mean_kl=0.0000 stage=warmup scheduler_success_rate=0.667
episodes 8020-8039: success_rate=0.750 mean_reward=391.05 mean_actor_loss=0.0124 mean_kl=0.0001 stage=intermediate scheduler_success_rate=0.000
episodes 8040-8059: success_rate=0.600 mean_reward=-23.32 mean_actor_loss=0.0124 mean_kl=0.0001 stage=intermediate scheduler_success_rate=0.000
episodes 8060-8079: success_rate=0.750 mean_reward=253.17 mean_actor_loss=0.0124 mean_kl=0.0001 stage=intermediate scheduler_success_rate=0.000
episodes 8080-8099: success_rate=0.750 mean_reward=259.07 mean_actor_loss=0.0123 mean_kl=0.0000 stage=full scheduler_success_rate=0.000
episodes 8100-8119: success_rate=0.800 mean_reward=384.91 mean_actor_loss=0.0123 mean_kl=0.0001 stage=full scheduler_success_rate=1.000
episodes 8120-8139: success_rate=0.700 mean_reward=121.35 mean_actor_loss=0.0124 mean_kl=0.0000 stage=intermediate scheduler_success_rate=0.750
episodes 8140-8159: success_rate=0.550 mean_reward=-112.14 mean_actor_loss=0.0124 mean_kl=0.0000 stage=warmup scheduler_success_rate=0.333
episodes 8160-8179: success_rate=0.500 mean_reward=-152.16 mean_actor_loss=0.0123 mean_kl=0.0000 stage=warmup scheduler_success_rate=0.667
episodes 8180-8199: success_rate=0.700 mean_reward=164.66 mean_actor_loss=0.0123 mean_kl=0.0000 stage=full scheduler_success_rate=0.000
episodes 8200-8219: success_rate=0.500 mean_reward=-160.23 mean_actor_loss=0.0123 mean_kl=0.0000 stage=warmup scheduler_success_rate=0.500
episodes 8220-8239: success_rate=0.500 mean_reward=-152.94 mean_actor_loss=0.0123 mean_kl=0.0000 stage=warmup scheduler_success_rate=0.500
episodes 8240-8259: success_rate=0.700 mean_reward=209.73 mean_actor_loss=0.0124 mean_kl=0.0001 stage=warmup scheduler_success_rate=0.000
episodes 8260-8279: success_rate=0.600 mean_reward=28.17 mean_actor_loss=0.0123 mean_kl=0.0000 stage=intermediate scheduler_success_rate=0.000
episodes 8280-8299: success_rate=0.400 mean_reward=-340.94 mean_actor_loss=0.0124 mean_kl=0.0000 stage=warmup scheduler_success_rate=0.500
episodes 8300-8319: success_rate=0.450 mean_reward=-247.35 mean_actor_loss=0.0123 mean_kl=0.0000 stage=warmup scheduler_success_rate=0.333
episodes 8320-8339: success_rate=0.700 mean_reward=212.81 mean_actor_loss=0.0124 mean_kl=0.0001 stage=warmup scheduler_success_rate=0.000
episodes 8340-8359: success_rate=0.650 mean_reward=116.69 mean_actor_loss=0.0124 mean_kl=0.0001 stage=intermediate scheduler_success_rate=0.000
episodes 8360-8379: success_rate=0.450 mean_reward=-248.22 mean_actor_loss=0.0123 mean_kl=0.0000 stage=warmup scheduler_success_rate=0.500
episodes 8380-8399: success_rate=0.600 mean_reward=27.19 mean_actor_loss=0.0123 mean_kl=0.0000 stage=intermediate scheduler_success_rate=0.000
episodes 8400-8419: success_rate=0.700 mean_reward=206.05 mean_actor_loss=0.0124 mean_kl=0.0000 stage=warmup scheduler_success_rate=0.667
episodes 8420-8439: success_rate=0.700 mean_reward=210.78 mean_actor_loss=0.0123 mean_kl=0.0001 stage=warmup scheduler_success_rate=0.667
episodes 8440-8459: success_rate=0.600 mean_reward=26.11 mean_actor_loss=0.0123 mean_kl=0.0001 stage=warmup scheduler_success_rate=0.667
episodes 8460-8479: success_rate=0.600 mean_reward=28.98 mean_actor_loss=0.0123 mean_kl=0.0000 stage=warmup scheduler_success_rate=0.500
episodes 8480-8499: success_rate=0.750 mean_reward=304.17 mean_actor_loss=0.0123 mean_kl=0.0000 stage=intermediate scheduler_success_rate=1.000
episodes 8500-8519: success_rate=0.600 mean_reward=30.40 mean_actor_loss=0.0123 mean_kl=0.0000 stage=intermediate scheduler_success_rate=0.750
episodes 8520-8539: success_rate=0.600 mean_reward=31.81 mean_actor_loss=0.0123 mean_kl=0.0000 stage=warmup scheduler_success_rate=0.500
episodes 8540-8559: success_rate=0.600 mean_reward=26.96 mean_actor_loss=0.0123 mean_kl=0.0000 stage=warmup scheduler_success_rate=1.000
episodes 8560-8579: success_rate=0.650 mean_reward=107.64 mean_actor_loss=0.0124 mean_kl=0.0000 stage=full scheduler_success_rate=0.667
episodes 8580-8599: success_rate=0.700 mean_reward=161.97 mean_actor_loss=0.0124 mean_kl=0.0001 stage=intermediate scheduler_success_rate=0.000
episodes 8600-8619: success_rate=0.600 mean_reward=22.66 mean_actor_loss=0.0123 mean_kl=0.0000 stage=intermediate scheduler_success_rate=0.500
episodes 8620-8639: success_rate=0.750 mean_reward=297.48 mean_actor_loss=0.0124 mean_kl=0.0001 stage=intermediate scheduler_success_rate=0.000
episodes 8640-8659: success_rate=0.700 mean_reward=209.10 mean_actor_loss=0.0123 mean_kl=0.0001 stage=intermediate scheduler_success_rate=1.000
episodes 8660-8679: success_rate=0.650 mean_reward=118.32 mean_actor_loss=0.0123 mean_kl=0.0000 stage=warmup scheduler_success_rate=1.000
episodes 8680-8699: success_rate=0.450 mean_reward=-247.93 mean_actor_loss=0.0123 mean_kl=0.0001 stage=warmup scheduler_success_rate=0.500
episodes 8700-8719: success_rate=0.650 mean_reward=122.79 mean_actor_loss=0.0124 mean_kl=0.0000 stage=intermediate scheduler_success_rate=1.000
episodes 8720-8739: success_rate=0.650 mean_reward=119.29 mean_actor_loss=0.0123 mean_kl=0.0000 stage=intermediate scheduler_success_rate=0.667
episodes 8740-8759: success_rate=0.600 mean_reward=-28.94 mean_actor_loss=0.0123 mean_kl=0.0000 stage=warmup scheduler_success_rate=1.000
episodes 8760-8779: success_rate=0.650 mean_reward=122.20 mean_actor_loss=0.0123 mean_kl=0.0000 stage=full scheduler_success_rate=0.000
episodes 8780-8799: success_rate=0.750 mean_reward=267.34 mean_actor_loss=0.0124 mean_kl=0.0000 stage=full scheduler_success_rate=0.833
episodes 8800-8819: success_rate=0.550 mean_reward=-69.23 mean_actor_loss=0.0123 mean_kl=0.0000 stage=warmup scheduler_success_rate=0.750
episodes 8820-8839: success_rate=0.650 mean_reward=123.97 mean_actor_loss=0.0123 mean_kl=0.0000 stage=full scheduler_success_rate=0.000
episodes 8840-8859: success_rate=0.450 mean_reward=-296.84 mean_actor_loss=0.0124 mean_kl=0.0001 stage=intermediate scheduler_success_rate=0.000
episodes 8860-8879: success_rate=0.600 mean_reward=29.03 mean_actor_loss=0.0123 mean_kl=0.0000 stage=warmup scheduler_success_rate=0.667
episodes 8880-8899: success_rate=0.500 mean_reward=-155.55 mean_actor_loss=0.0124 mean_kl=0.0000 stage=warmup scheduler_success_rate=0.500
episodes 8900-8919: success_rate=0.600 mean_reward=24.78 mean_actor_loss=0.0123 mean_kl=0.0000 stage=intermediate scheduler_success_rate=0.000
episodes 8920-8939: success_rate=0.650 mean_reward=101.68 mean_actor_loss=0.0124 mean_kl=0.0000 stage=full scheduler_success_rate=0.667
episodes 8940-8959: success_rate=0.700 mean_reward=152.71 mean_actor_loss=0.0124 mean_kl=0.0001 stage=intermediate scheduler_success_rate=0.000
episodes 8960-8979: success_rate=0.650 mean_reward=66.74 mean_actor_loss=0.0123 mean_kl=0.0001 stage=full scheduler_success_rate=0.000
episodes 8980-8999: success_rate=0.650 mean_reward=21.11 mean_actor_loss=0.0124 mean_kl=0.0001 stage=intermediate scheduler_success_rate=1.000
episodes 9000-9019: success_rate=0.700 mean_reward=159.56 mean_actor_loss=0.0124 mean_kl=0.0001 stage=full scheduler_success_rate=0.800
episodes 9020-9039: success_rate=0.700 mean_reward=120.35 mean_actor_loss=0.0124 mean_kl=0.0000 stage=full scheduler_success_rate=0.800
episodes 9040-9059: success_rate=0.550 mean_reward=-65.22 mean_actor_loss=0.0124 mean_kl=0.0001 stage=warmup scheduler_success_rate=0.500
episodes 9060-9079: success_rate=0.750 mean_reward=213.35 mean_actor_loss=0.0124 mean_kl=0.0001 stage=warmup scheduler_success_rate=1.000
episodes 9080-9099: success_rate=0.600 mean_reward=27.65 mean_actor_loss=0.0123 mean_kl=0.0000 stage=intermediate scheduler_success_rate=0.000
episodes 9100-9119: success_rate=0.700 mean_reward=134.02 mean_actor_loss=0.0124 mean_kl=0.0001 stage=intermediate scheduler_success_rate=0.000
episodes 9120-9139: success_rate=0.650 mean_reward=123.58 mean_actor_loss=0.0123 mean_kl=0.0001 stage=warmup scheduler_success_rate=0.500
episodes 9140-9159: success_rate=0.600 mean_reward=30.18 mean_actor_loss=0.0123 mean_kl=0.0000 stage=warmup scheduler_success_rate=0.667
episodes 9160-9179: success_rate=0.650 mean_reward=70.43 mean_actor_loss=0.0124 mean_kl=0.0001 stage=intermediate scheduler_success_rate=0.333
episodes 9180-9199: success_rate=0.400 mean_reward=-336.09 mean_actor_loss=0.0124 mean_kl=0.0000 stage=warmup scheduler_success_rate=0.500
episodes 9200-9219: success_rate=0.750 mean_reward=284.47 mean_actor_loss=0.0123 mean_kl=0.0000 stage=intermediate scheduler_success_rate=1.000
episodes 9220-9239: success_rate=0.700 mean_reward=119.74 mean_actor_loss=0.0124 mean_kl=0.0001 stage=full scheduler_success_rate=0.800
episodes 9240-9259: success_rate=0.500 mean_reward=-201.09 mean_actor_loss=0.0123 mean_kl=0.0001 stage=warmup scheduler_success_rate=0.500
episodes 9260-9279: success_rate=0.600 mean_reward=29.43 mean_actor_loss=0.0123 mean_kl=0.0000 stage=intermediate scheduler_success_rate=0.333
episodes 9280-9299: success_rate=0.800 mean_reward=397.95 mean_actor_loss=0.0124 mean_kl=0.0001 stage=intermediate scheduler_success_rate=1.000
episodes 9300-9319: success_rate=0.600 mean_reward=78.84 mean_actor_loss=0.0124 mean_kl=0.0001 stage=warmup scheduler_success_rate=0.667
episodes 9320-9339: success_rate=0.450 mean_reward=-248.04 mean_actor_loss=0.0123 mean_kl=0.0001 stage=warmup scheduler_success_rate=0.667
episodes 9340-9359: success_rate=0.500 mean_reward=-152.36 mean_actor_loss=0.0123 mean_kl=0.0001 stage=warmup scheduler_success_rate=0.500
episodes 9360-9379: success_rate=0.600 mean_reward=25.39 mean_actor_loss=0.0123 mean_kl=0.0000 stage=warmup scheduler_success_rate=0.500
episodes 9380-9399: success_rate=0.700 mean_reward=211.88 mean_actor_loss=0.0123 mean_kl=0.0001 stage=intermediate scheduler_success_rate=0.000
episodes 9400-9419: success_rate=0.650 mean_reward=120.16 mean_actor_loss=0.0123 mean_kl=0.0000 stage=intermediate scheduler_success_rate=0.000
episodes 9420-9439: success_rate=0.700 mean_reward=214.81 mean_actor_loss=0.0123 mean_kl=0.0000 stage=intermediate scheduler_success_rate=1.000
episodes 9440-9459: success_rate=0.600 mean_reward=77.90 mean_actor_loss=0.0123 mean_kl=0.0000 stage=warmup scheduler_success_rate=0.000
episodes 9460-9479: success_rate=0.750 mean_reward=305.99 mean_actor_loss=0.0123 mean_kl=0.0000 stage=warmup scheduler_success_rate=1.000
episodes 9480-9499: success_rate=0.650 mean_reward=117.87 mean_actor_loss=0.0124 mean_kl=0.0001 stage=intermediate scheduler_success_rate=0.000
episodes 9500-9519: success_rate=0.700 mean_reward=202.64 mean_actor_loss=0.0124 mean_kl=0.0000 stage=warmup scheduler_success_rate=0.000
episodes 9520-9539: success_rate=0.300 mean_reward=-521.26 mean_actor_loss=0.0123 mean_kl=0.0000 stage=warmup scheduler_success_rate=0.167
episodes 9540-9559: success_rate=0.750 mean_reward=305.36 mean_actor_loss=0.0123 mean_kl=0.0000 stage=warmup scheduler_success_rate=1.000
episodes 9560-9579: success_rate=0.550 mean_reward=-65.16 mean_actor_loss=0.0124 mean_kl=0.0000 stage=warmup scheduler_success_rate=0.500
episodes 9580-9599: success_rate=0.700 mean_reward=211.23 mean_actor_loss=0.0123 mean_kl=0.0001 stage=warmup scheduler_success_rate=0.333
episodes 9600-9619: success_rate=0.850 mean_reward=484.27 mean_actor_loss=0.0123 mean_kl=0.0000 stage=full scheduler_success_rate=0.500
episodes 9620-9639: success_rate=0.600 mean_reward=25.92 mean_actor_loss=0.0123 mean_kl=0.0000 stage=warmup scheduler_success_rate=0.400
episodes 9640-9659: success_rate=0.800 mean_reward=340.74 mean_actor_loss=0.0124 mean_kl=0.0001 stage=intermediate scheduler_success_rate=0.000
episodes 9660-9679: success_rate=0.650 mean_reward=120.37 mean_actor_loss=0.0123 mean_kl=0.0001 stage=intermediate scheduler_success_rate=0.750
episodes 9680-9699: success_rate=0.800 mean_reward=404.25 mean_actor_loss=0.0124 mean_kl=0.0001 stage=full scheduler_success_rate=1.000
episodes 9700-9719: success_rate=0.650 mean_reward=261.57 mean_actor_loss=0.0124 mean_kl=0.0000 stage=intermediate scheduler_success_rate=0.000
episodes 9720-9739: success_rate=0.650 mean_reward=117.97 mean_actor_loss=0.0123 mean_kl=0.0000 stage=warmup scheduler_success_rate=0.500
episodes 9740-9759: success_rate=0.600 mean_reward=20.74 mean_actor_loss=0.0123 mean_kl=0.0001 stage=intermediate scheduler_success_rate=0.000
episodes 9760-9779: success_rate=0.450 mean_reward=-248.92 mean_actor_loss=0.0123 mean_kl=0.0000 stage=warmup scheduler_success_rate=0.500
episodes 9780-9799: success_rate=0.600 mean_reward=28.01 mean_actor_loss=0.0123 mean_kl=0.0001 stage=intermediate scheduler_success_rate=0.500
episodes 9800-9819: success_rate=0.550 mean_reward=-62.33 mean_actor_loss=0.0124 mean_kl=0.0000 stage=intermediate scheduler_success_rate=0.667
episodes 9820-9839: success_rate=0.700 mean_reward=213.19 mean_actor_loss=0.0123 mean_kl=0.0001 stage=full scheduler_success_rate=0.000
episodes 9840-9859: success_rate=0.750 mean_reward=307.75 mean_actor_loss=0.0124 mean_kl=0.0001 stage=intermediate scheduler_success_rate=0.000
episodes 9860-9879: success_rate=0.750 mean_reward=299.32 mean_actor_loss=0.0124 mean_kl=0.0000 stage=full scheduler_success_rate=0.000
episodes 9880-9899: success_rate=0.550 mean_reward=-11.87 mean_actor_loss=0.0124 mean_kl=0.0000 stage=warmup scheduler_success_rate=1.000
episodes 9900-9919: success_rate=0.650 mean_reward=120.18 mean_actor_loss=0.0123 mean_kl=0.0000 stage=intermediate scheduler_success_rate=1.000
episodes 9920-9939: success_rate=0.550 mean_reward=-58.45 mean_actor_loss=0.0124 mean_kl=0.0000 stage=warmup scheduler_success_rate=0.667
episodes 9940-9959: success_rate=0.650 mean_reward=115.35 mean_actor_loss=0.0124 mean_kl=0.0000 stage=full scheduler_success_rate=0.500
episodes 9960-9979: success_rate=0.450 mean_reward=-245.29 mean_actor_loss=0.0123 mean_kl=0.0001 stage=intermediate scheduler_success_rate=0.000
episodes 9980-9999: success_rate=0.750 mean_reward=349.74 mean_actor_loss=0.0124 mean_kl=0.0001 stage=warmup scheduler_success_rate=0.000
episodes 10000-10019: success_rate=0.300 mean_reward=-523.70 mean_actor_loss=0.0123 mean_kl=0.0000 stage=warmup scheduler_success_rate=0.167
episodes 10020-10039: success_rate=0.550 mean_reward=-57.58 mean_actor_loss=0.0123 mean_kl=0.0000 stage=warmup scheduler_success_rate=0.667
episodes 10040-10059: success_rate=0.700 mean_reward=170.19 mean_actor_loss=0.0124 mean_kl=0.0000 stage=warmup scheduler_success_rate=0.600
episodes 10060-10079: success_rate=0.750 mean_reward=298.18 mean_actor_loss=0.0123 mean_kl=0.0000 stage=warmup scheduler_success_rate=0.600
episodes 10080-10099: success_rate=0.450 mean_reward=-250.16 mean_actor_loss=0.0123 mean_kl=0.0001 stage=warmup scheduler_success_rate=0.500
episodes 10100-10119: success_rate=0.600 mean_reward=29.00 mean_actor_loss=0.0124 mean_kl=0.0000 stage=warmup scheduler_success_rate=0.750
episodes 10120-10139: success_rate=0.550 mean_reward=-62.86 mean_actor_loss=0.0123 mean_kl=0.0000 stage=warmup scheduler_success_rate=0.667
episodes 10140-10159: success_rate=0.500 mean_reward=-157.55 mean_actor_loss=0.0123 mean_kl=0.0000 stage=warmup scheduler_success_rate=0.500
episodes 10160-10179: success_rate=0.800 mean_reward=400.53 mean_actor_loss=0.0123 mean_kl=0.0001 stage=full scheduler_success_rate=0.000
episodes 10180-10199: success_rate=0.550 mean_reward=-106.79 mean_actor_loss=0.0124 mean_kl=0.0000 stage=warmup scheduler_success_rate=0.500
episodes 10200-10219: success_rate=0.450 mean_reward=-245.30 mean_actor_loss=0.0123 mean_kl=0.0000 stage=warmup scheduler_success_rate=0.167
episodes 10220-10239: success_rate=0.850 mean_reward=482.64 mean_actor_loss=0.0124 mean_kl=0.0000 stage=warmup scheduler_success_rate=1.000
episodes 10240-10259: success_rate=0.550 mean_reward=-62.68 mean_actor_loss=0.0123 mean_kl=0.0001 stage=warmup scheduler_success_rate=0.500
episodes 10260-10279: success_rate=0.600 mean_reward=34.05 mean_actor_loss=0.0124 mean_kl=0.0000 stage=warmup scheduler_success_rate=0.000
episodes 10280-10299: success_rate=0.750 mean_reward=302.06 mean_actor_loss=0.0124 mean_kl=0.0001 stage=full scheduler_success_rate=1.000
episodes 10300-10319: success_rate=0.650 mean_reward=70.91 mean_actor_loss=0.0124 mean_kl=0.0001 stage=warmup scheduler_success_rate=0.667
episodes 10320-10339: success_rate=0.650 mean_reward=117.39 mean_actor_loss=0.0124 mean_kl=0.0000 stage=warmup scheduler_success_rate=0.667
episodes 10340-10359: success_rate=0.600 mean_reward=23.43 mean_actor_loss=0.0123 mean_kl=0.0000 stage=full scheduler_success_rate=0.000
episodes 10360-10379: success_rate=0.600 mean_reward=31.49 mean_actor_loss=0.0124 mean_kl=0.0000 stage=full scheduler_success_rate=0.500
episodes 10380-10399: success_rate=0.650 mean_reward=111.18 mean_actor_loss=0.0125 mean_kl=0.0001 stage=warmup scheduler_success_rate=0.000
episodes 10400-10419: success_rate=0.600 mean_reward=27.11 mean_actor_loss=0.0123 mean_kl=0.0000 stage=warmup scheduler_success_rate=0.667
episodes 10420-10439: success_rate=0.650 mean_reward=113.86 mean_actor_loss=0.0123 mean_kl=0.0000 stage=intermediate scheduler_success_rate=0.600
episodes 10440-10459: success_rate=0.500 mean_reward=-152.97 mean_actor_loss=0.0123 mean_kl=0.0000 stage=warmup scheduler_success_rate=0.000
episodes 10460-10479: success_rate=0.600 mean_reward=26.54 mean_actor_loss=0.0124 mean_kl=0.0000 stage=warmup scheduler_success_rate=0.500
episodes 10480-10499: success_rate=0.450 mean_reward=-246.29 mean_actor_loss=0.0122 mean_kl=0.0000 stage=warmup scheduler_success_rate=0.333
episodes 10500-10519: success_rate=0.700 mean_reward=167.01 mean_actor_loss=0.0123 mean_kl=0.0000 stage=full scheduler_success_rate=0.500
episodes 10520-10539: success_rate=0.450 mean_reward=-239.67 mean_actor_loss=0.0124 mean_kl=0.0000 stage=warmup scheduler_success_rate=0.500
episodes 10540-10559: success_rate=0.700 mean_reward=212.22 mean_actor_loss=0.0123 mean_kl=0.0000 stage=full scheduler_success_rate=0.000
episodes 10560-10579: success_rate=0.700 mean_reward=167.62 mean_actor_loss=0.0123 mean_kl=0.0000 stage=intermediate scheduler_success_rate=0.750
episodes 10580-10599: success_rate=0.700 mean_reward=163.72 mean_actor_loss=0.0124 mean_kl=0.0000 stage=intermediate scheduler_success_rate=0.750
episodes 10600-10619: success_rate=0.600 mean_reward=-12.00 mean_actor_loss=0.0124 mean_kl=0.0000 stage=intermediate scheduler_success_rate=0.500
episodes 10620-10639: success_rate=0.550 mean_reward=-63.50 mean_actor_loss=0.0123 mean_kl=0.0000 stage=warmup scheduler_success_rate=0.667
episodes 10640-10659: success_rate=0.600 mean_reward=28.26 mean_actor_loss=0.0123 mean_kl=0.0000 stage=warmup scheduler_success_rate=0.333
episodes 10660-10679: success_rate=0.350 mean_reward=-428.95 mean_actor_loss=0.0123 mean_kl=0.0000 stage=warmup scheduler_success_rate=0.500
episodes 10680-10699: success_rate=0.550 mean_reward=-69.18 mean_actor_loss=0.0123 mean_kl=0.0000 stage=warmup scheduler_success_rate=0.667
episodes 10700-10719: success_rate=0.600 mean_reward=22.61 mean_actor_loss=0.0123 mean_kl=0.0000 stage=intermediate scheduler_success_rate=0.500
episodes 10720-10739: success_rate=0.650 mean_reward=73.82 mean_actor_loss=0.0123 mean_kl=0.0000 stage=warmup scheduler_success_rate=0.000
episodes 10740-10759: success_rate=0.500 mean_reward=-154.19 mean_actor_loss=0.0123 mean_kl=0.0000 stage=warmup scheduler_success_rate=0.500
episodes 10760-10779: success_rate=0.750 mean_reward=300.98 mean_actor_loss=0.0123 mean_kl=0.0001 stage=intermediate scheduler_success_rate=0.000
episodes 10780-10799: success_rate=0.700 mean_reward=269.38 mean_actor_loss=0.0124 mean_kl=0.0000 stage=warmup scheduler_success_rate=0.500
episodes 10800-10819: success_rate=0.600 mean_reward=28.85 mean_actor_loss=0.0123 mean_kl=0.0000 stage=warmup scheduler_success_rate=0.000
episodes 10820-10839: success_rate=0.700 mean_reward=213.50 mean_actor_loss=0.0124 mean_kl=0.0000 stage=warmup scheduler_success_rate=0.500
episodes 10840-10859: success_rate=0.550 mean_reward=-60.97 mean_actor_loss=0.0124 mean_kl=0.0000 stage=warmup scheduler_success_rate=0.000
episodes 10860-10879: success_rate=0.500 mean_reward=-154.95 mean_actor_loss=0.0123 mean_kl=0.0000 stage=warmup scheduler_success_rate=0.500
episodes 10880-10899: success_rate=0.600 mean_reward=25.82 mean_actor_loss=0.0123 mean_kl=0.0001 stage=warmup scheduler_success_rate=0.000
episodes 10900-10919: success_rate=0.650 mean_reward=117.93 mean_actor_loss=0.0123 mean_kl=0.0000 stage=warmup scheduler_success_rate=0.600
episodes 10920-10939: success_rate=0.800 mean_reward=395.47 mean_actor_loss=0.0124 mean_kl=0.0001 stage=intermediate scheduler_success_rate=0.600
episodes 10940-10959: success_rate=0.750 mean_reward=353.80 mean_actor_loss=0.0124 mean_kl=0.0000 stage=warmup scheduler_success_rate=1.000
episodes 10960-10979: success_rate=0.700 mean_reward=213.34 mean_actor_loss=0.0124 mean_kl=0.0000 stage=intermediate scheduler_success_rate=0.667
episodes 10980-10999: success_rate=0.600 mean_reward=-17.15 mean_actor_loss=0.0123 mean_kl=0.0001 stage=intermediate scheduler_success_rate=0.500
episodes 11000-11019: success_rate=0.550 mean_reward=-63.52 mean_actor_loss=0.0123 mean_kl=0.0000 stage=intermediate scheduler_success_rate=1.000
episodes 11020-11039: success_rate=0.700 mean_reward=205.66 mean_actor_loss=0.0123 mean_kl=0.0000 stage=warmup scheduler_success_rate=1.000
episodes 11040-11059: success_rate=0.550 mean_reward=-64.28 mean_actor_loss=0.0123 mean_kl=0.0000 stage=warmup scheduler_success_rate=0.000
episodes 11060-11079: success_rate=0.750 mean_reward=369.36 mean_actor_loss=0.0123 mean_kl=0.0000 stage=intermediate scheduler_success_rate=0.000
episodes 11080-11099: success_rate=0.650 mean_reward=34.32 mean_actor_loss=0.0123 mean_kl=0.0000 stage=warmup scheduler_success_rate=0.500
episodes 11100-11119: success_rate=0.500 mean_reward=-156.32 mean_actor_loss=0.0123 mean_kl=0.0000 stage=full scheduler_success_rate=0.000
episodes 11120-11139: success_rate=0.850 mean_reward=486.63 mean_actor_loss=0.0124 mean_kl=0.0000 stage=full scheduler_success_rate=1.000
episodes 11140-11159: success_rate=0.700 mean_reward=167.59 mean_actor_loss=0.0123 mean_kl=0.0001 stage=warmup scheduler_success_rate=0.750
episodes 11160-11179: success_rate=0.700 mean_reward=210.66 mean_actor_loss=0.0123 mean_kl=0.0000 stage=full scheduler_success_rate=0.750
episodes 11180-11199: success_rate=0.650 mean_reward=65.50 mean_actor_loss=0.0124 mean_kl=0.0000 stage=full scheduler_success_rate=0.333
episodes 11200-11219: success_rate=0.550 mean_reward=-21.46 mean_actor_loss=0.0124 mean_kl=0.0000 stage=warmup scheduler_success_rate=0.500
episodes 11220-11239: success_rate=0.600 mean_reward=32.90 mean_actor_loss=0.0124 mean_kl=0.0001 stage=intermediate scheduler_success_rate=1.000
episodes 11240-11259: success_rate=0.550 mean_reward=-108.76 mean_actor_loss=0.0124 mean_kl=0.0001 stage=warmup scheduler_success_rate=0.500
episodes 11260-11279: success_rate=0.750 mean_reward=300.32 mean_actor_loss=0.0123 mean_kl=0.0000 stage=full scheduler_success_rate=0.000
episodes 11280-11299: success_rate=0.450 mean_reward=-292.70 mean_actor_loss=0.0123 mean_kl=0.0000 stage=warmup scheduler_success_rate=0.500
episodes 11300-11319: success_rate=0.500 mean_reward=-160.61 mean_actor_loss=0.0124 mean_kl=0.0000 stage=warmup scheduler_success_rate=0.500
episodes 11320-11339: success_rate=0.550 mean_reward=-62.37 mean_actor_loss=0.0124 mean_kl=0.0000 stage=warmup scheduler_success_rate=0.500
episodes 11340-11359: success_rate=0.650 mean_reward=72.59 mean_actor_loss=0.0124 mean_kl=0.0000 stage=full scheduler_success_rate=0.000
episodes 11360-11379: success_rate=0.650 mean_reward=68.60 mean_actor_loss=0.0123 mean_kl=0.0000 stage=warmup scheduler_success_rate=1.000
episodes 11380-11399: success_rate=0.500 mean_reward=-154.08 mean_actor_loss=0.0124 mean_kl=0.0000 stage=intermediate scheduler_success_rate=0.000
episodes 11400-11419: success_rate=0.650 mean_reward=119.96 mean_actor_loss=0.0124 mean_kl=0.0000 stage=full scheduler_success_rate=0.333
episodes 11420-11439: success_rate=0.650 mean_reward=69.51 mean_actor_loss=0.0123 mean_kl=0.0001 stage=warmup scheduler_success_rate=0.667
episodes 11440-11459: success_rate=0.600 mean_reward=27.04 mean_actor_loss=0.0124 mean_kl=0.0000 stage=warmup scheduler_success_rate=1.000
episodes 11460-11479: success_rate=0.800 mean_reward=348.93 mean_actor_loss=0.0123 mean_kl=0.0001 stage=intermediate scheduler_success_rate=0.000
episodes 11480-11499: success_rate=0.600 mean_reward=24.39 mean_actor_loss=0.0124 mean_kl=0.0000 stage=intermediate scheduler_success_rate=0.000
episodes 11500-11519: success_rate=0.750 mean_reward=292.94 mean_actor_loss=0.0123 mean_kl=0.0000 stage=full scheduler_success_rate=1.000
episodes 11520-11539: success_rate=0.600 mean_reward=19.51 mean_actor_loss=0.0123 mean_kl=0.0000 stage=warmup scheduler_success_rate=0.667
episodes 11540-11559: success_rate=0.550 mean_reward=-58.91 mean_actor_loss=0.0123 mean_kl=0.0000 stage=warmup scheduler_success_rate=0.667
episodes 11560-11579: success_rate=0.550 mean_reward=-62.16 mean_actor_loss=0.0123 mean_kl=0.0000 stage=warmup scheduler_success_rate=0.333
episodes 11580-11599: success_rate=0.600 mean_reward=22.94 mean_actor_loss=0.0123 mean_kl=0.0000 stage=intermediate scheduler_success_rate=1.000
episodes 11600-11619: success_rate=0.600 mean_reward=22.42 mean_actor_loss=0.0124 mean_kl=0.0000 stage=intermediate scheduler_success_rate=0.500
episodes 11620-11639: success_rate=0.750 mean_reward=303.94 mean_actor_loss=0.0123 mean_kl=0.0000 stage=full scheduler_success_rate=0.000
episodes 11640-11659: success_rate=0.500 mean_reward=-251.07 mean_actor_loss=0.0125 mean_kl=0.0000 stage=full scheduler_success_rate=0.000
episodes 11660-11679: success_rate=0.700 mean_reward=207.98 mean_actor_loss=0.0123 mean_kl=0.0000 stage=warmup scheduler_success_rate=0.000
episodes 11680-11699: success_rate=0.600 mean_reward=26.07 mean_actor_loss=0.0123 mean_kl=0.0000 stage=warmup scheduler_success_rate=0.500
episodes 11700-11719: success_rate=0.550 mean_reward=-64.35 mean_actor_loss=0.0123 mean_kl=0.0000 stage=warmup scheduler_success_rate=0.667
episodes 11720-11739: success_rate=0.850 mean_reward=484.57 mean_actor_loss=0.0124 mean_kl=0.0001 stage=full scheduler_success_rate=1.000
episodes 11740-11759: success_rate=0.600 mean_reward=25.76 mean_actor_loss=0.0123 mean_kl=0.0001 stage=warmup scheduler_success_rate=0.000
episodes 11760-11779: success_rate=0.800 mean_reward=351.36 mean_actor_loss=0.0123 mean_kl=0.0000 stage=intermediate scheduler_success_rate=0.750
episodes 11780-11799: success_rate=0.750 mean_reward=301.77 mean_actor_loss=0.0124 mean_kl=0.0000 stage=intermediate scheduler_success_rate=1.000
episodes 11800-11819: success_rate=0.600 mean_reward=22.24 mean_actor_loss=0.0123 mean_kl=0.0000 stage=warmup scheduler_success_rate=0.667
episodes 11820-11839: success_rate=0.650 mean_reward=119.70 mean_actor_loss=0.0123 mean_kl=0.0000 stage=warmup scheduler_success_rate=1.000
episodes 11840-11859: success_rate=0.700 mean_reward=209.48 mean_actor_loss=0.0124 mean_kl=0.0001 stage=intermediate scheduler_success_rate=1.000
episodes 11860-11879: success_rate=0.700 mean_reward=169.39 mean_actor_loss=0.0124 mean_kl=0.0000 stage=full scheduler_success_rate=0.750
episodes 11880-11899: success_rate=0.550 mean_reward=-113.21 mean_actor_loss=0.0124 mean_kl=0.0000 stage=warmup scheduler_success_rate=0.000
episodes 11900-11919: success_rate=0.500 mean_reward=-152.34 mean_actor_loss=0.0123 mean_kl=0.0000 stage=warmup scheduler_success_rate=0.667
episodes 11920-11939: success_rate=0.650 mean_reward=121.81 mean_actor_loss=0.0123 mean_kl=0.0000 stage=intermediate scheduler_success_rate=1.000
episodes 11940-11959: success_rate=0.500 mean_reward=-156.02 mean_actor_loss=0.0123 mean_kl=0.0000 stage=intermediate scheduler_success_rate=0.500
episodes 11960-11979: success_rate=0.600 mean_reward=28.27 mean_actor_loss=0.0124 mean_kl=0.0001 stage=warmup scheduler_success_rate=0.500
episodes 11980-11999: success_rate=0.600 mean_reward=29.85 mean_actor_loss=0.0123 mean_kl=0.0000 stage=intermediate scheduler_success_rate=0.000
episodes 12000-12019: success_rate=0.600 mean_reward=23.04 mean_actor_loss=0.0123 mean_kl=0.0000 stage=warmup scheduler_success_rate=0.667
episodes 12020-12039: success_rate=0.650 mean_reward=118.72 mean_actor_loss=0.0123 mean_kl=0.0001 stage=intermediate scheduler_success_rate=0.000
episodes 12040-12059: success_rate=0.650 mean_reward=117.74 mean_actor_loss=0.0124 mean_kl=0.0001 stage=intermediate scheduler_success_rate=0.333
episodes 12060-12079: success_rate=0.750 mean_reward=303.68 mean_actor_loss=0.0123 mean_kl=0.0001 stage=intermediate scheduler_success_rate=1.000
episodes 12080-12099: success_rate=0.400 mean_reward=-293.89 mean_actor_loss=0.0124 mean_kl=0.0000 stage=warmup scheduler_success_rate=0.333
episodes 12100-12119: success_rate=0.700 mean_reward=213.42 mean_actor_loss=0.0123 mean_kl=0.0000 stage=intermediate scheduler_success_rate=0.333
episodes 12120-12139: success_rate=0.600 mean_reward=18.83 mean_actor_loss=0.0124 mean_kl=0.0000 stage=warmup scheduler_success_rate=0.333
episodes 12140-12159: success_rate=0.550 mean_reward=-65.27 mean_actor_loss=0.0124 mean_kl=0.0000 stage=warmup scheduler_success_rate=1.000
episodes 12160-12179: success_rate=0.600 mean_reward=26.04 mean_actor_loss=0.0123 mean_kl=0.0001 stage=full scheduler_success_rate=1.000
episodes 12180-12199: success_rate=0.450 mean_reward=-255.18 mean_actor_loss=0.0123 mean_kl=0.0000 stage=warmup scheduler_success_rate=0.667
episodes 12200-12219: success_rate=0.450 mean_reward=-242.02 mean_actor_loss=0.0124 mean_kl=0.0000 stage=warmup scheduler_success_rate=0.500
episodes 12220-12239: success_rate=0.700 mean_reward=216.65 mean_actor_loss=0.0123 mean_kl=0.0001 stage=warmup scheduler_success_rate=1.000
episodes 12240-12259: success_rate=0.700 mean_reward=210.95 mean_actor_loss=0.0123 mean_kl=0.0000 stage=full scheduler_success_rate=0.000
episodes 12260-12279: success_rate=0.600 mean_reward=-18.52 mean_actor_loss=0.0123 mean_kl=0.0001 stage=warmup scheduler_success_rate=0.500
episodes 12280-12299: success_rate=0.400 mean_reward=-341.96 mean_actor_loss=0.0123 mean_kl=0.0000 stage=warmup scheduler_success_rate=0.167
episodes 12300-12319: success_rate=0.550 mean_reward=-63.68 mean_actor_loss=0.0123 mean_kl=0.0000 stage=warmup scheduler_success_rate=0.750
episodes 12320-12339: success_rate=0.650 mean_reward=123.74 mean_actor_loss=0.0124 mean_kl=0.0000 stage=intermediate scheduler_success_rate=0.000
episodes 12340-12359: success_rate=0.650 mean_reward=116.67 mean_actor_loss=0.0123 mean_kl=0.0000 stage=full scheduler_success_rate=0.000
episodes 12360-12379: success_rate=0.600 mean_reward=-67.62 mean_actor_loss=0.0124 mean_kl=0.0001 stage=warmup scheduler_success_rate=1.000
episodes 12380-12399: success_rate=0.450 mean_reward=-245.16 mean_actor_loss=0.0123 mean_kl=0.0001 stage=warmup scheduler_success_rate=0.500
episodes 12400-12419: success_rate=0.600 mean_reward=25.75 mean_actor_loss=0.0123 mean_kl=0.0000 stage=intermediate scheduler_success_rate=0.750
episodes 12420-12439: success_rate=0.550 mean_reward=-153.67 mean_actor_loss=0.0124 mean_kl=0.0000 stage=intermediate scheduler_success_rate=0.000
episodes 12440-12459: success_rate=0.550 mean_reward=-66.92 mean_actor_loss=0.0123 mean_kl=0.0000 stage=warmup scheduler_success_rate=0.500
episodes 12460-12479: success_rate=0.500 mean_reward=-153.35 mean_actor_loss=0.0124 mean_kl=0.0001 stage=warmup scheduler_success_rate=0.000
episodes 12480-12499: success_rate=0.700 mean_reward=210.04 mean_actor_loss=0.0123 mean_kl=0.0001 stage=intermediate scheduler_success_rate=0.667
episodes 12500-12519: success_rate=0.650 mean_reward=123.60 mean_actor_loss=0.0123 mean_kl=0.0001 stage=intermediate scheduler_success_rate=0.667
episodes 12520-12539: success_rate=0.400 mean_reward=-247.01 mean_actor_loss=0.0123 mean_kl=0.0000 stage=warmup scheduler_success_rate=0.333
episodes 12540-12559: success_rate=0.500 mean_reward=-152.80 mean_actor_loss=0.0124 mean_kl=0.0000 stage=warmup scheduler_success_rate=0.500
episodes 12560-12579: success_rate=0.600 mean_reward=31.55 mean_actor_loss=0.0123 mean_kl=0.0000 stage=warmup scheduler_success_rate=0.500
episodes 12580-12599: success_rate=0.800 mean_reward=394.46 mean_actor_loss=0.0124 mean_kl=0.0001 stage=full scheduler_success_rate=0.750
episodes 12600-12619: success_rate=0.600 mean_reward=22.80 mean_actor_loss=0.0124 mean_kl=0.0001 stage=warmup scheduler_success_rate=0.500
episodes 12620-12639: success_rate=0.550 mean_reward=-64.44 mean_actor_loss=0.0123 mean_kl=0.0000 stage=warmup scheduler_success_rate=0.667
episodes 12640-12659: success_rate=0.750 mean_reward=247.81 mean_actor_loss=0.0124 mean_kl=0.0000 stage=full scheduler_success_rate=0.333
episodes 12660-12679: success_rate=0.700 mean_reward=218.70 mean_actor_loss=0.0123 mean_kl=0.0000 stage=full scheduler_success_rate=0.750
episodes 12680-12699: success_rate=0.650 mean_reward=25.67 mean_actor_loss=0.0124 mean_kl=0.0001 stage=warmup scheduler_success_rate=0.667
episodes 12700-12719: success_rate=0.700 mean_reward=211.63 mean_actor_loss=0.0124 mean_kl=0.0000 stage=intermediate scheduler_success_rate=1.000
episodes 12720-12739: success_rate=0.750 mean_reward=259.11 mean_actor_loss=0.0124 mean_kl=0.0000 stage=intermediate scheduler_success_rate=0.750
episodes 12740-12759: success_rate=0.800 mean_reward=393.42 mean_actor_loss=0.0124 mean_kl=0.0001 stage=full scheduler_success_rate=0.500
episodes 12760-12779: success_rate=0.600 mean_reward=-8.70 mean_actor_loss=0.0123 mean_kl=0.0001 stage=warmup scheduler_success_rate=1.000
episodes 12780-12799: success_rate=0.650 mean_reward=76.82 mean_actor_loss=0.0124 mean_kl=0.0000 stage=intermediate scheduler_success_rate=0.000
episodes 12800-12819: success_rate=0.650 mean_reward=78.52 mean_actor_loss=0.0124 mean_kl=0.0000 stage=intermediate scheduler_success_rate=0.000
episodes 12820-12839: success_rate=0.600 mean_reward=-39.55 mean_actor_loss=0.0124 mean_kl=0.0001 stage=warmup scheduler_success_rate=1.000
episodes 12840-12859: success_rate=0.850 mean_reward=482.53 mean_actor_loss=0.0123 mean_kl=0.0000 stage=full scheduler_success_rate=0.833
episodes 12860-12879: success_rate=0.650 mean_reward=178.63 mean_actor_loss=0.0124 mean_kl=0.0001 stage=intermediate scheduler_success_rate=1.000
episodes 12880-12899: success_rate=0.650 mean_reward=74.19 mean_actor_loss=0.0123 mean_kl=0.0000 stage=intermediate scheduler_success_rate=0.500
episodes 12900-12919: success_rate=0.750 mean_reward=393.50 mean_actor_loss=0.0124 mean_kl=0.0001 stage=intermediate scheduler_success_rate=0.667
episodes 12920-12939: success_rate=0.600 mean_reward=25.39 mean_actor_loss=0.0123 mean_kl=0.0001 stage=full scheduler_success_rate=1.000
episodes 12940-12959: success_rate=0.750 mean_reward=215.12 mean_actor_loss=0.0124 mean_kl=0.0001 stage=intermediate scheduler_success_rate=1.000
episodes 12960-12979: success_rate=0.650 mean_reward=115.22 mean_actor_loss=0.0123 mean_kl=0.0000 stage=warmup scheduler_success_rate=0.667
episodes 12980-12999: success_rate=0.750 mean_reward=305.92 mean_actor_loss=0.0123 mean_kl=0.0000 stage=intermediate scheduler_success_rate=1.000
episodes 13000-13019: success_rate=0.650 mean_reward=26.66 mean_actor_loss=0.0124 mean_kl=0.0001 stage=warmup scheduler_success_rate=1.000
episodes 13020-13039: success_rate=0.850 mean_reward=477.48 mean_actor_loss=0.0124 mean_kl=0.0001 stage=full scheduler_success_rate=0.500
episodes 13040-13059: success_rate=0.450 mean_reward=-252.22 mean_actor_loss=0.0123 mean_kl=0.0000 stage=warmup scheduler_success_rate=0.167
episodes 13060-13079: success_rate=0.600 mean_reward=28.54 mean_actor_loss=0.0123 mean_kl=0.0000 stage=warmup scheduler_success_rate=0.500
episodes 13080-13099: success_rate=0.700 mean_reward=300.69 mean_actor_loss=0.0123 mean_kl=0.0001 stage=full scheduler_success_rate=0.000
episodes 13100-13119: success_rate=0.750 mean_reward=299.83 mean_actor_loss=0.0124 mean_kl=0.0001 stage=intermediate scheduler_success_rate=0.667
episodes 13120-13139: success_rate=0.850 mean_reward=443.95 mean_actor_loss=0.0123 mean_kl=0.0000 stage=full scheduler_success_rate=1.000
episodes 13140-13159: success_rate=0.800 mean_reward=392.41 mean_actor_loss=0.0123 mean_kl=0.0001 stage=intermediate scheduler_success_rate=1.000
episodes 13160-13179: success_rate=0.400 mean_reward=-346.49 mean_actor_loss=0.0124 mean_kl=0.0000 stage=warmup scheduler_success_rate=0.500
episodes 13180-13199: success_rate=0.600 mean_reward=28.36 mean_actor_loss=0.0123 mean_kl=0.0000 stage=intermediate scheduler_success_rate=0.000
episodes 13200-13219: success_rate=0.450 mean_reward=-250.09 mean_actor_loss=0.0123 mean_kl=0.0000 stage=warmup scheduler_success_rate=0.500
episodes 13220-13239: success_rate=0.550 mean_reward=-64.12 mean_actor_loss=0.0123 mean_kl=0.0000 stage=warmup scheduler_success_rate=0.500
episodes 13240-13259: success_rate=0.500 mean_reward=-155.15 mean_actor_loss=0.0124 mean_kl=0.0000 stage=warmup scheduler_success_rate=0.500
episodes 13260-13279: success_rate=0.750 mean_reward=307.83 mean_actor_loss=0.0123 mean_kl=0.0000 stage=warmup scheduler_success_rate=0.750
episodes 13280-13299: success_rate=0.650 mean_reward=116.83 mean_actor_loss=0.0123 mean_kl=0.0000 stage=intermediate scheduler_success_rate=0.000
episodes 13300-13319: success_rate=0.400 mean_reward=-342.01 mean_actor_loss=0.0123 mean_kl=0.0000 stage=warmup scheduler_success_rate=0.500
episodes 13320-13339: success_rate=0.600 mean_reward=25.58 mean_actor_loss=0.0123 mean_kl=0.0000 stage=warmup scheduler_success_rate=0.500
episodes 13340-13359: success_rate=0.700 mean_reward=210.16 mean_actor_loss=0.0124 mean_kl=0.0000 stage=intermediate scheduler_success_rate=1.000
episodes 13360-13379: success_rate=0.650 mean_reward=203.01 mean_actor_loss=0.0124 mean_kl=0.0001 stage=intermediate scheduler_success_rate=1.000
episodes 13380-13399: success_rate=0.650 mean_reward=120.90 mean_actor_loss=0.0124 mean_kl=0.0000 stage=intermediate scheduler_success_rate=1.000
episodes 13400-13419: success_rate=0.600 mean_reward=27.64 mean_actor_loss=0.0124 mean_kl=0.0001 stage=warmup scheduler_success_rate=0.667
episodes 13420-13439: success_rate=0.600 mean_reward=29.42 mean_actor_loss=0.0124 mean_kl=0.0000 stage=warmup scheduler_success_rate=0.500
episodes 13440-13459: success_rate=0.350 mean_reward=-426.00 mean_actor_loss=0.0124 mean_kl=0.0000 stage=warmup scheduler_success_rate=0.500
episodes 13460-13479: success_rate=0.650 mean_reward=121.07 mean_actor_loss=0.0123 mean_kl=0.0000 stage=intermediate scheduler_success_rate=0.000
episodes 13480-13499: success_rate=0.700 mean_reward=160.38 mean_actor_loss=0.0123 mean_kl=0.0000 stage=intermediate scheduler_success_rate=0.000
episodes 13500-13519: success_rate=0.550 mean_reward=-66.66 mean_actor_loss=0.0123 mean_kl=0.0000 stage=full scheduler_success_rate=0.000
episodes 13520-13539: success_rate=0.350 mean_reward=-428.49 mean_actor_loss=0.0124 mean_kl=0.0000 stage=warmup scheduler_success_rate=0.333
episodes 13540-13559: success_rate=0.650 mean_reward=172.68 mean_actor_loss=0.0123 mean_kl=0.0000 stage=full scheduler_success_rate=0.333
episodes 13560-13579: success_rate=0.500 mean_reward=-105.73 mean_actor_loss=0.0123 mean_kl=0.0000 stage=warmup scheduler_success_rate=0.500
episodes 13580-13599: success_rate=0.650 mean_reward=120.66 mean_actor_loss=0.0123 mean_kl=0.0000 stage=warmup scheduler_success_rate=0.500
episodes 13600-13619: success_rate=0.800 mean_reward=488.23 mean_actor_loss=0.0124 mean_kl=0.0000 stage=full scheduler_success_rate=0.833
episodes 13620-13639: success_rate=0.850 mean_reward=539.31 mean_actor_loss=0.0124 mean_kl=0.0001 stage=full scheduler_success_rate=0.000
episodes 13640-13659: success_rate=0.700 mean_reward=260.78 mean_actor_loss=0.0124 mean_kl=0.0000 stage=full scheduler_success_rate=0.667
episodes 13660-13679: success_rate=0.600 mean_reward=-11.77 mean_actor_loss=0.0123 mean_kl=0.0000 stage=warmup scheduler_success_rate=0.500
episodes 13680-13699: success_rate=0.700 mean_reward=165.91 mean_actor_loss=0.0123 mean_kl=0.0001 stage=full scheduler_success_rate=0.333
episodes 13700-13719: success_rate=0.550 mean_reward=-16.21 mean_actor_loss=0.0124 mean_kl=0.0000 stage=full scheduler_success_rate=0.333
episodes 13720-13739: success_rate=0.700 mean_reward=169.22 mean_actor_loss=0.0123 mean_kl=0.0000 stage=warmup scheduler_success_rate=0.750
episodes 13740-13759: success_rate=0.650 mean_reward=123.80 mean_actor_loss=0.0124 mean_kl=0.0000 stage=intermediate scheduler_success_rate=0.750
episodes 13760-13779: success_rate=0.700 mean_reward=158.66 mean_actor_loss=0.0124 mean_kl=0.0000 stage=full scheduler_success_rate=0.500
episodes 13780-13799: success_rate=0.550 mean_reward=-62.87 mean_actor_loss=0.0123 mean_kl=0.0000 stage=warmup scheduler_success_rate=0.500
episodes 13800-13819: success_rate=0.750 mean_reward=306.37 mean_actor_loss=0.0124 mean_kl=0.0000 stage=intermediate scheduler_success_rate=0.500
episodes 13820-13839: success_rate=0.600 mean_reward=28.65 mean_actor_loss=0.0124 mean_kl=0.0000 stage=warmup scheduler_success_rate=0.333
episodes 13840-13859: success_rate=0.750 mean_reward=304.66 mean_actor_loss=0.0123 mean_kl=0.0000 stage=full scheduler_success_rate=1.000
episodes 13860-13879: success_rate=0.700 mean_reward=208.99 mean_actor_loss=0.0124 mean_kl=0.0000 stage=full scheduler_success_rate=0.667
episodes 13880-13899: success_rate=0.350 mean_reward=-433.02 mean_actor_loss=0.0123 mean_kl=0.0000 stage=warmup scheduler_success_rate=0.000
episodes 13900-13919: success_rate=0.700 mean_reward=210.15 mean_actor_loss=0.0123 mean_kl=0.0000 stage=intermediate scheduler_success_rate=0.000
episodes 13920-13939: success_rate=0.550 mean_reward=-65.38 mean_actor_loss=0.0123 mean_kl=0.0000 stage=warmup scheduler_success_rate=0.400
episodes 13940-13959: success_rate=0.650 mean_reward=119.99 mean_actor_loss=0.0123 mean_kl=0.0000 stage=intermediate scheduler_success_rate=0.000
episodes 13960-13979: success_rate=0.700 mean_reward=211.20 mean_actor_loss=0.0124 mean_kl=0.0001 stage=warmup scheduler_success_rate=0.750
episodes 13980-13999: success_rate=0.650 mean_reward=118.07 mean_actor_loss=0.0123 mean_kl=0.0000 stage=intermediate scheduler_success_rate=1.000
episodes 14000-14019: success_rate=0.550 mean_reward=-70.88 mean_actor_loss=0.0123 mean_kl=0.0001 stage=warmup scheduler_success_rate=0.000
episodes 14020-14039: success_rate=0.700 mean_reward=210.85 mean_actor_loss=0.0123 mean_kl=0.0001 stage=intermediate scheduler_success_rate=0.000
episodes 14040-14059: success_rate=0.600 mean_reward=19.97 mean_actor_loss=0.0123 mean_kl=0.0001 stage=warmup scheduler_success_rate=0.750
episodes 14060-14079: success_rate=0.500 mean_reward=-155.68 mean_actor_loss=0.0124 mean_kl=0.0000 stage=warmup scheduler_success_rate=1.000
episodes 14080-14099: success_rate=0.400 mean_reward=-336.98 mean_actor_loss=0.0123 mean_kl=0.0000 stage=warmup scheduler_success_rate=0.333
episodes 14100-14119: success_rate=0.600 mean_reward=23.98 mean_actor_loss=0.0123 mean_kl=0.0000 stage=warmup scheduler_success_rate=0.667
episodes 14120-14139: success_rate=0.550 mean_reward=-63.43 mean_actor_loss=0.0123 mean_kl=0.0000 stage=warmup scheduler_success_rate=0.000
episodes 14140-14159: success_rate=0.700 mean_reward=211.59 mean_actor_loss=0.0123 mean_kl=0.0001 stage=warmup scheduler_success_rate=0.500
episodes 14160-14179: success_rate=0.800 mean_reward=354.67 mean_actor_loss=0.0124 mean_kl=0.0000 stage=full scheduler_success_rate=0.000
episodes 14180-14199: success_rate=0.650 mean_reward=113.10 mean_actor_loss=0.0123 mean_kl=0.0000 stage=warmup scheduler_success_rate=1.000
episodes 14200-14219: success_rate=0.600 mean_reward=28.81 mean_actor_loss=0.0123 mean_kl=0.0000 stage=intermediate scheduler_success_rate=1.000
episodes 14220-14239: success_rate=0.550 mean_reward=-63.51 mean_actor_loss=0.0123 mean_kl=0.0000 stage=warmup scheduler_success_rate=0.333
episodes 14240-14259: success_rate=0.800 mean_reward=368.42 mean_actor_loss=0.0124 mean_kl=0.0001 stage=intermediate scheduler_success_rate=0.000
episodes 14260-14279: success_rate=0.600 mean_reward=29.33 mean_actor_loss=0.0124 mean_kl=0.0000 stage=warmup scheduler_success_rate=0.333
episodes 14280-14299: success_rate=0.850 mean_reward=489.75 mean_actor_loss=0.0123 mean_kl=0.0001 stage=full scheduler_success_rate=1.000
episodes 14300-14319: success_rate=0.650 mean_reward=73.15 mean_actor_loss=0.0123 mean_kl=0.0000 stage=intermediate scheduler_success_rate=0.000
episodes 14320-14339: success_rate=0.700 mean_reward=163.12 mean_actor_loss=0.0124 mean_kl=0.0000 stage=intermediate scheduler_success_rate=0.000
episodes 14340-14359: success_rate=0.650 mean_reward=124.54 mean_actor_loss=0.0124 mean_kl=0.0000 stage=warmup scheduler_success_rate=0.667
episodes 14360-14379: success_rate=0.400 mean_reward=-340.13 mean_actor_loss=0.0123 mean_kl=0.0000 stage=warmup scheduler_success_rate=0.200
episodes 14380-14399: success_rate=0.450 mean_reward=-240.55 mean_actor_loss=0.0124 mean_kl=0.0000 stage=warmup scheduler_success_rate=0.333
episodes 14400-14419: success_rate=0.650 mean_reward=76.97 mean_actor_loss=0.0124 mean_kl=0.0000 stage=intermediate scheduler_success_rate=0.750
episodes 14420-14439: success_rate=0.550 mean_reward=-62.37 mean_actor_loss=0.0124 mean_kl=0.0000 stage=warmup scheduler_success_rate=1.000
episodes 14440-14459: success_rate=0.500 mean_reward=-148.31 mean_actor_loss=0.0123 mean_kl=0.0000 stage=warmup scheduler_success_rate=0.400
episodes 14460-14479: success_rate=0.500 mean_reward=-156.70 mean_actor_loss=0.0123 mean_kl=0.0000 stage=warmup scheduler_success_rate=0.500
episodes 14480-14499: success_rate=0.550 mean_reward=-61.51 mean_actor_loss=0.0123 mean_kl=0.0000 stage=warmup scheduler_success_rate=0.500
episodes 14500-14519: success_rate=0.800 mean_reward=392.91 mean_actor_loss=0.0124 mean_kl=0.0000 stage=intermediate scheduler_success_rate=0.000
episodes 14520-14539: success_rate=0.850 mean_reward=547.05 mean_actor_loss=0.0123 mean_kl=0.0000 stage=full scheduler_success_rate=0.833
episodes 14540-14559: success_rate=0.600 mean_reward=-71.86 mean_actor_loss=0.0123 mean_kl=0.0000 stage=warmup scheduler_success_rate=0.500
episodes 14560-14579: success_rate=0.600 mean_reward=25.69 mean_actor_loss=0.0123 mean_kl=0.0000 stage=intermediate scheduler_success_rate=0.000
episodes 14580-14599: success_rate=0.800 mean_reward=390.30 mean_actor_loss=0.0123 mean_kl=0.0000 stage=full scheduler_success_rate=1.000
episodes 14600-14619: success_rate=0.700 mean_reward=204.13 mean_actor_loss=0.0123 mean_kl=0.0000 stage=full scheduler_success_rate=1.000
episodes 14620-14639: success_rate=0.700 mean_reward=163.70 mean_actor_loss=0.0124 mean_kl=0.0001 stage=intermediate scheduler_success_rate=0.000
episodes 14640-14659: success_rate=0.550 mean_reward=-67.60 mean_actor_loss=0.0123 mean_kl=0.0000 stage=warmup scheduler_success_rate=0.667
episodes 14660-14679: success_rate=0.850 mean_reward=534.28 mean_actor_loss=0.0124 mean_kl=0.0000 stage=full scheduler_success_rate=0.833
episodes 14680-14699: success_rate=0.800 mean_reward=410.83 mean_actor_loss=0.0124 mean_kl=0.0000 stage=full scheduler_success_rate=1.000
episodes 14700-14719: success_rate=0.600 mean_reward=-19.75 mean_actor_loss=0.0124 mean_kl=0.0000 stage=warmup scheduler_success_rate=1.000
episodes 14720-14739: success_rate=0.850 mean_reward=494.30 mean_actor_loss=0.0124 mean_kl=0.0000 stage=full scheduler_success_rate=0.000
episodes 14740-14759: success_rate=0.650 mean_reward=24.84 mean_actor_loss=0.0124 mean_kl=0.0001 stage=warmup scheduler_success_rate=0.000
episodes 14760-14779: success_rate=0.750 mean_reward=299.28 mean_actor_loss=0.0124 mean_kl=0.0001 stage=warmup scheduler_success_rate=1.000
episodes 14780-14799: success_rate=0.400 mean_reward=-340.18 mean_actor_loss=0.0123 mean_kl=0.0000 stage=warmup scheduler_success_rate=0.000
episodes 14800-14819: success_rate=0.650 mean_reward=122.83 mean_actor_loss=0.0124 mean_kl=0.0000 stage=intermediate scheduler_success_rate=1.000
episodes 14820-14839: success_rate=0.400 mean_reward=-338.12 mean_actor_loss=0.0124 mean_kl=0.0000 stage=warmup scheduler_success_rate=0.000
episodes 14840-14859: success_rate=0.500 mean_reward=-160.78 mean_actor_loss=0.0123 mean_kl=0.0001 stage=warmup scheduler_success_rate=0.500
episodes 14860-14879: success_rate=0.700 mean_reward=212.79 mean_actor_loss=0.0123 mean_kl=0.0000 stage=intermediate scheduler_success_rate=1.000
episodes 14880-14899: success_rate=0.800 mean_reward=392.67 mean_actor_loss=0.0124 mean_kl=0.0000 stage=full scheduler_success_rate=1.000
episodes 14900-14919: success_rate=0.650 mean_reward=75.71 mean_actor_loss=0.0124 mean_kl=0.0000 stage=intermediate scheduler_success_rate=1.000
episodes 14920-14939: success_rate=0.250 mean_reward=-618.31 mean_actor_loss=0.0123 mean_kl=0.0000 stage=warmup scheduler_success_rate=0.500
episodes 14940-14959: success_rate=0.500 mean_reward=-155.83 mean_actor_loss=0.0123 mean_kl=0.0000 stage=intermediate scheduler_success_rate=0.000
episodes 14960-14979: success_rate=0.500 mean_reward=-155.63 mean_actor_loss=0.0123 mean_kl=0.0000 stage=warmup scheduler_success_rate=0.500
episodes 14980-14999: success_rate=0.500 mean_reward=-156.00 mean_actor_loss=0.0123 mean_kl=0.0000 stage=warmup scheduler_success_rate=0.500
episodes 15000-15019: success_rate=0.650 mean_reward=121.57 mean_actor_loss=0.0123 mean_kl=0.0001 stage=warmup scheduler_success_rate=0.000
episodes 15020-15039: success_rate=0.600 mean_reward=29.27 mean_actor_loss=0.0123 mean_kl=0.0000 stage=warmup scheduler_success_rate=0.600
episodes 15040-15059: success_rate=0.600 mean_reward=26.86 mean_actor_loss=0.0123 mean_kl=0.0000 stage=warmup scheduler_success_rate=0.667
episodes 15060-15079: success_rate=0.600 mean_reward=26.58 mean_actor_loss=0.0123 mean_kl=0.0000 stage=intermediate scheduler_success_rate=0.000
episodes 15080-15099: success_rate=0.600 mean_reward=170.11 mean_actor_loss=0.0123 mean_kl=0.0000 stage=intermediate scheduler_success_rate=0.333
episodes 15100-15119: success_rate=0.550 mean_reward=-63.31 mean_actor_loss=0.0123 mean_kl=0.0000 stage=warmup scheduler_success_rate=0.500
episodes 15120-15139: success_rate=0.550 mean_reward=-63.58 mean_actor_loss=0.0123 mean_kl=0.0000 stage=warmup scheduler_success_rate=0.500
episodes 15140-15159: success_rate=0.700 mean_reward=256.22 mean_actor_loss=0.0123 mean_kl=0.0000 stage=full scheduler_success_rate=0.667
episodes 15160-15179: success_rate=0.600 mean_reward=-16.62 mean_actor_loss=0.0123 mean_kl=0.0000 stage=warmup scheduler_success_rate=0.600
episodes 15180-15199: success_rate=0.550 mean_reward=-64.50 mean_actor_loss=0.0123 mean_kl=0.0001 stage=warmup scheduler_success_rate=0.500
episodes 15200-15219: success_rate=0.650 mean_reward=118.76 mean_actor_loss=0.0123 mean_kl=0.0000 stage=warmup scheduler_success_rate=0.667
episodes 15220-15239: success_rate=0.700 mean_reward=210.32 mean_actor_loss=0.0124 mean_kl=0.0000 stage=warmup scheduler_success_rate=0.667
episodes 15240-15259: success_rate=0.650 mean_reward=72.34 mean_actor_loss=0.0124 mean_kl=0.0000 stage=warmup scheduler_success_rate=0.000
episodes 15260-15279: success_rate=0.600 mean_reward=22.22 mean_actor_loss=0.0124 mean_kl=0.0000 stage=intermediate scheduler_success_rate=0.000
episodes 15280-15299: success_rate=0.550 mean_reward=-69.10 mean_actor_loss=0.0123 mean_kl=0.0001 stage=warmup scheduler_success_rate=0.500
episodes 15300-15319: success_rate=0.400 mean_reward=-336.40 mean_actor_loss=0.0123 mean_kl=0.0000 stage=warmup scheduler_success_rate=0.500
episodes 15320-15339: success_rate=0.700 mean_reward=208.03 mean_actor_loss=0.0123 mean_kl=0.0000 stage=full scheduler_success_rate=1.000
episodes 15340-15359: success_rate=0.600 mean_reward=13.10 mean_actor_loss=0.0124 mean_kl=0.0000 stage=intermediate scheduler_success_rate=0.000
episodes 15360-15379: success_rate=0.700 mean_reward=212.77 mean_actor_loss=0.0123 mean_kl=0.0000 stage=intermediate scheduler_success_rate=0.000
episodes 15380-15399: success_rate=0.750 mean_reward=305.14 mean_actor_loss=0.0123 mean_kl=0.0000 stage=full scheduler_success_rate=1.000
episodes 15400-15419: success_rate=0.600 mean_reward=-20.80 mean_actor_loss=0.0123 mean_kl=0.0000 stage=intermediate scheduler_success_rate=1.000
episodes 15420-15439: success_rate=0.600 mean_reward=25.64 mean_actor_loss=0.0124 mean_kl=0.0001 stage=warmup scheduler_success_rate=1.000
episodes 15440-15459: success_rate=0.550 mean_reward=-63.49 mean_actor_loss=0.0124 mean_kl=0.0000 stage=warmup scheduler_success_rate=0.333
episodes 15460-15479: success_rate=0.550 mean_reward=-58.51 mean_actor_loss=0.0123 mean_kl=0.0000 stage=warmup scheduler_success_rate=0.333
episodes 15480-15499: success_rate=0.300 mean_reward=-525.48 mean_actor_loss=0.0123 mean_kl=0.0000 stage=warmup scheduler_success_rate=0.167
episodes 15500-15519: success_rate=0.600 mean_reward=-19.48 mean_actor_loss=0.0123 mean_kl=0.0000 stage=warmup scheduler_success_rate=0.500
episodes 15520-15539: success_rate=0.400 mean_reward=-338.05 mean_actor_loss=0.0123 mean_kl=0.0001 stage=warmup scheduler_success_rate=0.333
episodes 15540-15559: success_rate=0.450 mean_reward=-246.30 mean_actor_loss=0.0123 mean_kl=0.0000 stage=warmup scheduler_success_rate=0.500
episodes 15560-15579: success_rate=0.500 mean_reward=-151.52 mean_actor_loss=0.0123 mean_kl=0.0000 stage=warmup scheduler_success_rate=0.500
episodes 15580-15599: success_rate=0.500 mean_reward=-153.27 mean_actor_loss=0.0123 mean_kl=0.0000 stage=warmup scheduler_success_rate=0.000
episodes 15600-15619: success_rate=0.800 mean_reward=398.42 mean_actor_loss=0.0123 mean_kl=0.0000 stage=warmup scheduler_success_rate=0.500
episodes 15620-15639: success_rate=0.700 mean_reward=162.61 mean_actor_loss=0.0124 mean_kl=0.0000 stage=full scheduler_success_rate=0.000
episodes 15640-15659: success_rate=0.600 mean_reward=22.60 mean_actor_loss=0.0123 mean_kl=0.0001 stage=warmup scheduler_success_rate=0.667
episodes 15660-15679: success_rate=0.400 mean_reward=-341.72 mean_actor_loss=0.0123 mean_kl=0.0000 stage=warmup scheduler_success_rate=0.500
episodes 15680-15699: success_rate=0.350 mean_reward=-433.89 mean_actor_loss=0.0123 mean_kl=0.0000 stage=warmup scheduler_success_rate=0.500
episodes 15700-15719: success_rate=0.600 mean_reward=32.78 mean_actor_loss=0.0123 mean_kl=0.0000 stage=warmup scheduler_success_rate=0.667
episodes 15720-15739: success_rate=0.550 mean_reward=-67.79 mean_actor_loss=0.0122 mean_kl=0.0000 stage=warmup scheduler_success_rate=0.500
episodes 15740-15759: success_rate=0.600 mean_reward=-19.03 mean_actor_loss=0.0123 mean_kl=0.0000 stage=intermediate scheduler_success_rate=0.000
episodes 15760-15779: success_rate=0.750 mean_reward=299.47 mean_actor_loss=0.0123 mean_kl=0.0000 stage=full scheduler_success_rate=0.750
episodes 15780-15799: success_rate=0.600 mean_reward=27.41 mean_actor_loss=0.0123 mean_kl=0.0000 stage=warmup scheduler_success_rate=0.500
episodes 15800-15819: success_rate=0.450 mean_reward=-245.92 mean_actor_loss=0.0123 mean_kl=0.0000 stage=warmup scheduler_success_rate=0.333
episodes 15820-15839: success_rate=0.500 mean_reward=-151.92 mean_actor_loss=0.0123 mean_kl=0.0000 stage=warmup scheduler_success_rate=0.333
episodes 15840-15859: success_rate=0.550 mean_reward=-63.66 mean_actor_loss=0.0123 mean_kl=0.0000 stage=warmup scheduler_success_rate=0.000
episodes 15860-15879: success_rate=0.600 mean_reward=27.71 mean_actor_loss=0.0123 mean_kl=0.0000 stage=intermediate scheduler_success_rate=0.000
episodes 15880-15899: success_rate=0.700 mean_reward=204.02 mean_actor_loss=0.0124 mean_kl=0.0001 stage=intermediate scheduler_success_rate=1.000
episodes 15900-15919: success_rate=0.700 mean_reward=115.45 mean_actor_loss=0.0124 mean_kl=0.0000 stage=warmup scheduler_success_rate=1.000
episodes 15920-15939: success_rate=0.750 mean_reward=309.16 mean_actor_loss=0.0124 mean_kl=0.0000 stage=full scheduler_success_rate=0.833
episodes 15940-15959: success_rate=0.500 mean_reward=-153.56 mean_actor_loss=0.0124 mean_kl=0.0000 stage=warmup scheduler_success_rate=0.500
episodes 15960-15979: success_rate=0.700 mean_reward=215.86 mean_actor_loss=0.0124 mean_kl=0.0000 stage=full scheduler_success_rate=0.500
episodes 15980-15999: success_rate=0.700 mean_reward=212.32 mean_actor_loss=0.0124 mean_kl=0.0000 stage=full scheduler_success_rate=1.000
episodes 16000-16019: success_rate=0.650 mean_reward=261.88 mean_actor_loss=0.0124 mean_kl=0.0000 stage=intermediate scheduler_success_rate=0.000
episodes 16020-16039: success_rate=0.650 mean_reward=71.94 mean_actor_loss=0.0124 mean_kl=0.0000 stage=warmup scheduler_success_rate=1.000
episodes 16040-16059: success_rate=0.550 mean_reward=-62.71 mean_actor_loss=0.0123 mean_kl=0.0001 stage=warmup scheduler_success_rate=0.667
episodes 16060-16079: success_rate=0.700 mean_reward=240.38 mean_actor_loss=0.0123 mean_kl=0.0001 stage=warmup scheduler_success_rate=0.000
episodes 16080-16099: success_rate=0.650 mean_reward=120.16 mean_actor_loss=0.0123 mean_kl=0.0000 stage=warmup scheduler_success_rate=0.000
episodes 16100-16119: success_rate=0.900 mean_reward=632.23 mean_actor_loss=0.0125 mean_kl=0.0000 stage=full scheduler_success_rate=1.000
episodes 16120-16139: success_rate=0.550 mean_reward=-64.66 mean_actor_loss=0.0123 mean_kl=0.0000 stage=warmup scheduler_success_rate=0.000
episodes 16140-16159: success_rate=0.500 mean_reward=-156.15 mean_actor_loss=0.0123 mean_kl=0.0000 stage=intermediate scheduler_success_rate=1.000
episodes 16160-16179: success_rate=0.650 mean_reward=69.63 mean_actor_loss=0.0124 mean_kl=0.0000 stage=intermediate scheduler_success_rate=0.333
episodes 16180-16199: success_rate=0.800 mean_reward=396.47 mean_actor_loss=0.0123 mean_kl=0.0000 stage=intermediate scheduler_success_rate=1.000
episodes 16200-16219: success_rate=0.450 mean_reward=-249.66 mean_actor_loss=0.0123 mean_kl=0.0000 stage=warmup scheduler_success_rate=1.000
episodes 16220-16239: success_rate=0.500 mean_reward=-155.25 mean_actor_loss=0.0123 mean_kl=0.0000 stage=intermediate scheduler_success_rate=1.000
episodes 16240-16259: success_rate=0.700 mean_reward=210.42 mean_actor_loss=0.0123 mean_kl=0.0000 stage=intermediate scheduler_success_rate=0.333
episodes 16260-16279: success_rate=0.450 mean_reward=-247.22 mean_actor_loss=0.0123 mean_kl=0.0000 stage=warmup scheduler_success_rate=0.500
episodes 16280-16299: success_rate=0.600 mean_reward=32.59 mean_actor_loss=0.0124 mean_kl=0.0000 stage=intermediate scheduler_success_rate=0.750
episodes 16300-16319: success_rate=0.800 mean_reward=392.88 mean_actor_loss=0.0124 mean_kl=0.0000 stage=intermediate scheduler_success_rate=0.000
episodes 16320-16339: success_rate=0.750 mean_reward=307.87 mean_actor_loss=0.0124 mean_kl=0.0000 stage=intermediate scheduler_success_rate=0.000
episodes 16340-16359: success_rate=0.650 mean_reward=163.23 mean_actor_loss=0.0123 mean_kl=0.0000 stage=intermediate scheduler_success_rate=0.500
episodes 16360-16379: success_rate=0.700 mean_reward=217.84 mean_actor_loss=0.0123 mean_kl=0.0000 stage=intermediate scheduler_success_rate=0.750
episodes 16380-16399: success_rate=0.650 mean_reward=123.27 mean_actor_loss=0.0124 mean_kl=0.0000 stage=warmup scheduler_success_rate=1.000
episodes 16400-16419: success_rate=0.650 mean_reward=64.94 mean_actor_loss=0.0123 mean_kl=0.0000 stage=full scheduler_success_rate=0.333
episodes 16420-16439: success_rate=0.550 mean_reward=-70.20 mean_actor_loss=0.0123 mean_kl=0.0000 stage=warmup scheduler_success_rate=0.000
episodes 16440-16459: success_rate=0.800 mean_reward=396.84 mean_actor_loss=0.0123 mean_kl=0.0000 stage=full scheduler_success_rate=0.000
episodes 16460-16479: success_rate=0.800 mean_reward=392.21 mean_actor_loss=0.0124 mean_kl=0.0000 stage=intermediate scheduler_success_rate=0.000
episodes 16480-16499: success_rate=0.850 mean_reward=439.74 mean_actor_loss=0.0124 mean_kl=0.0001 stage=full scheduler_success_rate=0.833
episodes 16500-16519: success_rate=0.750 mean_reward=208.19 mean_actor_loss=0.0124 mean_kl=0.0001 stage=intermediate scheduler_success_rate=0.750
episodes 16520-16539: success_rate=0.700 mean_reward=71.72 mean_actor_loss=0.0124 mean_kl=0.0001 stage=full scheduler_success_rate=0.667
episodes 16540-16559: success_rate=0.600 mean_reward=31.36 mean_actor_loss=0.0124 mean_kl=0.0000 stage=full scheduler_success_rate=1.000
episodes 16560-16579: success_rate=0.650 mean_reward=32.21 mean_actor_loss=0.0124 mean_kl=0.0000 stage=warmup scheduler_success_rate=1.000
episodes 16580-16599: success_rate=0.450 mean_reward=-244.82 mean_actor_loss=0.0123 mean_kl=0.0000 stage=warmup scheduler_success_rate=0.167
episodes 16600-16619: success_rate=0.500 mean_reward=-156.45 mean_actor_loss=0.0123 mean_kl=0.0000 stage=warmup scheduler_success_rate=0.000
episodes 16620-16639: success_rate=0.650 mean_reward=70.06 mean_actor_loss=0.0124 mean_kl=0.0000 stage=warmup scheduler_success_rate=0.333
episodes 16640-16659: success_rate=0.750 mean_reward=308.42 mean_actor_loss=0.0123 mean_kl=0.0000 stage=intermediate scheduler_success_rate=0.000
episodes 16660-16679: success_rate=0.500 mean_reward=-152.96 mean_actor_loss=0.0123 mean_kl=0.0000 stage=warmup scheduler_success_rate=0.667
episodes 16680-16699: success_rate=0.450 mean_reward=-247.00 mean_actor_loss=0.0123 mean_kl=0.0000 stage=warmup scheduler_success_rate=0.000
episodes 16700-16719: success_rate=0.800 mean_reward=398.90 mean_actor_loss=0.0124 mean_kl=0.0000 stage=intermediate scheduler_success_rate=1.000
episodes 16720-16739: success_rate=0.750 mean_reward=258.98 mean_actor_loss=0.0124 mean_kl=0.0000 stage=intermediate scheduler_success_rate=0.667
episodes 16740-16759: success_rate=0.450 mean_reward=-247.20 mean_actor_loss=0.0123 mean_kl=0.0000 stage=warmup scheduler_success_rate=1.000
episodes 16760-16779: success_rate=0.700 mean_reward=213.88 mean_actor_loss=0.0124 mean_kl=0.0000 stage=warmup scheduler_success_rate=0.667
episodes 16780-16799: success_rate=0.750 mean_reward=301.45 mean_actor_loss=0.0123 mean_kl=0.0000 stage=intermediate scheduler_success_rate=1.000
episodes 16800-16819: success_rate=0.500 mean_reward=-106.53 mean_actor_loss=0.0123 mean_kl=0.0000 stage=warmup scheduler_success_rate=0.667
episodes 16820-16839: success_rate=0.550 mean_reward=-61.23 mean_actor_loss=0.0124 mean_kl=0.0000 stage=warmup scheduler_success_rate=0.333
episodes 16840-16859: success_rate=0.600 mean_reward=27.77 mean_actor_loss=0.0124 mean_kl=0.0000 stage=intermediate scheduler_success_rate=1.000
episodes 16860-16879: success_rate=0.500 mean_reward=-156.77 mean_actor_loss=0.0123 mean_kl=0.0000 stage=warmup scheduler_success_rate=0.500
episodes 16880-16899: success_rate=0.750 mean_reward=306.41 mean_actor_loss=0.0123 mean_kl=0.0000 stage=intermediate scheduler_success_rate=1.000
episodes 16900-16919: success_rate=0.550 mean_reward=-13.86 mean_actor_loss=0.0124 mean_kl=0.0000 stage=intermediate scheduler_success_rate=0.600
episodes 16920-16939: success_rate=0.650 mean_reward=72.17 mean_actor_loss=0.0124 mean_kl=0.0000 stage=warmup scheduler_success_rate=0.000
episodes 16940-16959: success_rate=0.650 mean_reward=127.91 mean_actor_loss=0.0124 mean_kl=0.0000 stage=intermediate scheduler_success_rate=1.000
episodes 16960-16979: success_rate=0.850 mean_reward=440.49 mean_actor_loss=0.0124 mean_kl=0.0000 stage=intermediate scheduler_success_rate=1.000
episodes 16980-16999: success_rate=0.550 mean_reward=-62.34 mean_actor_loss=0.0123 mean_kl=0.0000 stage=warmup scheduler_success_rate=0.000
episodes 17000-17019: success_rate=0.750 mean_reward=302.83 mean_actor_loss=0.0124 mean_kl=0.0000 stage=intermediate scheduler_success_rate=0.667
episodes 17020-17039: success_rate=0.600 mean_reward=29.74 mean_actor_loss=0.0124 mean_kl=0.0000 stage=intermediate scheduler_success_rate=1.000
episodes 17040-17059: success_rate=0.650 mean_reward=73.57 mean_actor_loss=0.0123 mean_kl=0.0000 stage=intermediate scheduler_success_rate=1.000
episodes 17060-17079: success_rate=0.700 mean_reward=210.14 mean_actor_loss=0.0123 mean_kl=0.0000 stage=warmup scheduler_success_rate=1.000
episodes 17080-17099: success_rate=0.700 mean_reward=211.07 mean_actor_loss=0.0124 mean_kl=0.0000 stage=intermediate scheduler_success_rate=1.000
episodes 17100-17119: success_rate=0.450 mean_reward=-393.31 mean_actor_loss=0.0125 mean_kl=0.0000 stage=warmup scheduler_success_rate=0.000
episodes 17120-17139: success_rate=0.500 mean_reward=-158.26 mean_actor_loss=0.0123 mean_kl=0.0000 stage=warmup scheduler_success_rate=0.250
episodes 17140-17159: success_rate=0.550 mean_reward=-59.22 mean_actor_loss=0.0124 mean_kl=0.0000 stage=intermediate scheduler_success_rate=1.000
episodes 17160-17179: success_rate=0.450 mean_reward=-247.56 mean_actor_loss=0.0124 mean_kl=0.0000 stage=warmup scheduler_success_rate=0.500
episodes 17180-17199: success_rate=0.650 mean_reward=118.17 mean_actor_loss=0.0122 mean_kl=0.0000 stage=warmup scheduler_success_rate=0.667
episodes 17200-17219: success_rate=0.450 mean_reward=-247.42 mean_actor_loss=0.0123 mean_kl=0.0000 stage=warmup scheduler_success_rate=0.500
episodes 17220-17239: success_rate=0.550 mean_reward=-64.22 mean_actor_loss=0.0123 mean_kl=0.0000 stage=intermediate scheduler_success_rate=1.000
episodes 17240-17259: success_rate=0.800 mean_reward=353.88 mean_actor_loss=0.0123 mean_kl=0.0000 stage=intermediate scheduler_success_rate=0.750
episodes 17260-17279: success_rate=0.450 mean_reward=-254.09 mean_actor_loss=0.0123 mean_kl=0.0000 stage=warmup scheduler_success_rate=0.333
episodes 17280-17299: success_rate=0.800 mean_reward=395.78 mean_actor_loss=0.0123 mean_kl=0.0000 stage=intermediate scheduler_success_rate=1.000
episodes 17300-17319: success_rate=0.550 mean_reward=-63.79 mean_actor_loss=0.0124 mean_kl=0.0000 stage=warmup scheduler_success_rate=0.667
episodes 17320-17339: success_rate=0.650 mean_reward=121.02 mean_actor_loss=0.0124 mean_kl=0.0000 stage=warmup scheduler_success_rate=0.667
episodes 17340-17359: success_rate=0.750 mean_reward=304.79 mean_actor_loss=0.0123 mean_kl=0.0000 stage=warmup scheduler_success_rate=0.667
episodes 17360-17379: success_rate=0.750 mean_reward=260.94 mean_actor_loss=0.0124 mean_kl=0.0000 stage=intermediate scheduler_success_rate=0.000
episodes 17380-17399: success_rate=0.650 mean_reward=215.58 mean_actor_loss=0.0124 mean_kl=0.0000 stage=intermediate scheduler_success_rate=0.000
episodes 17400-17419: success_rate=0.700 mean_reward=209.04 mean_actor_loss=0.0123 mean_kl=0.0001 stage=warmup scheduler_success_rate=0.500
episodes 17420-17439: success_rate=0.650 mean_reward=120.19 mean_actor_loss=0.0123 mean_kl=0.0000 stage=intermediate scheduler_success_rate=0.750
episodes 17440-17459: success_rate=0.600 mean_reward=-8.98 mean_actor_loss=0.0124 mean_kl=0.0000 stage=warmup scheduler_success_rate=1.000
episodes 17460-17479: success_rate=0.550 mean_reward=-157.04 mean_actor_loss=0.0124 mean_kl=0.0000 stage=warmup scheduler_success_rate=0.000
episodes 17480-17499: success_rate=0.550 mean_reward=-64.17 mean_actor_loss=0.0123 mean_kl=0.0000 stage=warmup scheduler_success_rate=0.333
episodes 17500-17519: success_rate=0.450 mean_reward=-244.56 mean_actor_loss=0.0123 mean_kl=0.0000 stage=warmup scheduler_success_rate=0.667
episodes 17520-17539: success_rate=0.600 mean_reward=28.47 mean_actor_loss=0.0123 mean_kl=0.0000 stage=intermediate scheduler_success_rate=0.000
episodes 17540-17559: success_rate=0.550 mean_reward=-59.71 mean_actor_loss=0.0123 mean_kl=0.0000 stage=warmup scheduler_success_rate=0.667
episodes 17560-17579: success_rate=0.550 mean_reward=-63.15 mean_actor_loss=0.0124 mean_kl=0.0000 stage=warmup scheduler_success_rate=0.500
episodes 17580-17599: success_rate=0.500 mean_reward=-156.58 mean_actor_loss=0.0123 mean_kl=0.0000 stage=warmup scheduler_success_rate=0.000
episodes 17600-17619: success_rate=0.700 mean_reward=215.63 mean_actor_loss=0.0124 mean_kl=0.0000 stage=intermediate scheduler_success_rate=0.000
episodes 17620-17639: success_rate=0.750 mean_reward=301.84 mean_actor_loss=0.0124 mean_kl=0.0000 stage=intermediate scheduler_success_rate=1.000
episodes 17640-17659: success_rate=0.550 mean_reward=-64.96 mean_actor_loss=0.0124 mean_kl=0.0000 stage=intermediate scheduler_success_rate=0.000
episodes 17660-17679: success_rate=0.600 mean_reward=-61.97 mean_actor_loss=0.0124 mean_kl=0.0000 stage=intermediate scheduler_success_rate=0.500
episodes 17680-17699: success_rate=0.700 mean_reward=160.52 mean_actor_loss=0.0124 mean_kl=0.0000 stage=full scheduler_success_rate=0.667
episodes 17700-17719: success_rate=0.550 mean_reward=-64.30 mean_actor_loss=0.0124 mean_kl=0.0000 stage=warmup scheduler_success_rate=0.667
episodes 17720-17739: success_rate=0.750 mean_reward=306.91 mean_actor_loss=0.0123 mean_kl=0.0000 stage=warmup scheduler_success_rate=0.500
episodes 17740-17759: success_rate=0.600 mean_reward=-17.99 mean_actor_loss=0.0123 mean_kl=0.0000 stage=warmup scheduler_success_rate=0.400
episodes 17760-17779: success_rate=0.750 mean_reward=260.20 mean_actor_loss=0.0123 mean_kl=0.0000 stage=full scheduler_success_rate=0.500
episodes 17780-17799: success_rate=0.600 mean_reward=128.80 mean_actor_loss=0.0123 mean_kl=0.0000 stage=intermediate scheduler_success_rate=0.750
episodes 17800-17819: success_rate=0.650 mean_reward=208.12 mean_actor_loss=0.0124 mean_kl=0.0000 stage=warmup scheduler_success_rate=0.000
episodes 17820-17839: success_rate=0.600 mean_reward=32.12 mean_actor_loss=0.0124 mean_kl=0.0000 stage=warmup scheduler_success_rate=0.500
episodes 17840-17859: success_rate=0.700 mean_reward=116.40 mean_actor_loss=0.0123 mean_kl=0.0000 stage=intermediate scheduler_success_rate=1.000
episodes 17860-17879: success_rate=0.600 mean_reward=24.32 mean_actor_loss=0.0123 mean_kl=0.0000 stage=warmup scheduler_success_rate=0.000
episodes 17880-17899: success_rate=0.800 mean_reward=395.12 mean_actor_loss=0.0123 mean_kl=0.0000 stage=warmup scheduler_success_rate=1.000
episodes 17900-17919: success_rate=0.650 mean_reward=124.89 mean_actor_loss=0.0124 mean_kl=0.0000 stage=full scheduler_success_rate=0.500
episodes 17920-17939: success_rate=0.450 mean_reward=-243.03 mean_actor_loss=0.0124 mean_kl=0.0000 stage=warmup scheduler_success_rate=0.333
episodes 17940-17959: success_rate=0.800 mean_reward=397.17 mean_actor_loss=0.0123 mean_kl=0.0000 stage=warmup scheduler_success_rate=1.000
episodes 17960-17979: success_rate=0.550 mean_reward=-109.24 mean_actor_loss=0.0124 mean_kl=0.0000 stage=intermediate scheduler_success_rate=0.500
episodes 17980-17999: success_rate=0.650 mean_reward=121.20 mean_actor_loss=0.0123 mean_kl=0.0000 stage=warmup scheduler_success_rate=1.000
episodes 18000-18019: success_rate=0.600 mean_reward=30.01 mean_actor_loss=0.0123 mean_kl=0.0000 stage=warmup scheduler_success_rate=0.667
episodes 18020-18039: success_rate=0.550 mean_reward=-63.26 mean_actor_loss=0.0123 mean_kl=0.0000 stage=warmup scheduler_success_rate=0.333
episodes 18040-18059: success_rate=0.700 mean_reward=210.02 mean_actor_loss=0.0123 mean_kl=0.0000 stage=warmup scheduler_success_rate=0.000
episodes 18060-18079: success_rate=0.700 mean_reward=209.97 mean_actor_loss=0.0123 mean_kl=0.0000 stage=intermediate scheduler_success_rate=0.667
episodes 18080-18099: success_rate=0.600 mean_reward=-25.29 mean_actor_loss=0.0124 mean_kl=0.0000 stage=intermediate scheduler_success_rate=0.500
episodes 18100-18119: success_rate=0.550 mean_reward=-62.34 mean_actor_loss=0.0123 mean_kl=0.0000 stage=warmup scheduler_success_rate=0.500
episodes 18120-18139: success_rate=0.600 mean_reward=35.23 mean_actor_loss=0.0124 mean_kl=0.0000 stage=full scheduler_success_rate=1.000
episodes 18140-18159: success_rate=0.650 mean_reward=71.94 mean_actor_loss=0.0123 mean_kl=0.0000 stage=warmup scheduler_success_rate=0.600
episodes 18160-18179: success_rate=0.550 mean_reward=-63.48 mean_actor_loss=0.0123 mean_kl=0.0000 stage=warmup scheduler_success_rate=0.667
episodes 18180-18199: success_rate=0.750 mean_reward=302.77 mean_actor_loss=0.0123 mean_kl=0.0000 stage=full scheduler_success_rate=1.000
episodes 18200-18219: success_rate=0.750 mean_reward=369.18 mean_actor_loss=0.0124 mean_kl=0.0000 stage=intermediate scheduler_success_rate=0.750
episodes 18220-18239: success_rate=0.550 mean_reward=-66.56 mean_actor_loss=0.0124 mean_kl=0.0000 stage=warmup scheduler_success_rate=0.500
episodes 18240-18259: success_rate=0.550 mean_reward=-66.00 mean_actor_loss=0.0123 mean_kl=0.0000 stage=warmup scheduler_success_rate=0.667
episodes 18260-18279: success_rate=0.650 mean_reward=119.13 mean_actor_loss=0.0123 mean_kl=0.0000 stage=full scheduler_success_rate=0.000
episodes 18280-18299: success_rate=0.650 mean_reward=116.35 mean_actor_loss=0.0123 mean_kl=0.0000 stage=warmup scheduler_success_rate=0.000
episodes 18300-18319: success_rate=0.550 mean_reward=-64.78 mean_actor_loss=0.0124 mean_kl=0.0000 stage=warmup scheduler_success_rate=0.667
episodes 18320-18339: success_rate=0.450 mean_reward=-249.56 mean_actor_loss=0.0123 mean_kl=0.0000 stage=warmup scheduler_success_rate=0.333
episodes 18340-18359: success_rate=0.650 mean_reward=128.66 mean_actor_loss=0.0124 mean_kl=0.0000 stage=full scheduler_success_rate=0.000
episodes 18360-18379: success_rate=0.550 mean_reward=-62.96 mean_actor_loss=0.0124 mean_kl=0.0000 stage=intermediate scheduler_success_rate=1.000
episodes 18380-18399: success_rate=0.700 mean_reward=256.85 mean_actor_loss=0.0124 mean_kl=0.0000 stage=intermediate scheduler_success_rate=1.000
episodes 18400-18419: success_rate=0.650 mean_reward=118.18 mean_actor_loss=0.0123 mean_kl=0.0001 stage=warmup scheduler_success_rate=1.000
episodes 18420-18439: success_rate=0.750 mean_reward=255.02 mean_actor_loss=0.0124 mean_kl=0.0000 stage=intermediate scheduler_success_rate=1.000
episodes 18440-18459: success_rate=0.750 mean_reward=302.57 mean_actor_loss=0.0124 mean_kl=0.0000 stage=intermediate scheduler_success_rate=0.750
episodes 18460-18479: success_rate=0.700 mean_reward=213.02 mean_actor_loss=0.0123 mean_kl=0.0000 stage=warmup scheduler_success_rate=1.000
episodes 18480-18499: success_rate=0.300 mean_reward=-526.83 mean_actor_loss=0.0123 mean_kl=0.0000 stage=warmup scheduler_success_rate=0.167
episodes 18500-18519: success_rate=0.550 mean_reward=-63.12 mean_actor_loss=0.0123 mean_kl=0.0000 stage=warmup scheduler_success_rate=0.500
episodes 18520-18539: success_rate=0.450 mean_reward=-247.44 mean_actor_loss=0.0123 mean_kl=0.0000 stage=warmup scheduler_success_rate=0.250
episodes 18540-18559: success_rate=0.600 mean_reward=27.27 mean_actor_loss=0.0123 mean_kl=0.0000 stage=warmup scheduler_success_rate=0.333
episodes 18560-18579: success_rate=0.500 mean_reward=-156.42 mean_actor_loss=0.0123 mean_kl=0.0000 stage=intermediate scheduler_success_rate=0.500
episodes 18580-18599: success_rate=0.400 mean_reward=-339.11 mean_actor_loss=0.0123 mean_kl=0.0000 stage=warmup scheduler_success_rate=0.500
episodes 18600-18619: success_rate=0.600 mean_reward=30.44 mean_actor_loss=0.0123 mean_kl=0.0000 stage=full scheduler_success_rate=1.000
episodes 18620-18639: success_rate=0.300 mean_reward=-576.16 mean_actor_loss=0.0123 mean_kl=0.0000 stage=warmup scheduler_success_rate=0.333
episodes 18640-18659: success_rate=0.550 mean_reward=-58.70 mean_actor_loss=0.0123 mean_kl=0.0000 stage=warmup scheduler_success_rate=0.600
episodes 18660-18679: success_rate=0.650 mean_reward=24.46 mean_actor_loss=0.0124 mean_kl=0.0000 stage=intermediate scheduler_success_rate=0.500
episodes 18680-18699: success_rate=0.800 mean_reward=394.81 mean_actor_loss=0.0124 mean_kl=0.0001 stage=full scheduler_success_rate=1.000
episodes 18700-18719: success_rate=0.550 mean_reward=-60.39 mean_actor_loss=0.0123 mean_kl=0.0000 stage=intermediate scheduler_success_rate=0.000
episodes 18720-18739: success_rate=0.600 mean_reward=-16.09 mean_actor_loss=0.0123 mean_kl=0.0000 stage=full scheduler_success_rate=0.000
episodes 18740-18759: success_rate=0.500 mean_reward=-175.85 mean_actor_loss=0.0124 mean_kl=0.0000 stage=intermediate scheduler_success_rate=0.000
episodes 18760-18779: success_rate=0.750 mean_reward=171.00 mean_actor_loss=0.0124 mean_kl=0.0000 stage=full scheduler_success_rate=0.000
episodes 18780-18799: success_rate=0.600 mean_reward=-17.28 mean_actor_loss=0.0124 mean_kl=0.0000 stage=intermediate scheduler_success_rate=0.000
episodes 18800-18819: success_rate=0.750 mean_reward=305.61 mean_actor_loss=0.0124 mean_kl=0.0000 stage=full scheduler_success_rate=0.000
episodes 18820-18839: success_rate=0.450 mean_reward=-252.61 mean_actor_loss=0.0123 mean_kl=0.0000 stage=warmup scheduler_success_rate=0.333
episodes 18840-18859: success_rate=0.650 mean_reward=71.82 mean_actor_loss=0.0124 mean_kl=0.0000 stage=full scheduler_success_rate=0.000
episodes 18860-18879: success_rate=0.650 mean_reward=126.51 mean_actor_loss=0.0124 mean_kl=0.0000 stage=warmup scheduler_success_rate=1.000
episodes 18880-18899: success_rate=0.400 mean_reward=-334.25 mean_actor_loss=0.0124 mean_kl=0.0000 stage=warmup scheduler_success_rate=0.333
episodes 18900-18919: success_rate=0.700 mean_reward=246.57 mean_actor_loss=0.0123 mean_kl=0.0000 stage=intermediate scheduler_success_rate=0.000
episodes 18920-18939: success_rate=0.550 mean_reward=-65.12 mean_actor_loss=0.0123 mean_kl=0.0000 stage=warmup scheduler_success_rate=0.500
episodes 18940-18959: success_rate=0.900 mean_reward=584.64 mean_actor_loss=0.0123 mean_kl=0.0000 stage=full scheduler_success_rate=1.000
episodes 18960-18979: success_rate=0.700 mean_reward=215.03 mean_actor_loss=0.0124 mean_kl=0.0000 stage=intermediate scheduler_success_rate=1.000
episodes 18980-18999: success_rate=0.700 mean_reward=215.45 mean_actor_loss=0.0124 mean_kl=0.0000 stage=intermediate scheduler_success_rate=1.000
episodes 19000-19019: success_rate=0.500 mean_reward=-160.36 mean_actor_loss=0.0123 mean_kl=0.0000 stage=warmup scheduler_success_rate=0.500
episodes 19020-19039: success_rate=0.700 mean_reward=270.10 mean_actor_loss=0.0124 mean_kl=0.0000 stage=intermediate scheduler_success_rate=0.667
episodes 19040-19059: success_rate=0.450 mean_reward=-246.84 mean_actor_loss=0.0124 mean_kl=0.0000 stage=warmup scheduler_success_rate=0.667
episodes 19060-19079: success_rate=0.450 mean_reward=-250.30 mean_actor_loss=0.0123 mean_kl=0.0000 stage=warmup scheduler_success_rate=0.500
episodes 19080-19099: success_rate=0.600 mean_reward=26.40 mean_actor_loss=0.0123 mean_kl=0.0000 stage=warmup scheduler_success_rate=0.500
episodes 19100-19119: success_rate=0.650 mean_reward=121.65 mean_actor_loss=0.0123 mean_kl=0.0000 stage=warmup scheduler_success_rate=0.667
episodes 19120-19139: success_rate=0.500 mean_reward=-151.79 mean_actor_loss=0.0123 mean_kl=0.0000 stage=warmup scheduler_success_rate=0.250
episodes 19140-19159: success_rate=0.750 mean_reward=309.48 mean_actor_loss=0.0124 mean_kl=0.0000 stage=warmup scheduler_success_rate=1.000
episodes 19160-19179: success_rate=0.700 mean_reward=210.78 mean_actor_loss=0.0123 mean_kl=0.0000 stage=intermediate scheduler_success_rate=0.750
episodes 19180-19199: success_rate=0.300 mean_reward=-521.11 mean_actor_loss=0.0124 mean_kl=0.0000 stage=warmup scheduler_success_rate=0.333
episodes 19200-19219: success_rate=0.650 mean_reward=123.20 mean_actor_loss=0.0124 mean_kl=0.0000 stage=full scheduler_success_rate=1.000
episodes 19220-19239: success_rate=0.700 mean_reward=246.46 mean_actor_loss=0.0123 mean_kl=0.0000 stage=intermediate scheduler_success_rate=1.000
episodes 19240-19259: success_rate=0.500 mean_reward=-162.53 mean_actor_loss=0.0123 mean_kl=0.0000 stage=warmup scheduler_success_rate=0.333
episodes 19260-19279: success_rate=0.700 mean_reward=164.73 mean_actor_loss=0.0124 mean_kl=0.0000 stage=intermediate scheduler_success_rate=1.000
episodes 19280-19299: success_rate=0.550 mean_reward=-64.00 mean_actor_loss=0.0123 mean_kl=0.0000 stage=intermediate scheduler_success_rate=1.000
episodes 19300-19319: success_rate=0.450 mean_reward=-250.25 mean_actor_loss=0.0123 mean_kl=0.0000 stage=warmup scheduler_success_rate=0.333
episodes 19320-19339: success_rate=0.550 mean_reward=-64.55 mean_actor_loss=0.0124 mean_kl=0.0000 stage=warmup scheduler_success_rate=0.667
episodes 19340-19359: success_rate=0.600 mean_reward=23.71 mean_actor_loss=0.0123 mean_kl=0.0000 stage=warmup scheduler_success_rate=0.500
episodes 19360-19379: success_rate=0.750 mean_reward=299.65 mean_actor_loss=0.0123 mean_kl=0.0000 stage=warmup scheduler_success_rate=1.000
episodes 19380-19399: success_rate=0.550 mean_reward=-147.02 mean_actor_loss=0.0124 mean_kl=0.0000 stage=intermediate scheduler_success_rate=0.000
episodes 19400-19419: success_rate=0.650 mean_reward=70.47 mean_actor_loss=0.0124 mean_kl=0.0000 stage=intermediate scheduler_success_rate=1.000
episodes 19420-19439: success_rate=0.600 mean_reward=-11.58 mean_actor_loss=0.0124 mean_kl=0.0000 stage=warmup scheduler_success_rate=0.000
episodes 19440-19459: success_rate=0.350 mean_reward=-429.62 mean_actor_loss=0.0124 mean_kl=0.0000 stage=warmup scheduler_success_rate=0.167
episodes 19460-19479: success_rate=0.550 mean_reward=-66.53 mean_actor_loss=0.0124 mean_kl=0.0000 stage=warmup scheduler_success_rate=0.500
episodes 19480-19499: success_rate=0.600 mean_reward=29.38 mean_actor_loss=0.0123 mean_kl=0.0000 stage=warmup scheduler_success_rate=0.500
episodes 19500-19519: success_rate=0.650 mean_reward=121.40 mean_actor_loss=0.0123 mean_kl=0.0000 stage=warmup scheduler_success_rate=0.500
episodes 19520-19539: success_rate=0.500 mean_reward=-151.58 mean_actor_loss=0.0123 mean_kl=0.0000 stage=warmup scheduler_success_rate=0.333
episodes 19540-19559: success_rate=0.350 mean_reward=-428.25 mean_actor_loss=0.0124 mean_kl=0.0000 stage=warmup scheduler_success_rate=0.167
episodes 19560-19579: success_rate=0.700 mean_reward=213.32 mean_actor_loss=0.0123 mean_kl=0.0000 stage=warmup scheduler_success_rate=0.000
episodes 19580-19599: success_rate=0.500 mean_reward=-154.63 mean_actor_loss=0.0123 mean_kl=0.0000 stage=warmup scheduler_success_rate=0.500
episodes 19600-19619: success_rate=0.700 mean_reward=211.86 mean_actor_loss=0.0123 mean_kl=0.0000 stage=intermediate scheduler_success_rate=0.500
episodes 19620-19639: success_rate=0.650 mean_reward=111.57 mean_actor_loss=0.0123 mean_kl=0.0000 stage=full scheduler_success_rate=0.000
episodes 19640-19659: success_rate=0.600 mean_reward=-25.49 mean_actor_loss=0.0124 mean_kl=0.0000 stage=full scheduler_success_rate=0.000
episodes 19660-19679: success_rate=0.650 mean_reward=115.51 mean_actor_loss=0.0124 mean_kl=0.0000 stage=intermediate scheduler_success_rate=0.600
episodes 19680-19699: success_rate=0.650 mean_reward=122.39 mean_actor_loss=0.0123 mean_kl=0.0000 stage=intermediate scheduler_success_rate=0.000
episodes 19700-19719: success_rate=0.600 mean_reward=28.63 mean_actor_loss=0.0124 mean_kl=0.0000 stage=warmup scheduler_success_rate=0.500
episodes 19720-19739: success_rate=0.500 mean_reward=-157.47 mean_actor_loss=0.0123 mean_kl=0.0000 stage=warmup scheduler_success_rate=0.667
episodes 19740-19759: success_rate=0.650 mean_reward=-8.78 mean_actor_loss=0.0124 mean_kl=0.0000 stage=full scheduler_success_rate=0.000
episodes 19760-19779: success_rate=0.600 mean_reward=21.65 mean_actor_loss=0.0123 mean_kl=0.0000 stage=warmup scheduler_success_rate=0.667
episodes 19780-19799: success_rate=0.550 mean_reward=-61.89 mean_actor_loss=0.0124 mean_kl=0.0000 stage=warmup scheduler_success_rate=0.750
episodes 19800-19819: success_rate=0.750 mean_reward=301.30 mean_actor_loss=0.0123 mean_kl=0.0000 stage=intermediate scheduler_success_rate=1.000
episodes 19820-19839: success_rate=0.550 mean_reward=-64.41 mean_actor_loss=0.0123 mean_kl=0.0000 stage=warmup scheduler_success_rate=0.333
episodes 19840-19859: success_rate=0.550 mean_reward=-66.95 mean_actor_loss=0.0123 mean_kl=0.0000 stage=warmup scheduler_success_rate=0.667
episodes 19860-19879: success_rate=0.800 mean_reward=396.77 mean_actor_loss=0.0123 mean_kl=0.0000 stage=full scheduler_success_rate=1.000
episodes 19880-19899: success_rate=0.900 mean_reward=579.95 mean_actor_loss=0.0123 mean_kl=0.0000 stage=intermediate scheduler_success_rate=1.000
episodes 19900-19919: success_rate=0.450 mean_reward=-243.09 mean_actor_loss=0.0124 mean_kl=0.0000 stage=warmup scheduler_success_rate=0.667
episodes 19920-19939: success_rate=0.750 mean_reward=262.64 mean_actor_loss=0.0124 mean_kl=0.0000 stage=warmup scheduler_success_rate=0.500
episodes 19940-19959: success_rate=0.450 mean_reward=-245.08 mean_actor_loss=0.0124 mean_kl=0.0000 stage=warmup scheduler_success_rate=0.333
episodes 19960-19979: success_rate=0.650 mean_reward=124.00 mean_actor_loss=0.0123 mean_kl=0.0000 stage=warmup scheduler_success_rate=1.000
episodes 19980-19999: success_rate=0.750 mean_reward=255.10 mean_actor_loss=0.0123 mean_kl=0.0001 stage=full scheduler_success_rate=0.000
episodes 20000-20019: success_rate=0.700 mean_reward=221.02 mean_actor_loss=0.0124 mean_kl=0.0000 stage=full scheduler_success_rate=1.000
episodes 20020-20039: success_rate=0.600 mean_reward=-22.68 mean_actor_loss=0.0124 mean_kl=0.0000 stage=full scheduler_success_rate=0.000
episodes 20040-20059: success_rate=0.500 mean_reward=-203.09 mean_actor_loss=0.0124 mean_kl=0.0000 stage=warmup scheduler_success_rate=0.500
episodes 20060-20079: success_rate=0.450 mean_reward=-249.38 mean_actor_loss=0.0123 mean_kl=0.0000 stage=warmup scheduler_success_rate=1.000
episodes 20080-20099: success_rate=0.700 mean_reward=212.48 mean_actor_loss=0.0123 mean_kl=0.0000 stage=intermediate scheduler_success_rate=0.000
episodes 20100-20119: success_rate=0.700 mean_reward=207.40 mean_actor_loss=0.0123 mean_kl=0.0000 stage=intermediate scheduler_success_rate=0.000
episodes 20120-20139: success_rate=0.550 mean_reward=-65.68 mean_actor_loss=0.0123 mean_kl=0.0001 stage=warmup scheduler_success_rate=1.000
episodes 20140-20159: success_rate=0.500 mean_reward=-156.91 mean_actor_loss=0.0123 mean_kl=0.0001 stage=warmup scheduler_success_rate=0.333
episodes 20160-20179: success_rate=0.600 mean_reward=29.04 mean_actor_loss=0.0123 mean_kl=0.0000 stage=intermediate scheduler_success_rate=1.000
episodes 20180-20199: success_rate=0.550 mean_reward=-108.84 mean_actor_loss=0.0124 mean_kl=0.0000 stage=warmup scheduler_success_rate=0.667
episodes 20200-20219: success_rate=0.700 mean_reward=209.69 mean_actor_loss=0.0123 mean_kl=0.0001 stage=warmup scheduler_success_rate=0.333
episodes 20220-20239: success_rate=0.750 mean_reward=257.28 mean_actor_loss=0.0124 mean_kl=0.0001 stage=intermediate scheduler_success_rate=1.000
episodes 20240-20259: success_rate=0.750 mean_reward=260.89 mean_actor_loss=0.0124 mean_kl=0.0001 stage=full scheduler_success_rate=0.000
episodes 20260-20279: success_rate=0.550 mean_reward=-66.98 mean_actor_loss=0.0123 mean_kl=0.0000 stage=warmup scheduler_success_rate=0.667
episodes 20280-20299: success_rate=0.450 mean_reward=-251.54 mean_actor_loss=0.0123 mean_kl=0.0000 stage=warmup scheduler_success_rate=0.500
episodes 20300-20319: success_rate=0.800 mean_reward=395.65 mean_actor_loss=0.0124 mean_kl=0.0001 stage=full scheduler_success_rate=0.667
episodes 20320-20339: success_rate=0.600 mean_reward=-11.97 mean_actor_loss=0.0124 mean_kl=0.0000 stage=warmup scheduler_success_rate=0.400
episodes 20340-20359: success_rate=0.750 mean_reward=356.77 mean_actor_loss=0.0123 mean_kl=0.0000 stage=intermediate scheduler_success_rate=0.000
episodes 20360-20379: success_rate=0.600 mean_reward=33.68 mean_actor_loss=0.0124 mean_kl=0.0000 stage=warmup scheduler_success_rate=0.000
episodes 20380-20399: success_rate=0.700 mean_reward=211.68 mean_actor_loss=0.0124 mean_kl=0.0000 stage=intermediate scheduler_success_rate=1.000
episodes 20400-20419: success_rate=0.650 mean_reward=118.83 mean_actor_loss=0.0123 mean_kl=0.0000 stage=intermediate scheduler_success_rate=0.000
episodes 20420-20439: success_rate=0.600 mean_reward=-23.81 mean_actor_loss=0.0124 mean_kl=0.0001 stage=intermediate scheduler_success_rate=0.333
episodes 20440-20459: success_rate=0.300 mean_reward=-524.12 mean_actor_loss=0.0123 mean_kl=0.0000 stage=warmup scheduler_success_rate=0.333
episodes 20460-20479: success_rate=0.750 mean_reward=306.24 mean_actor_loss=0.0123 mean_kl=0.0000 stage=warmup scheduler_success_rate=1.000
episodes 20480-20499: success_rate=0.500 mean_reward=-155.13 mean_actor_loss=0.0123 mean_kl=0.0000 stage=warmup scheduler_success_rate=0.333
episodes 20500-20519: success_rate=0.450 mean_reward=-242.04 mean_actor_loss=0.0123 mean_kl=0.0000 stage=warmup scheduler_success_rate=0.500
episodes 20520-20539: success_rate=0.650 mean_reward=116.24 mean_actor_loss=0.0123 mean_kl=0.0000 stage=intermediate scheduler_success_rate=1.000
episodes 20540-20559: success_rate=0.550 mean_reward=-57.19 mean_actor_loss=0.0124 mean_kl=0.0000 stage=warmup scheduler_success_rate=0.333
episodes 20560-20579: success_rate=0.600 mean_reward=31.60 mean_actor_loss=0.0123 mean_kl=0.0000 stage=full scheduler_success_rate=0.000
episodes 20580-20599: success_rate=0.600 mean_reward=20.66 mean_actor_loss=0.0124 mean_kl=0.0000 stage=warmup scheduler_success_rate=1.000
episodes 20600-20619: success_rate=0.650 mean_reward=122.44 mean_actor_loss=0.0123 mean_kl=0.0000 stage=warmup scheduler_success_rate=1.000
episodes 20620-20639: success_rate=0.650 mean_reward=122.23 mean_actor_loss=0.0123 mean_kl=0.0000 stage=intermediate scheduler_success_rate=1.000
episodes 20640-20659: success_rate=0.650 mean_reward=28.93 mean_actor_loss=0.0124 mean_kl=0.0000 stage=warmup scheduler_success_rate=0.400
episodes 20660-20679: success_rate=0.750 mean_reward=258.83 mean_actor_loss=0.0123 mean_kl=0.0000 stage=full scheduler_success_rate=0.500
episodes 20680-20699: success_rate=0.600 mean_reward=27.90 mean_actor_loss=0.0123 mean_kl=0.0000 stage=warmup scheduler_success_rate=0.333
episodes 20700-20719: success_rate=0.650 mean_reward=117.53 mean_actor_loss=0.0123 mean_kl=0.0000 stage=intermediate scheduler_success_rate=1.000
episodes 20720-20739: success_rate=0.650 mean_reward=172.56 mean_actor_loss=0.0124 mean_kl=0.0000 stage=warmup scheduler_success_rate=0.500
episodes 20740-20759: success_rate=0.650 mean_reward=121.33 mean_actor_loss=0.0123 mean_kl=0.0000 stage=full scheduler_success_rate=0.000
episodes 20760-20779: success_rate=0.550 mean_reward=-82.20 mean_actor_loss=0.0124 mean_kl=0.0000 stage=warmup scheduler_success_rate=1.000
episodes 20780-20799: success_rate=0.500 mean_reward=-157.28 mean_actor_loss=0.0123 mean_kl=0.0000 stage=warmup scheduler_success_rate=0.500
episodes 20800-20819: success_rate=0.750 mean_reward=303.51 mean_actor_loss=0.0124 mean_kl=0.0000 stage=full scheduler_success_rate=1.000
episodes 20820-20839: success_rate=0.600 mean_reward=-15.67 mean_actor_loss=0.0123 mean_kl=0.0000 stage=intermediate scheduler_success_rate=0.500
episodes 20840-20859: success_rate=0.450 mean_reward=-246.35 mean_actor_loss=0.0123 mean_kl=0.0000 stage=warmup scheduler_success_rate=0.333
episodes 20860-20879: success_rate=0.500 mean_reward=-157.01 mean_actor_loss=0.0123 mean_kl=0.0000 stage=warmup scheduler_success_rate=0.167
episodes 20880-20899: success_rate=0.600 mean_reward=32.87 mean_actor_loss=0.0123 mean_kl=0.0000 stage=warmup scheduler_success_rate=0.667
episodes 20900-20919: success_rate=0.650 mean_reward=17.23 mean_actor_loss=0.0124 mean_kl=0.0000 stage=intermediate scheduler_success_rate=1.000
episodes 20920-20939: success_rate=0.550 mean_reward=-122.65 mean_actor_loss=0.0124 mean_kl=0.0000 stage=intermediate scheduler_success_rate=0.750
episodes 20940-20959: success_rate=0.450 mean_reward=-295.86 mean_actor_loss=0.0125 mean_kl=0.0000 stage=warmup scheduler_success_rate=0.000
episodes 20960-20979: success_rate=0.550 mean_reward=-63.38 mean_actor_loss=0.0123 mean_kl=0.0000 stage=intermediate scheduler_success_rate=0.500
episodes 20980-20999: success_rate=0.550 mean_reward=-66.36 mean_actor_loss=0.0124 mean_kl=0.0000 stage=warmup scheduler_success_rate=0.500
episodes 21000-21019: success_rate=0.650 mean_reward=121.60 mean_actor_loss=0.0123 mean_kl=0.0000 stage=warmup scheduler_success_rate=0.500
episodes 21020-21039: success_rate=0.700 mean_reward=212.29 mean_actor_loss=0.0124 mean_kl=0.0000 stage=intermediate scheduler_success_rate=1.000
episodes 21040-21059: success_rate=0.550 mean_reward=-57.02 mean_actor_loss=0.0123 mean_kl=0.0000 stage=intermediate scheduler_success_rate=0.000
episodes 21060-21079: success_rate=0.700 mean_reward=211.48 mean_actor_loss=0.0124 mean_kl=0.0000 stage=full scheduler_success_rate=0.667
episodes 21080-21099: success_rate=0.650 mean_reward=73.36 mean_actor_loss=0.0124 mean_kl=0.0000 stage=warmup scheduler_success_rate=0.750
episodes 21100-21119: success_rate=0.800 mean_reward=436.62 mean_actor_loss=0.0124 mean_kl=0.0000 stage=full scheduler_success_rate=0.667
episodes 21120-21139: success_rate=0.450 mean_reward=-253.27 mean_actor_loss=0.0123 mean_kl=0.0000 stage=warmup scheduler_success_rate=0.333
episodes 21140-21159: success_rate=0.700 mean_reward=267.19 mean_actor_loss=0.0123 mean_kl=0.0000 stage=full scheduler_success_rate=0.000
episodes 21160-21179: success_rate=0.600 mean_reward=28.35 mean_actor_loss=0.0123 mean_kl=0.0000 stage=intermediate scheduler_success_rate=0.000
episodes 21180-21199: success_rate=0.650 mean_reward=122.83 mean_actor_loss=0.0124 mean_kl=0.0000 stage=intermediate scheduler_success_rate=1.000
episodes 21200-21219: success_rate=0.350 mean_reward=-432.70 mean_actor_loss=0.0124 mean_kl=0.0000 stage=warmup scheduler_success_rate=0.333
episodes 21220-21239: success_rate=0.450 mean_reward=-245.44 mean_actor_loss=0.0124 mean_kl=0.0000 stage=warmup scheduler_success_rate=0.167
episodes 21240-21259: success_rate=0.600 mean_reward=28.36 mean_actor_loss=0.0123 mean_kl=0.0001 stage=warmup scheduler_success_rate=1.000
episodes 21260-21279: success_rate=0.650 mean_reward=70.99 mean_actor_loss=0.0124 mean_kl=0.0000 stage=warmup scheduler_success_rate=0.667
episodes 21280-21299: success_rate=0.750 mean_reward=298.97 mean_actor_loss=0.0123 mean_kl=0.0000 stage=intermediate scheduler_success_rate=1.000
episodes 21300-21319: success_rate=0.750 mean_reward=305.02 mean_actor_loss=0.0124 mean_kl=0.0000 stage=intermediate scheduler_success_rate=1.000
episodes 21320-21339: success_rate=0.500 mean_reward=-156.63 mean_actor_loss=0.0123 mean_kl=0.0000 stage=intermediate scheduler_success_rate=1.000
episodes 21340-21359: success_rate=0.600 mean_reward=-16.69 mean_actor_loss=0.0123 mean_kl=0.0000 stage=warmup scheduler_success_rate=0.667
episodes 21360-21379: success_rate=0.550 mean_reward=-59.53 mean_actor_loss=0.0124 mean_kl=0.0000 stage=warmup scheduler_success_rate=0.500
episodes 21380-21399: success_rate=0.700 mean_reward=207.87 mean_actor_loss=0.0124 mean_kl=0.0000 stage=full scheduler_success_rate=1.000
episodes 21400-21419: success_rate=0.550 mean_reward=-201.00 mean_actor_loss=0.0123 mean_kl=0.0000 stage=warmup scheduler_success_rate=0.667
episodes 21420-21439: success_rate=0.500 mean_reward=-152.42 mean_actor_loss=0.0123 mean_kl=0.0000 stage=warmup scheduler_success_rate=0.167
episodes 21440-21459: success_rate=0.650 mean_reward=71.27 mean_actor_loss=0.0123 mean_kl=0.0000 stage=intermediate scheduler_success_rate=0.000
episodes 21460-21479: success_rate=0.400 mean_reward=-345.59 mean_actor_loss=0.0123 mean_kl=0.0000 stage=warmup scheduler_success_rate=0.500
episodes 21480-21499: success_rate=0.350 mean_reward=-432.37 mean_actor_loss=0.0123 mean_kl=0.0000 stage=warmup scheduler_success_rate=0.500
episodes 21500-21519: success_rate=0.650 mean_reward=121.43 mean_actor_loss=0.0124 mean_kl=0.0000 stage=full scheduler_success_rate=0.000
episodes 21520-21539: success_rate=0.550 mean_reward=-102.97 mean_actor_loss=0.0123 mean_kl=0.0000 stage=warmup scheduler_success_rate=0.667
episodes 21540-21559: success_rate=0.500 mean_reward=-155.79 mean_actor_loss=0.0123 mean_kl=0.0000 stage=warmup scheduler_success_rate=0.000
episodes 21560-21579: success_rate=0.600 mean_reward=30.06 mean_actor_loss=0.0123 mean_kl=0.0000 stage=warmup scheduler_success_rate=0.000
episodes 21580-21599: success_rate=0.800 mean_reward=349.66 mean_actor_loss=0.0124 mean_kl=0.0000 stage=warmup scheduler_success_rate=0.667
episodes 21600-21619: success_rate=0.600 mean_reward=27.23 mean_actor_loss=0.0123 mean_kl=0.0000 stage=intermediate scheduler_success_rate=0.000
episodes 21620-21639: success_rate=0.650 mean_reward=122.10 mean_actor_loss=0.0124 mean_kl=0.0000 stage=full scheduler_success_rate=0.667
episodes 21640-21659: success_rate=0.650 mean_reward=72.20 mean_actor_loss=0.0123 mean_kl=0.0000 stage=warmup scheduler_success_rate=1.000
episodes 21660-21679: success_rate=0.650 mean_reward=117.11 mean_actor_loss=0.0123 mean_kl=0.0000 stage=intermediate scheduler_success_rate=0.000
episodes 21680-21699: success_rate=0.550 mean_reward=-65.01 mean_actor_loss=0.0124 mean_kl=0.0000 stage=warmup scheduler_success_rate=0.500
episodes 21700-21719: success_rate=0.600 mean_reward=26.06 mean_actor_loss=0.0123 mean_kl=0.0000 stage=warmup scheduler_success_rate=0.667
episodes 21720-21739: success_rate=0.650 mean_reward=120.23 mean_actor_loss=0.0123 mean_kl=0.0000 stage=intermediate scheduler_success_rate=0.500
episodes 21740-21759: success_rate=0.500 mean_reward=-154.89 mean_actor_loss=0.0124 mean_kl=0.0000 stage=warmup scheduler_success_rate=0.333
episodes 21760-21779: success_rate=0.700 mean_reward=209.57 mean_actor_loss=0.0124 mean_kl=0.0000 stage=warmup scheduler_success_rate=1.000
episodes 21780-21799: success_rate=0.800 mean_reward=385.95 mean_actor_loss=0.0123 mean_kl=0.0000 stage=intermediate scheduler_success_rate=0.667
episodes 21800-21819: success_rate=0.750 mean_reward=259.49 mean_actor_loss=0.0124 mean_kl=0.0000 stage=intermediate scheduler_success_rate=0.500
episodes 21820-21839: success_rate=0.600 mean_reward=29.68 mean_actor_loss=0.0123 mean_kl=0.0000 stage=warmup scheduler_success_rate=0.500
episodes 21840-21859: success_rate=0.550 mean_reward=-62.97 mean_actor_loss=0.0124 mean_kl=0.0000 stage=intermediate scheduler_success_rate=1.000
episodes 21860-21879: success_rate=0.600 mean_reward=31.27 mean_actor_loss=0.0124 mean_kl=0.0000 stage=warmup scheduler_success_rate=0.667
episodes 21880-21899: success_rate=0.400 mean_reward=-336.75 mean_actor_loss=0.0123 mean_kl=0.0000 stage=warmup scheduler_success_rate=0.500
episodes 21900-21919: success_rate=0.600 mean_reward=28.57 mean_actor_loss=0.0123 mean_kl=0.0000 stage=warmup scheduler_success_rate=0.500
episodes 21920-21939: success_rate=0.500 mean_reward=-150.90 mean_actor_loss=0.0124 mean_kl=0.0000 stage=warmup scheduler_success_rate=0.333
episodes 21940-21959: success_rate=0.800 mean_reward=397.00 mean_actor_loss=0.0124 mean_kl=0.0000 stage=intermediate scheduler_success_rate=0.750
episodes 21960-21979: success_rate=0.650 mean_reward=19.02 mean_actor_loss=0.0124 mean_kl=0.0001 stage=intermediate scheduler_success_rate=0.667
episodes 21980-21999: success_rate=0.750 mean_reward=303.07 mean_actor_loss=0.0124 mean_kl=0.0000 stage=intermediate scheduler_success_rate=0.750
episodes 22000-22019: success_rate=0.550 mean_reward=-60.48 mean_actor_loss=0.0123 mean_kl=0.0000 stage=warmup scheduler_success_rate=0.500
episodes 22020-22039: success_rate=0.450 mean_reward=-246.34 mean_actor_loss=0.0123 mean_kl=0.0000 stage=intermediate scheduler_success_rate=0.667
episodes 22040-22059: success_rate=0.650 mean_reward=69.75 mean_actor_loss=0.0124 mean_kl=0.0000 stage=full scheduler_success_rate=0.500
episodes 22060-22079: success_rate=0.500 mean_reward=-199.95 mean_actor_loss=0.0123 mean_kl=0.0000 stage=warmup scheduler_success_rate=0.333
episodes 22080-22099: success_rate=0.350 mean_reward=-434.00 mean_actor_loss=0.0123 mean_kl=0.0000 stage=warmup scheduler_success_rate=0.333
episodes 22100-22119: success_rate=0.600 mean_reward=-19.04 mean_actor_loss=0.0124 mean_kl=0.0000 stage=intermediate scheduler_success_rate=0.333
episodes 22120-22139: success_rate=0.750 mean_reward=303.25 mean_actor_loss=0.0123 mean_kl=0.0000 stage=intermediate scheduler_success_rate=1.000
episodes 22140-22159: success_rate=0.750 mean_reward=304.45 mean_actor_loss=0.0123 mean_kl=0.0000 stage=intermediate scheduler_success_rate=1.000
episodes 22160-22179: success_rate=0.800 mean_reward=393.51 mean_actor_loss=0.0123 mean_kl=0.0000 stage=warmup scheduler_success_rate=1.000
episodes 22180-22199: success_rate=0.650 mean_reward=176.11 mean_actor_loss=0.0123 mean_kl=0.0000 stage=warmup scheduler_success_rate=0.000
episodes 22200-22219: success_rate=0.550 mean_reward=-65.54 mean_actor_loss=0.0123 mean_kl=0.0000 stage=warmup scheduler_success_rate=0.600
episodes 22220-22239: success_rate=0.750 mean_reward=301.10 mean_actor_loss=0.0123 mean_kl=0.0000 stage=warmup scheduler_success_rate=0.750
episodes 22240-22259: success_rate=0.700 mean_reward=204.27 mean_actor_loss=0.0123 mean_kl=0.0000 stage=full scheduler_success_rate=1.000
episodes 22260-22279: success_rate=0.450 mean_reward=-200.15 mean_actor_loss=0.0124 mean_kl=0.0000 stage=warmup scheduler_success_rate=0.000
episodes 22280-22299: success_rate=0.400 mean_reward=-340.37 mean_actor_loss=0.0124 mean_kl=0.0000 stage=warmup scheduler_success_rate=0.333
episodes 22300-22319: success_rate=0.500 mean_reward=-151.00 mean_actor_loss=0.0124 mean_kl=0.0000 stage=warmup scheduler_success_rate=0.333
episodes 22320-22339: success_rate=0.500 mean_reward=-155.90 mean_actor_loss=0.0123 mean_kl=0.0000 stage=intermediate scheduler_success_rate=0.000
episodes 22340-22359: success_rate=0.700 mean_reward=159.24 mean_actor_loss=0.0124 mean_kl=0.0000 stage=intermediate scheduler_success_rate=1.000
episodes 22360-22379: success_rate=0.600 mean_reward=-23.40 mean_actor_loss=0.0124 mean_kl=0.0000 stage=full scheduler_success_rate=0.333
episodes 22380-22399: success_rate=0.600 mean_reward=-34.98 mean_actor_loss=0.0124 mean_kl=0.0000 stage=intermediate scheduler_success_rate=0.000
episodes 22400-22419: success_rate=0.550 mean_reward=-66.58 mean_actor_loss=0.0124 mean_kl=0.0000 stage=warmup scheduler_success_rate=0.333
episodes 22420-22439: success_rate=0.550 mean_reward=-63.91 mean_actor_loss=0.0123 mean_kl=0.0000 stage=warmup scheduler_success_rate=0.667
episodes 22440-22459: success_rate=0.750 mean_reward=298.00 mean_actor_loss=0.0124 mean_kl=0.0000 stage=full scheduler_success_rate=0.000
episodes 22460-22479: success_rate=0.600 mean_reward=32.06 mean_actor_loss=0.0124 mean_kl=0.0001 stage=warmup scheduler_success_rate=0.400
episodes 22480-22499: success_rate=0.500 mean_reward=-155.99 mean_actor_loss=0.0123 mean_kl=0.0000 stage=warmup scheduler_success_rate=0.333
episodes 22500-22519: success_rate=0.300 mean_reward=-519.09 mean_actor_loss=0.0123 mean_kl=0.0000 stage=warmup scheduler_success_rate=0.500
episodes 22520-22539: success_rate=0.750 mean_reward=302.17 mean_actor_loss=0.0123 mean_kl=0.0000 stage=intermediate scheduler_success_rate=1.000
episodes 22540-22559: success_rate=0.550 mean_reward=-59.90 mean_actor_loss=0.0123 mean_kl=0.0000 stage=warmup scheduler_success_rate=0.500
episodes 22560-22579: success_rate=0.550 mean_reward=-63.00 mean_actor_loss=0.0123 mean_kl=0.0000 stage=warmup scheduler_success_rate=0.333
episodes 22580-22599: success_rate=0.600 mean_reward=29.26 mean_actor_loss=0.0124 mean_kl=0.0000 stage=intermediate scheduler_success_rate=1.000
episodes 22600-22619: success_rate=0.550 mean_reward=-62.27 mean_actor_loss=0.0123 mean_kl=0.0000 stage=intermediate scheduler_success_rate=0.000
episodes 22620-22639: success_rate=0.550 mean_reward=-65.75 mean_actor_loss=0.0123 mean_kl=0.0000 stage=warmup scheduler_success_rate=0.667
episodes 22640-22659: success_rate=0.750 mean_reward=363.75 mean_actor_loss=0.0123 mean_kl=0.0000 stage=intermediate scheduler_success_rate=0.000
episodes 22660-22679: success_rate=0.650 mean_reward=122.06 mean_actor_loss=0.0123 mean_kl=0.0000 stage=warmup scheduler_success_rate=0.667
episodes 22680-22699: success_rate=0.750 mean_reward=302.45 mean_actor_loss=0.0124 mean_kl=0.0000 stage=warmup scheduler_success_rate=0.667
episodes 22700-22719: success_rate=0.650 mean_reward=170.34 mean_actor_loss=0.0124 mean_kl=0.0000 stage=warmup scheduler_success_rate=0.333
episodes 22720-22739: success_rate=0.650 mean_reward=66.34 mean_actor_loss=0.0123 mean_kl=0.0000 stage=warmup scheduler_success_rate=1.000
episodes 22740-22759: success_rate=0.600 mean_reward=31.78 mean_actor_loss=0.0123 mean_kl=0.0000 stage=warmup scheduler_success_rate=0.667
episodes 22760-22779: success_rate=0.600 mean_reward=29.48 mean_actor_loss=0.0124 mean_kl=0.0000 stage=warmup scheduler_success_rate=0.667
episodes 22780-22799: success_rate=0.600 mean_reward=27.74 mean_actor_loss=0.0123 mean_kl=0.0000 stage=warmup scheduler_success_rate=1.000
episodes 22800-22819: success_rate=0.750 mean_reward=303.88 mean_actor_loss=0.0124 mean_kl=0.0000 stage=intermediate scheduler_success_rate=0.500
episodes 22820-22839: success_rate=0.600 mean_reward=-19.69 mean_actor_loss=0.0124 mean_kl=0.0000 stage=warmup scheduler_success_rate=0.500
episodes 22840-22859: success_rate=0.550 mean_reward=-59.55 mean_actor_loss=0.0124 mean_kl=0.0000 stage=intermediate scheduler_success_rate=0.500
episodes 22860-22879: success_rate=0.350 mean_reward=-429.87 mean_actor_loss=0.0123 mean_kl=0.0000 stage=warmup scheduler_success_rate=0.667
episodes 22880-22899: success_rate=0.550 mean_reward=-58.74 mean_actor_loss=0.0124 mean_kl=0.0000 stage=warmup scheduler_success_rate=0.500
episodes 22900-22919: success_rate=0.650 mean_reward=121.16 mean_actor_loss=0.0123 mean_kl=0.0000 stage=warmup scheduler_success_rate=0.667
episodes 22920-22939: success_rate=0.550 mean_reward=-59.04 mean_actor_loss=0.0123 mean_kl=0.0001 stage=intermediate scheduler_success_rate=1.000
episodes 22940-22959: success_rate=0.550 mean_reward=-63.56 mean_actor_loss=0.0123 mean_kl=0.0000 stage=warmup scheduler_success_rate=0.167
episodes 22960-22979: success_rate=0.700 mean_reward=174.14 mean_actor_loss=0.0123 mean_kl=0.0000 stage=warmup scheduler_success_rate=0.000
episodes 22980-22999: success_rate=0.750 mean_reward=256.78 mean_actor_loss=0.0124 mean_kl=0.0000 stage=full scheduler_success_rate=1.000
episodes 23000-23019: success_rate=0.550 mean_reward=-66.65 mean_actor_loss=0.0123 mean_kl=0.0000 stage=intermediate scheduler_success_rate=1.000
episodes 23020-23039: success_rate=0.700 mean_reward=172.62 mean_actor_loss=0.0124 mean_kl=0.0000 stage=intermediate scheduler_success_rate=0.000
episodes 23040-23059: success_rate=0.650 mean_reward=115.61 mean_actor_loss=0.0124 mean_kl=0.0000 stage=warmup scheduler_success_rate=0.400
episodes 23060-23079: success_rate=0.350 mean_reward=-429.21 mean_actor_loss=0.0124 mean_kl=0.0001 stage=warmup scheduler_success_rate=0.333
episodes 23080-23099: success_rate=0.650 mean_reward=118.84 mean_actor_loss=0.0124 mean_kl=0.0000 stage=warmup scheduler_success_rate=0.500
episodes 23100-23119: success_rate=0.600 mean_reward=25.63 mean_actor_loss=0.0124 mean_kl=0.0000 stage=warmup scheduler_success_rate=0.500
episodes 23120-23139: success_rate=0.450 mean_reward=-247.26 mean_actor_loss=0.0123 mean_kl=0.0000 stage=warmup scheduler_success_rate=0.167
episodes 23140-23159: success_rate=0.600 mean_reward=23.15 mean_actor_loss=0.0123 mean_kl=0.0000 stage=warmup scheduler_success_rate=0.000
episodes 23160-23179: success_rate=0.600 mean_reward=119.24 mean_actor_loss=0.0123 mean_kl=0.0000 stage=intermediate scheduler_success_rate=0.000
episodes 23180-23199: success_rate=0.650 mean_reward=105.56 mean_actor_loss=0.0124 mean_kl=0.0000 stage=warmup scheduler_success_rate=0.000
episodes 23200-23219: success_rate=0.850 mean_reward=485.51 mean_actor_loss=0.0123 mean_kl=0.0000 stage=intermediate scheduler_success_rate=0.667
episodes 23220-23239: success_rate=0.550 mean_reward=-62.17 mean_actor_loss=0.0123 mean_kl=0.0000 stage=warmup scheduler_success_rate=0.000
episodes 23240-23259: success_rate=0.450 mean_reward=-245.54 mean_actor_loss=0.0123 mean_kl=0.0001 stage=warmup scheduler_success_rate=0.167
episodes 23260-23279: success_rate=0.450 mean_reward=-248.26 mean_actor_loss=0.0123 mean_kl=0.0000 stage=warmup scheduler_success_rate=0.500
episodes 23280-23299: success_rate=0.500 mean_reward=-154.16 mean_actor_loss=0.0123 mean_kl=0.0000 stage=warmup scheduler_success_rate=0.333
episodes 23300-23319: success_rate=0.300 mean_reward=-530.67 mean_actor_loss=0.0123 mean_kl=0.0000 stage=warmup scheduler_success_rate=0.500
episodes 23320-23339: success_rate=0.500 mean_reward=-157.11 mean_actor_loss=0.0124 mean_kl=0.0000 stage=warmup scheduler_success_rate=0.500
episodes 23340-23359: success_rate=0.750 mean_reward=306.44 mean_actor_loss=0.0123 mean_kl=0.0000 stage=full scheduler_success_rate=1.000
episodes 23360-23379: success_rate=0.550 mean_reward=-64.07 mean_actor_loss=0.0123 mean_kl=0.0000 stage=warmup scheduler_success_rate=0.333
episodes 23380-23399: success_rate=0.500 mean_reward=-156.84 mean_actor_loss=0.0123 mean_kl=0.0000 stage=warmup scheduler_success_rate=0.333
episodes 23400-23419: success_rate=0.650 mean_reward=123.21 mean_actor_loss=0.0123 mean_kl=0.0000 stage=warmup scheduler_success_rate=0.500
episodes 23420-23439: success_rate=0.600 mean_reward=34.77 mean_actor_loss=0.0123 mean_kl=0.0000 stage=warmup scheduler_success_rate=0.750
episodes 23440-23459: success_rate=0.650 mean_reward=121.55 mean_actor_loss=0.0124 mean_kl=0.0000 stage=warmup scheduler_success_rate=0.000
episodes 23460-23479: success_rate=0.650 mean_reward=119.79 mean_actor_loss=0.0124 mean_kl=0.0000 stage=full scheduler_success_rate=0.600
episodes 23480-23499: success_rate=0.500 mean_reward=-202.60 mean_actor_loss=0.0124 mean_kl=0.0000 stage=warmup scheduler_success_rate=0.500
episodes 23500-23519: success_rate=0.600 mean_reward=14.60 mean_actor_loss=0.0123 mean_kl=0.0000 stage=full scheduler_success_rate=0.333
episodes 23520-23539: success_rate=0.600 mean_reward=24.85 mean_actor_loss=0.0123 mean_kl=0.0000 stage=warmup scheduler_success_rate=0.750
episodes 23540-23559: success_rate=0.400 mean_reward=-339.75 mean_actor_loss=0.0123 mean_kl=0.0000 stage=warmup scheduler_success_rate=0.167
episodes 23560-23579: success_rate=0.650 mean_reward=118.74 mean_actor_loss=0.0123 mean_kl=0.0000 stage=warmup scheduler_success_rate=0.667
episodes 23580-23599: success_rate=0.650 mean_reward=165.56 mean_actor_loss=0.0124 mean_kl=0.0000 stage=full scheduler_success_rate=0.500
episodes 23600-23619: success_rate=0.750 mean_reward=206.08 mean_actor_loss=0.0123 mean_kl=0.0000 stage=full scheduler_success_rate=1.000
episodes 23620-23639: success_rate=0.700 mean_reward=203.40 mean_actor_loss=0.0124 mean_kl=0.0000 stage=intermediate scheduler_success_rate=1.000
episodes 23640-23659: success_rate=0.500 mean_reward=-155.58 mean_actor_loss=0.0123 mean_kl=0.0000 stage=intermediate scheduler_success_rate=1.000
episodes 23660-23679: success_rate=0.750 mean_reward=259.19 mean_actor_loss=0.0124 mean_kl=0.0000 stage=intermediate scheduler_success_rate=1.000
episodes 23680-23699: success_rate=0.600 mean_reward=-17.05 mean_actor_loss=0.0123 mean_kl=0.0000 stage=warmup scheduler_success_rate=0.667
episodes 23700-23719: success_rate=0.600 mean_reward=31.74 mean_actor_loss=0.0124 mean_kl=0.0000 stage=intermediate scheduler_success_rate=0.667
episodes 23720-23739: success_rate=0.700 mean_reward=212.19 mean_actor_loss=0.0124 mean_kl=0.0000 stage=warmup scheduler_success_rate=1.000
episodes 23740-23759: success_rate=0.600 mean_reward=28.74 mean_actor_loss=0.0123 mean_kl=0.0000 stage=intermediate scheduler_success_rate=1.000
episodes 23760-23779: success_rate=0.700 mean_reward=160.37 mean_actor_loss=0.0123 mean_kl=0.0000 stage=intermediate scheduler_success_rate=0.333
episodes 23780-23799: success_rate=0.500 mean_reward=-156.99 mean_actor_loss=0.0123 mean_kl=0.0001 stage=warmup scheduler_success_rate=0.333
episodes 23800-23819: success_rate=0.500 mean_reward=-158.96 mean_actor_loss=0.0123 mean_kl=0.0000 stage=warmup scheduler_success_rate=0.500
episodes 23820-23839: success_rate=0.500 mean_reward=-155.79 mean_actor_loss=0.0122 mean_kl=0.0000 stage=warmup scheduler_success_rate=0.500
episodes 23840-23859: success_rate=0.650 mean_reward=118.10 mean_actor_loss=0.0124 mean_kl=0.0000 stage=intermediate scheduler_success_rate=0.500
episodes 23860-23879: success_rate=0.650 mean_reward=175.41 mean_actor_loss=0.0124 mean_kl=0.0000 stage=warmup scheduler_success_rate=0.000
episodes 23880-23899: success_rate=0.800 mean_reward=392.31 mean_actor_loss=0.0123 mean_kl=0.0000 stage=intermediate scheduler_success_rate=1.000
episodes 23900-23919: success_rate=0.550 mean_reward=-64.41 mean_actor_loss=0.0123 mean_kl=0.0000 stage=intermediate scheduler_success_rate=0.000
episodes 23920-23939: success_rate=0.700 mean_reward=221.43 mean_actor_loss=0.0123 mean_kl=0.0001 stage=warmup scheduler_success_rate=0.667
episodes 23940-23959: success_rate=0.550 mean_reward=-60.72 mean_actor_loss=0.0123 mean_kl=0.0000 stage=warmup scheduler_success_rate=0.667
episodes 23960-23979: success_rate=0.550 mean_reward=-63.09 mean_actor_loss=0.0124 mean_kl=0.0001 stage=warmup scheduler_success_rate=0.500
episodes 23980-23999: success_rate=0.800 mean_reward=353.32 mean_actor_loss=0.0124 mean_kl=0.0000 stage=warmup scheduler_success_rate=1.000
episodes 24000-24019: success_rate=0.600 mean_reward=33.22 mean_actor_loss=0.0124 mean_kl=0.0000 stage=warmup scheduler_success_rate=0.667
episodes 24020-24039: success_rate=0.700 mean_reward=216.68 mean_actor_loss=0.0123 mean_kl=0.0000 stage=full scheduler_success_rate=0.500
episodes 24040-24059: success_rate=0.450 mean_reward=-256.29 mean_actor_loss=0.0123 mean_kl=0.0000 stage=warmup scheduler_success_rate=0.500
episodes 24060-24079: success_rate=0.700 mean_reward=211.10 mean_actor_loss=0.0123 mean_kl=0.0000 stage=warmup scheduler_success_rate=0.000
episodes 24080-24099: success_rate=0.650 mean_reward=124.10 mean_actor_loss=0.0124 mean_kl=0.0000 stage=intermediate scheduler_success_rate=1.000
episodes 24100-24119: success_rate=0.650 mean_reward=125.77 mean_actor_loss=0.0124 mean_kl=0.0000 stage=intermediate scheduler_success_rate=0.667
episodes 24120-24139: success_rate=0.500 mean_reward=-159.89 mean_actor_loss=0.0123 mean_kl=0.0000 stage=intermediate scheduler_success_rate=1.000
episodes 24140-24159: success_rate=0.700 mean_reward=303.28 mean_actor_loss=0.0123 mean_kl=0.0000 stage=intermediate scheduler_success_rate=1.000
episodes 24160-24179: success_rate=0.550 mean_reward=-68.29 mean_actor_loss=0.0123 mean_kl=0.0000 stage=warmup scheduler_success_rate=0.667
episodes 24180-24199: success_rate=0.500 mean_reward=-154.33 mean_actor_loss=0.0123 mean_kl=0.0000 stage=warmup scheduler_success_rate=0.500
episodes 24200-24219: success_rate=0.500 mean_reward=-155.99 mean_actor_loss=0.0124 mean_kl=0.0000 stage=warmup scheduler_success_rate=0.333
episodes 24220-24239: success_rate=0.700 mean_reward=263.07 mean_actor_loss=0.0124 mean_kl=0.0000 stage=intermediate scheduler_success_rate=0.750
episodes 24240-24259: success_rate=0.600 mean_reward=-63.56 mean_actor_loss=0.0124 mean_kl=0.0000 stage=intermediate scheduler_success_rate=1.000
episodes 24260-24279: success_rate=0.550 mean_reward=-110.24 mean_actor_loss=0.0124 mean_kl=0.0000 stage=warmup scheduler_success_rate=0.000
episodes 24280-24299: success_rate=0.600 mean_reward=69.71 mean_actor_loss=0.0124 mean_kl=0.0000 stage=intermediate scheduler_success_rate=0.000
episodes 24300-24319: success_rate=0.700 mean_reward=127.81 mean_actor_loss=0.0124 mean_kl=0.0000 stage=intermediate scheduler_success_rate=1.000
episodes 24320-24339: success_rate=0.550 mean_reward=-63.54 mean_actor_loss=0.0123 mean_kl=0.0000 stage=intermediate scheduler_success_rate=0.000
episodes 24340-24359: success_rate=0.750 mean_reward=301.04 mean_actor_loss=0.0124 mean_kl=0.0000 stage=intermediate scheduler_success_rate=0.000
episodes 24360-24379: success_rate=0.550 mean_reward=-63.36 mean_actor_loss=0.0123 mean_kl=0.0000 stage=intermediate scheduler_success_rate=0.000
episodes 24380-24399: success_rate=0.500 mean_reward=-158.26 mean_actor_loss=0.0123 mean_kl=0.0000 stage=warmup scheduler_success_rate=0.500
episodes 24400-24419: success_rate=0.500 mean_reward=-155.48 mean_actor_loss=0.0123 mean_kl=0.0000 stage=warmup scheduler_success_rate=0.167
episodes 24420-24439: success_rate=0.600 mean_reward=32.54 mean_actor_loss=0.0124 mean_kl=0.0000 stage=warmup scheduler_success_rate=0.500
episodes 24440-24459: success_rate=0.650 mean_reward=77.45 mean_actor_loss=0.0123 mean_kl=0.0000 stage=full scheduler_success_rate=0.500
episodes 24460-24479: success_rate=0.500 mean_reward=-156.29 mean_actor_loss=0.0124 mean_kl=0.0001 stage=warmup scheduler_success_rate=0.500
episodes 24480-24499: success_rate=0.650 mean_reward=169.83 mean_actor_loss=0.0123 mean_kl=0.0000 stage=full scheduler_success_rate=0.000
episodes 24500-24519: success_rate=0.450 mean_reward=-242.80 mean_actor_loss=0.0123 mean_kl=0.0000 stage=warmup scheduler_success_rate=0.667
episodes 24520-24539: success_rate=0.500 mean_reward=-159.05 mean_actor_loss=0.0123 mean_kl=0.0000 stage=intermediate scheduler_success_rate=0.667
episodes 24540-24559: success_rate=0.350 mean_reward=-429.53 mean_actor_loss=0.0123 mean_kl=0.0001 stage=warmup scheduler_success_rate=0.333
episodes 24560-24579: success_rate=0.850 mean_reward=487.16 mean_actor_loss=0.0124 mean_kl=0.0000 stage=full scheduler_success_rate=0.667
episodes 24580-24599: success_rate=0.500 mean_reward=-156.43 mean_actor_loss=0.0124 mean_kl=0.0000 stage=warmup scheduler_success_rate=0.167
episodes 24600-24619: success_rate=0.600 mean_reward=29.26 mean_actor_loss=0.0124 mean_kl=0.0000 stage=warmup scheduler_success_rate=0.667
episodes 24620-24639: success_rate=0.650 mean_reward=120.99 mean_actor_loss=0.0124 mean_kl=0.0000 stage=warmup scheduler_success_rate=0.000
episodes 24640-24659: success_rate=0.450 mean_reward=-246.22 mean_actor_loss=0.0123 mean_kl=0.0000 stage=warmup scheduler_success_rate=0.333
episodes 24660-24679: success_rate=0.500 mean_reward=-163.96 mean_actor_loss=0.0123 mean_kl=0.0000 stage=warmup scheduler_success_rate=0.500
episodes 24680-24699: success_rate=0.750 mean_reward=306.89 mean_actor_loss=0.0123 mean_kl=0.0000 stage=warmup scheduler_success_rate=0.667
episodes 24700-24719: success_rate=0.600 mean_reward=30.89 mean_actor_loss=0.0123 mean_kl=0.0000 stage=warmup scheduler_success_rate=0.333
episodes 24720-24739: success_rate=0.550 mean_reward=-60.95 mean_actor_loss=0.0123 mean_kl=0.0000 stage=warmup scheduler_success_rate=0.667
episodes 24740-24759: success_rate=0.700 mean_reward=209.17 mean_actor_loss=0.0123 mean_kl=0.0001 stage=full scheduler_success_rate=0.333
episodes 24760-24779: success_rate=0.650 mean_reward=117.95 mean_actor_loss=0.0124 mean_kl=0.0000 stage=intermediate scheduler_success_rate=0.750
episodes 24780-24799: success_rate=0.650 mean_reward=111.30 mean_actor_loss=0.0123 mean_kl=0.0000 stage=warmup scheduler_success_rate=0.667
episodes 24800-24819: success_rate=0.450 mean_reward=-245.40 mean_actor_loss=0.0124 mean_kl=0.0000 stage=warmup scheduler_success_rate=0.333
episodes 24820-24839: success_rate=0.700 mean_reward=214.97 mean_actor_loss=0.0124 mean_kl=0.0000 stage=full scheduler_success_rate=0.600
episodes 24840-24859: success_rate=0.550 mean_reward=-55.63 mean_actor_loss=0.0124 mean_kl=0.0000 stage=warmup scheduler_success_rate=0.750
episodes 24860-24879: success_rate=0.500 mean_reward=-155.25 mean_actor_loss=0.0124 mean_kl=0.0000 stage=warmup scheduler_success_rate=0.667
episodes 24880-24899: success_rate=0.750 mean_reward=304.72 mean_actor_loss=0.0124 mean_kl=0.0000 stage=full scheduler_success_rate=0.500
episodes 24900-24919: success_rate=0.700 mean_reward=159.54 mean_actor_loss=0.0123 mean_kl=0.0000 stage=intermediate scheduler_success_rate=0.000
episodes 24920-24939: success_rate=0.700 mean_reward=209.81 mean_actor_loss=0.0124 mean_kl=0.0000 stage=full scheduler_success_rate=0.750
episodes 24940-24959: success_rate=0.700 mean_reward=112.30 mean_actor_loss=0.0125 mean_kl=0.0000 stage=intermediate scheduler_success_rate=1.000
episodes 24960-24979: success_rate=0.700 mean_reward=259.52 mean_actor_loss=0.0124 mean_kl=0.0000 stage=intermediate scheduler_success_rate=0.500
episodes 24980-24999: success_rate=0.600 mean_reward=41.76 mean_actor_loss=0.0124 mean_kl=0.0000 stage=intermediate scheduler_success_rate=1.000
episodes 25000-25019: success_rate=0.750 mean_reward=300.37 mean_actor_loss=0.0124 mean_kl=0.0000 stage=full scheduler_success_rate=0.000
episodes 25020-25039: success_rate=0.500 mean_reward=-155.12 mean_actor_loss=0.0123 mean_kl=0.0000 stage=warmup scheduler_success_rate=0.500
episodes 25040-25059: success_rate=0.850 mean_reward=480.45 mean_actor_loss=0.0124 mean_kl=0.0000 stage=intermediate scheduler_success_rate=0.000
episodes 25060-25079: success_rate=0.750 mean_reward=256.21 mean_actor_loss=0.0124 mean_kl=0.0001 stage=intermediate scheduler_success_rate=1.000
episodes 25080-25099: success_rate=0.550 mean_reward=-64.49 mean_actor_loss=0.0124 mean_kl=0.0000 stage=warmup scheduler_success_rate=0.500
episodes 25100-25119: success_rate=0.500 mean_reward=-162.21 mean_actor_loss=0.0124 mean_kl=0.0000 stage=warmup scheduler_success_rate=0.000
episodes 25120-25139: success_rate=0.650 mean_reward=119.87 mean_actor_loss=0.0124 mean_kl=0.0001 stage=warmup scheduler_success_rate=0.750
episodes 25140-25159: success_rate=0.600 mean_reward=25.89 mean_actor_loss=0.0124 mean_kl=0.0000 stage=warmup scheduler_success_rate=1.000
episodes 25160-25179: success_rate=0.500 mean_reward=-214.69 mean_actor_loss=0.0124 mean_kl=0.0000 stage=warmup scheduler_success_rate=0.000
episodes 25180-25199: success_rate=0.550 mean_reward=-64.94 mean_actor_loss=0.0123 mean_kl=0.0000 stage=warmup scheduler_success_rate=0.500
episodes 25200-25219: success_rate=0.650 mean_reward=118.60 mean_actor_loss=0.0123 mean_kl=0.0000 stage=warmup scheduler_success_rate=0.000
episodes 25220-25239: success_rate=0.600 mean_reward=28.50 mean_actor_loss=0.0123 mean_kl=0.0000 stage=warmup scheduler_success_rate=0.600
episodes 25240-25259: success_rate=0.800 mean_reward=389.46 mean_actor_loss=0.0124 mean_kl=0.0000 stage=intermediate scheduler_success_rate=1.000
episodes 25260-25279: success_rate=0.600 mean_reward=29.65 mean_actor_loss=0.0123 mean_kl=0.0000 stage=intermediate scheduler_success_rate=0.667
episodes 25280-25299: success_rate=0.500 mean_reward=-162.09 mean_actor_loss=0.0124 mean_kl=0.0000 stage=warmup scheduler_success_rate=0.333
episodes 25300-25319: success_rate=0.850 mean_reward=533.55 mean_actor_loss=0.0123 mean_kl=0.0000 stage=full scheduler_success_rate=0.500
episodes 25320-25339: success_rate=0.600 mean_reward=29.90 mean_actor_loss=0.0124 mean_kl=0.0000 stage=intermediate scheduler_success_rate=1.000
episodes 25340-25359: success_rate=0.600 mean_reward=27.33 mean_actor_loss=0.0123 mean_kl=0.0000 stage=intermediate scheduler_success_rate=0.000
episodes 25360-25379: success_rate=0.600 mean_reward=28.00 mean_actor_loss=0.0123 mean_kl=0.0000 stage=warmup scheduler_success_rate=0.000
episodes 25380-25399: success_rate=0.700 mean_reward=214.66 mean_actor_loss=0.0124 mean_kl=0.0001 stage=warmup scheduler_success_rate=1.000
episodes 25400-25419: success_rate=0.650 mean_reward=171.88 mean_actor_loss=0.0124 mean_kl=0.0001 stage=full scheduler_success_rate=0.333
episodes 25420-25439: success_rate=0.700 mean_reward=259.23 mean_actor_loss=0.0124 mean_kl=0.0000 stage=full scheduler_success_rate=0.800
episodes 25440-25459: success_rate=0.450 mean_reward=-251.04 mean_actor_loss=0.0123 mean_kl=0.0000 stage=warmup scheduler_success_rate=0.667
episodes 25460-25479: success_rate=0.400 mean_reward=-386.40 mean_actor_loss=0.0123 mean_kl=0.0000 stage=warmup scheduler_success_rate=0.333
episodes 25480-25499: success_rate=0.800 mean_reward=398.73 mean_actor_loss=0.0123 mean_kl=0.0001 stage=full scheduler_success_rate=0.833
episodes 25500-25519: success_rate=0.700 mean_reward=213.08 mean_actor_loss=0.0123 mean_kl=0.0000 stage=warmup scheduler_success_rate=0.400
episodes 25520-25539: success_rate=0.700 mean_reward=212.15 mean_actor_loss=0.0124 mean_kl=0.0000 stage=warmup scheduler_success_rate=0.667
episodes 25540-25559: success_rate=0.600 mean_reward=-18.57 mean_actor_loss=0.0124 mean_kl=0.0000 stage=intermediate scheduler_success_rate=1.000
episodes 25560-25579: success_rate=0.700 mean_reward=306.01 mean_actor_loss=0.0124 mean_kl=0.0000 stage=intermediate scheduler_success_rate=1.000
episodes 25580-25599: success_rate=0.750 mean_reward=299.44 mean_actor_loss=0.0123 mean_kl=0.0000 stage=intermediate scheduler_success_rate=0.750
episodes 25600-25619: success_rate=0.650 mean_reward=129.83 mean_actor_loss=0.0124 mean_kl=0.0000 stage=warmup scheduler_success_rate=0.000
episodes 25620-25639: success_rate=0.700 mean_reward=212.89 mean_actor_loss=0.0123 mean_kl=0.0000 stage=intermediate scheduler_success_rate=0.667
episodes 25640-25659: success_rate=0.800 mean_reward=347.29 mean_actor_loss=0.0124 mean_kl=0.0000 stage=intermediate scheduler_success_rate=1.000
episodes 25660-25679: success_rate=0.450 mean_reward=-292.61 mean_actor_loss=0.0123 mean_kl=0.0000 stage=warmup scheduler_success_rate=0.500
episodes 25680-25699: success_rate=0.500 mean_reward=-155.83 mean_actor_loss=0.0123 mean_kl=0.0000 stage=warmup scheduler_success_rate=0.500
episodes 25700-25719: success_rate=0.750 mean_reward=308.50 mean_actor_loss=0.0123 mean_kl=0.0000 stage=intermediate scheduler_success_rate=0.000
episodes 25720-25739: success_rate=0.550 mean_reward=-71.00 mean_actor_loss=0.0124 mean_kl=0.0000 stage=warmup scheduler_success_rate=0.333
episodes 25740-25759: success_rate=0.550 mean_reward=-69.93 mean_actor_loss=0.0123 mean_kl=0.0000 stage=intermediate scheduler_success_rate=0.000
episodes 25760-25779: success_rate=0.800 mean_reward=393.22 mean_actor_loss=0.0123 mean_kl=0.0000 stage=intermediate scheduler_success_rate=0.667
episodes 25780-25799: success_rate=0.650 mean_reward=119.84 mean_actor_loss=0.0124 mean_kl=0.0000 stage=intermediate scheduler_success_rate=0.667
episodes 25800-25819: success_rate=0.500 mean_reward=-152.14 mean_actor_loss=0.0123 mean_kl=0.0000 stage=warmup scheduler_success_rate=0.667
episodes 25820-25839: success_rate=0.750 mean_reward=306.17 mean_actor_loss=0.0124 mean_kl=0.0000 stage=full scheduler_success_rate=1.000
episodes 25840-25859: success_rate=0.650 mean_reward=119.62 mean_actor_loss=0.0124 mean_kl=0.0001 stage=intermediate scheduler_success_rate=1.000
episodes 25860-25879: success_rate=0.600 mean_reward=25.24 mean_actor_loss=0.0123 mean_kl=0.0000 stage=warmup scheduler_success_rate=1.000
episodes 25880-25899: success_rate=0.800 mean_reward=308.63 mean_actor_loss=0.0124 mean_kl=0.0000 stage=full scheduler_success_rate=0.000
episodes 25900-25919: success_rate=0.550 mean_reward=-63.38 mean_actor_loss=0.0124 mean_kl=0.0000 stage=warmup scheduler_success_rate=0.500
episodes 25920-25939: success_rate=0.700 mean_reward=358.98 mean_actor_loss=0.0124 mean_kl=0.0000 stage=intermediate scheduler_success_rate=1.000
episodes 25940-25959: success_rate=0.550 mean_reward=-65.68 mean_actor_loss=0.0124 mean_kl=0.0000 stage=warmup scheduler_success_rate=0.333
episodes 25960-25979: success_rate=0.600 mean_reward=27.60 mean_actor_loss=0.0124 mean_kl=0.0000 stage=intermediate scheduler_success_rate=0.500
episodes 25980-25999: success_rate=0.650 mean_reward=67.04 mean_actor_loss=0.0124 mean_kl=0.0000 stage=intermediate scheduler_success_rate=0.500
episodes 26000-26019: success_rate=0.700 mean_reward=217.04 mean_actor_loss=0.0123 mean_kl=0.0000 stage=intermediate scheduler_success_rate=1.000
episodes 26020-26039: success_rate=0.650 mean_reward=158.92 mean_actor_loss=0.0123 mean_kl=0.0000 stage=intermediate scheduler_success_rate=1.000
episodes 26040-26059: success_rate=0.700 mean_reward=256.30 mean_actor_loss=0.0124 mean_kl=0.0000 stage=intermediate scheduler_success_rate=1.000
episodes 26060-26079: success_rate=0.650 mean_reward=123.17 mean_actor_loss=0.0123 mean_kl=0.0000 stage=intermediate scheduler_success_rate=1.000
episodes 26080-26099: success_rate=0.600 mean_reward=26.89 mean_actor_loss=0.0124 mean_kl=0.0000 stage=warmup scheduler_success_rate=0.333
episodes 26100-26119: success_rate=0.700 mean_reward=213.25 mean_actor_loss=0.0123 mean_kl=0.0000 stage=intermediate scheduler_success_rate=0.000
episodes 26120-26139: success_rate=0.450 mean_reward=-243.59 mean_actor_loss=0.0124 mean_kl=0.0000 stage=warmup scheduler_success_rate=0.500
episodes 26140-26159: success_rate=0.550 mean_reward=-56.83 mean_actor_loss=0.0124 mean_kl=0.0000 stage=warmup scheduler_success_rate=0.750
episodes 26160-26179: success_rate=0.750 mean_reward=302.61 mean_actor_loss=0.0124 mean_kl=0.0000 stage=full scheduler_success_rate=1.000
episodes 26180-26199: success_rate=0.650 mean_reward=114.24 mean_actor_loss=0.0124 mean_kl=0.0000 stage=intermediate scheduler_success_rate=1.000
episodes 26200-26219: success_rate=0.500 mean_reward=-157.16 mean_actor_loss=0.0123 mean_kl=0.0000 stage=warmup scheduler_success_rate=0.667
episodes 26220-26239: success_rate=0.600 mean_reward=10.97 mean_actor_loss=0.0123 mean_kl=0.0000 stage=intermediate scheduler_success_rate=0.500
episodes 26240-26259: success_rate=0.750 mean_reward=205.42 mean_actor_loss=0.0124 mean_kl=0.0000 stage=intermediate scheduler_success_rate=1.000
episodes 26260-26279: success_rate=0.700 mean_reward=195.80 mean_actor_loss=0.0123 mean_kl=0.0000 stage=intermediate scheduler_success_rate=0.750
episodes 26280-26299: success_rate=0.650 mean_reward=120.27 mean_actor_loss=0.0124 mean_kl=0.0000 stage=intermediate scheduler_success_rate=0.500
episodes 26300-26319: success_rate=0.550 mean_reward=-61.02 mean_actor_loss=0.0124 mean_kl=0.0000 stage=warmup scheduler_success_rate=0.667
episodes 26320-26339: success_rate=0.650 mean_reward=115.99 mean_actor_loss=0.0123 mean_kl=0.0000 stage=warmup scheduler_success_rate=1.000
episodes 26340-26359: success_rate=0.750 mean_reward=300.15 mean_actor_loss=0.0124 mean_kl=0.0000 stage=full scheduler_success_rate=1.000
episodes 26360-26379: success_rate=0.500 mean_reward=-157.86 mean_actor_loss=0.0124 mean_kl=0.0000 stage=warmup scheduler_success_rate=0.333
episodes 26380-26399: success_rate=0.550 mean_reward=-65.18 mean_actor_loss=0.0124 mean_kl=0.0000 stage=warmup scheduler_success_rate=0.667
episodes 26400-26419: success_rate=0.350 mean_reward=-429.43 mean_actor_loss=0.0124 mean_kl=0.0000 stage=warmup scheduler_success_rate=0.333
episodes 26420-26439: success_rate=0.450 mean_reward=-244.75 mean_actor_loss=0.0123 mean_kl=0.0000 stage=intermediate scheduler_success_rate=1.000
episodes 26440-26459: success_rate=0.550 mean_reward=-69.45 mean_actor_loss=0.0123 mean_kl=0.0000 stage=intermediate scheduler_success_rate=0.000
episodes 26460-26479: success_rate=0.600 mean_reward=27.27 mean_actor_loss=0.0123 mean_kl=0.0000 stage=warmup scheduler_success_rate=0.333
episodes 26480-26499: success_rate=0.550 mean_reward=-60.53 mean_actor_loss=0.0124 mean_kl=0.0000 stage=warmup scheduler_success_rate=0.667
episodes 26500-26519: success_rate=0.800 mean_reward=446.17 mean_actor_loss=0.0123 mean_kl=0.0000 stage=full scheduler_success_rate=0.000
episodes 26520-26539: success_rate=0.550 mean_reward=32.40 mean_actor_loss=0.0124 mean_kl=0.0000 stage=warmup scheduler_success_rate=0.500
episodes 26540-26559: success_rate=0.600 mean_reward=30.82 mean_actor_loss=0.0124 mean_kl=0.0001 stage=intermediate scheduler_success_rate=0.750
episodes 26560-26579: success_rate=0.750 mean_reward=313.37 mean_actor_loss=0.0124 mean_kl=0.0000 stage=intermediate scheduler_success_rate=1.000
episodes 26580-26599: success_rate=0.850 mean_reward=492.29 mean_actor_loss=0.0123 mean_kl=0.0000 stage=intermediate scheduler_success_rate=1.000
episodes 26600-26619: success_rate=0.600 mean_reward=116.41 mean_actor_loss=0.0123 mean_kl=0.0000 stage=intermediate scheduler_success_rate=1.000
episodes 26620-26639: success_rate=0.450 mean_reward=-341.60 mean_actor_loss=0.0124 mean_kl=0.0000 stage=warmup scheduler_success_rate=0.333
episodes 26640-26659: success_rate=0.650 mean_reward=120.74 mean_actor_loss=0.0123 mean_kl=0.0000 stage=intermediate scheduler_success_rate=0.000
episodes 26660-26679: success_rate=0.450 mean_reward=-332.75 mean_actor_loss=0.0124 mean_kl=0.0000 stage=warmup scheduler_success_rate=0.000
episodes 26680-26699: success_rate=0.450 mean_reward=-246.00 mean_actor_loss=0.0123 mean_kl=0.0000 stage=intermediate scheduler_success_rate=0.667
episodes 26700-26719: success_rate=0.700 mean_reward=164.03 mean_actor_loss=0.0124 mean_kl=0.0000 stage=warmup scheduler_success_rate=0.000
episodes 26720-26739: success_rate=0.700 mean_reward=203.36 mean_actor_loss=0.0123 mean_kl=0.0000 stage=warmup scheduler_success_rate=0.000
episodes 26740-26759: success_rate=0.550 mean_reward=-61.04 mean_actor_loss=0.0123 mean_kl=0.0000 stage=warmup scheduler_success_rate=0.000
episodes 26760-26779: success_rate=0.500 mean_reward=-157.27 mean_actor_loss=0.0123 mean_kl=0.0000 stage=intermediate scheduler_success_rate=0.500
episodes 26780-26799: success_rate=0.550 mean_reward=-63.83 mean_actor_loss=0.0124 mean_kl=0.0000 stage=intermediate scheduler_success_rate=0.000
episodes 26800-26819: success_rate=0.500 mean_reward=-153.76 mean_actor_loss=0.0124 mean_kl=0.0000 stage=warmup scheduler_success_rate=0.667
episodes 26820-26839: success_rate=0.800 mean_reward=353.36 mean_actor_loss=0.0124 mean_kl=0.0000 stage=intermediate scheduler_success_rate=0.000
episodes 26840-26859: success_rate=0.700 mean_reward=355.04 mean_actor_loss=0.0124 mean_kl=0.0000 stage=full scheduler_success_rate=0.833
episodes 26860-26879: success_rate=0.450 mean_reward=-297.41 mean_actor_loss=0.0124 mean_kl=0.0000 stage=warmup scheduler_success_rate=0.600
episodes 26880-26899: success_rate=0.700 mean_reward=216.11 mean_actor_loss=0.0124 mean_kl=0.0000 stage=full scheduler_success_rate=0.750
episodes 26900-26919: success_rate=0.650 mean_reward=263.80 mean_actor_loss=0.0124 mean_kl=0.0000 stage=full scheduler_success_rate=0.667
episodes 26920-26939: success_rate=0.500 mean_reward=-193.76 mean_actor_loss=0.0124 mean_kl=0.0000 stage=warmup scheduler_success_rate=0.400
episodes 26940-26959: success_rate=0.600 mean_reward=31.20 mean_actor_loss=0.0124 mean_kl=0.0000 stage=warmup scheduler_success_rate=0.333
episodes 26960-26979: success_rate=0.350 mean_reward=-434.64 mean_actor_loss=0.0123 mean_kl=0.0000 stage=warmup scheduler_success_rate=0.333
episodes 26980-26999: success_rate=0.600 mean_reward=28.67 mean_actor_loss=0.0123 mean_kl=0.0000 stage=warmup scheduler_success_rate=0.750
episodes 27000-27019: success_rate=0.650 mean_reward=171.51 mean_actor_loss=0.0123 mean_kl=0.0000 stage=warmup scheduler_success_rate=0.667
episodes 27020-27039: success_rate=0.600 mean_reward=18.29 mean_actor_loss=0.0123 mean_kl=0.0000 stage=warmup scheduler_success_rate=1.000
episodes 27040-27059: success_rate=0.550 mean_reward=-71.43 mean_actor_loss=0.0123 mean_kl=0.0000 stage=warmup scheduler_success_rate=0.500
episodes 27060-27079: success_rate=0.450 mean_reward=-250.74 mean_actor_loss=0.0123 mean_kl=0.0000 stage=warmup scheduler_success_rate=1.000
episodes 27080-27099: success_rate=0.650 mean_reward=120.20 mean_actor_loss=0.0123 mean_kl=0.0000 stage=intermediate scheduler_success_rate=0.500
episodes 27100-27119: success_rate=0.500 mean_reward=-161.17 mean_actor_loss=0.0124 mean_kl=0.0000 stage=warmup scheduler_success_rate=0.750
episodes 27120-27139: success_rate=0.700 mean_reward=213.94 mean_actor_loss=0.0123 mean_kl=0.0000 stage=full scheduler_success_rate=1.000
episodes 27140-27159: success_rate=0.250 mean_reward=-619.52 mean_actor_loss=0.0123 mean_kl=0.0000 stage=warmup scheduler_success_rate=0.167
episodes 27160-27179: success_rate=0.550 mean_reward=-62.83 mean_actor_loss=0.0124 mean_kl=0.0000 stage=warmup scheduler_success_rate=0.500
episodes 27180-27199: success_rate=0.500 mean_reward=-159.50 mean_actor_loss=0.0123 mean_kl=0.0000 stage=intermediate scheduler_success_rate=1.000
episodes 27200-27219: success_rate=0.550 mean_reward=-64.30 mean_actor_loss=0.0123 mean_kl=0.0000 stage=warmup scheduler_success_rate=0.000
episodes 27220-27239: success_rate=0.250 mean_reward=-615.21 mean_actor_loss=0.0123 mean_kl=0.0000 stage=warmup scheduler_success_rate=0.167
episodes 27240-27259: success_rate=0.700 mean_reward=220.26 mean_actor_loss=0.0124 mean_kl=0.0000 stage=intermediate scheduler_success_rate=0.333
episodes 27260-27279: success_rate=0.550 mean_reward=-62.87 mean_actor_loss=0.0123 mean_kl=0.0000 stage=warmup scheduler_success_rate=0.667
episodes 27280-27299: success_rate=0.750 mean_reward=310.31 mean_actor_loss=0.0123 mean_kl=0.0000 stage=full scheduler_success_rate=0.500
episodes 27300-27319: success_rate=0.500 mean_reward=-157.04 mean_actor_loss=0.0123 mean_kl=0.0000 stage=warmup scheduler_success_rate=0.400
episodes 27320-27339: success_rate=0.600 mean_reward=25.87 mean_actor_loss=0.0123 mean_kl=0.0000 stage=warmup scheduler_success_rate=0.500
episodes 27340-27359: success_rate=0.600 mean_reward=26.05 mean_actor_loss=0.0124 mean_kl=0.0000 stage=warmup scheduler_success_rate=1.000
episodes 27360-27379: success_rate=0.600 mean_reward=29.12 mean_actor_loss=0.0123 mean_kl=0.0000 stage=warmup scheduler_success_rate=0.000
episodes 27380-27399: success_rate=0.500 mean_reward=-154.58 mean_actor_loss=0.0122 mean_kl=0.0000 stage=warmup scheduler_success_rate=0.500
episodes 27400-27419: success_rate=0.750 mean_reward=290.35 mean_actor_loss=0.0123 mean_kl=0.0000 stage=full scheduler_success_rate=0.667
episodes 27420-27439: success_rate=0.300 mean_reward=-525.44 mean_actor_loss=0.0123 mean_kl=0.0000 stage=warmup scheduler_success_rate=0.167
episodes 27440-27459: success_rate=0.500 mean_reward=-157.34 mean_actor_loss=0.0123 mean_kl=0.0000 stage=warmup scheduler_success_rate=0.500
episodes 27460-27479: success_rate=0.450 mean_reward=-245.49 mean_actor_loss=0.0123 mean_kl=0.0000 stage=warmup scheduler_success_rate=0.500
episodes 27480-27499: success_rate=0.450 mean_reward=-247.31 mean_actor_loss=0.0123 mean_kl=0.0000 stage=warmup scheduler_success_rate=0.333
episodes 27500-27519: success_rate=0.650 mean_reward=119.71 mean_actor_loss=0.0123 mean_kl=0.0000 stage=intermediate scheduler_success_rate=0.500
episodes 27520-27539: success_rate=0.700 mean_reward=207.72 mean_actor_loss=0.0124 mean_kl=0.0000 stage=full scheduler_success_rate=1.000
episodes 27540-27559: success_rate=0.750 mean_reward=294.82 mean_actor_loss=0.0124 mean_kl=0.0000 stage=intermediate scheduler_success_rate=0.000
episodes 27560-27579: success_rate=0.650 mean_reward=117.94 mean_actor_loss=0.0123 mean_kl=0.0000 stage=warmup scheduler_success_rate=0.667
episodes 27580-27599: success_rate=0.650 mean_reward=118.02 mean_actor_loss=0.0123 mean_kl=0.0000 stage=warmup scheduler_success_rate=0.750
episodes 27600-27619: success_rate=0.850 mean_reward=485.62 mean_actor_loss=0.0124 mean_kl=0.0000 stage=warmup scheduler_success_rate=0.000
episodes 27620-27639: success_rate=0.450 mean_reward=-243.33 mean_actor_loss=0.0124 mean_kl=0.0000 stage=warmup scheduler_success_rate=0.667
episodes 27640-27659: success_rate=0.700 mean_reward=120.63 mean_actor_loss=0.0124 mean_kl=0.0001 stage=full scheduler_success_rate=0.333
episodes 27660-27679: success_rate=0.700 mean_reward=215.11 mean_actor_loss=0.0124 mean_kl=0.0000 stage=full scheduler_success_rate=0.500
episodes 27680-27699: success_rate=0.700 mean_reward=265.11 mean_actor_loss=0.0124 mean_kl=0.0000 stage=intermediate scheduler_success_rate=1.000
episodes 27700-27719: success_rate=0.550 mean_reward=-64.34 mean_actor_loss=0.0123 mean_kl=0.0000 stage=warmup scheduler_success_rate=0.500
episodes 27720-27739: success_rate=0.700 mean_reward=208.37 mean_actor_loss=0.0123 mean_kl=0.0000 stage=intermediate scheduler_success_rate=1.000
episodes 27740-27759: success_rate=0.650 mean_reward=72.53 mean_actor_loss=0.0124 mean_kl=0.0000 stage=warmup scheduler_success_rate=0.500
episodes 27760-27779: success_rate=0.750 mean_reward=302.90 mean_actor_loss=0.0124 mean_kl=0.0001 stage=intermediate scheduler_success_rate=0.667
episodes 27780-27799: success_rate=0.750 mean_reward=353.12 mean_actor_loss=0.0124 mean_kl=0.0000 stage=intermediate scheduler_success_rate=0.667
episodes 27800-27819: success_rate=0.600 mean_reward=-19.31 mean_actor_loss=0.0124 mean_kl=0.0000 stage=warmup scheduler_success_rate=0.000
episodes 27820-27839: success_rate=0.700 mean_reward=169.49 mean_actor_loss=0.0123 mean_kl=0.0000 stage=full scheduler_success_rate=0.500
episodes 27840-27859: success_rate=0.650 mean_reward=70.55 mean_actor_loss=0.0123 mean_kl=0.0000 stage=warmup scheduler_success_rate=1.000
episodes 27860-27879: success_rate=0.550 mean_reward=-64.51 mean_actor_loss=0.0124 mean_kl=0.0000 stage=warmup scheduler_success_rate=0.333
episodes 27880-27899: success_rate=0.650 mean_reward=120.37 mean_actor_loss=0.0124 mean_kl=0.0000 stage=intermediate scheduler_success_rate=0.750
episodes 27900-27919: success_rate=0.600 mean_reward=25.99 mean_actor_loss=0.0124 mean_kl=0.0000 stage=intermediate scheduler_success_rate=0.000
episodes 27920-27939: success_rate=0.650 mean_reward=123.02 mean_actor_loss=0.0124 mean_kl=0.0000 stage=warmup scheduler_success_rate=0.500
episodes 27940-27959: success_rate=0.750 mean_reward=306.85 mean_actor_loss=0.0123 mean_kl=0.0001 stage=intermediate scheduler_success_rate=1.000
episodes 27960-27979: success_rate=0.650 mean_reward=120.27 mean_actor_loss=0.0124 mean_kl=0.0000 stage=intermediate scheduler_success_rate=0.667
episodes 27980-27999: success_rate=0.600 mean_reward=28.69 mean_actor_loss=0.0123 mean_kl=0.0000 stage=intermediate scheduler_success_rate=0.667
episodes 28000-28019: success_rate=0.350 mean_reward=-432.41 mean_actor_loss=0.0123 mean_kl=0.0000 stage=warmup scheduler_success_rate=0.500
episodes 28020-28039: success_rate=0.400 mean_reward=-332.28 mean_actor_loss=0.0125 mean_kl=0.0000 stage=warmup scheduler_success_rate=0.333
episodes 28040-28059: success_rate=0.700 mean_reward=119.21 mean_actor_loss=0.0123 mean_kl=0.0001 stage=intermediate scheduler_success_rate=0.000
episodes 28060-28079: success_rate=0.800 mean_reward=396.52 mean_actor_loss=0.0123 mean_kl=0.0001 stage=full scheduler_success_rate=1.000
episodes 28080-28099: success_rate=0.650 mean_reward=67.80 mean_actor_loss=0.0123 mean_kl=0.0001 stage=intermediate scheduler_success_rate=1.000
episodes 28100-28119: success_rate=0.500 mean_reward=-155.50 mean_actor_loss=0.0123 mean_kl=0.0000 stage=warmup scheduler_success_rate=0.667
episodes 28120-28139: success_rate=0.650 mean_reward=120.80 mean_actor_loss=0.0124 mean_kl=0.0000 stage=intermediate scheduler_success_rate=0.000
episodes 28140-28159: success_rate=0.550 mean_reward=-66.19 mean_actor_loss=0.0123 mean_kl=0.0000 stage=warmup scheduler_success_rate=0.500
episodes 28160-28179: success_rate=0.750 mean_reward=306.26 mean_actor_loss=0.0123 mean_kl=0.0000 stage=intermediate scheduler_success_rate=0.667
episodes 28180-28199: success_rate=0.650 mean_reward=102.32 mean_actor_loss=0.0124 mean_kl=0.0001 stage=warmup scheduler_success_rate=1.000
episodes 28200-28219: success_rate=0.800 mean_reward=389.57 mean_actor_loss=0.0124 mean_kl=0.0000 stage=warmup scheduler_success_rate=1.000
episodes 28220-28239: success_rate=0.650 mean_reward=118.17 mean_actor_loss=0.0124 mean_kl=0.0000 stage=full scheduler_success_rate=0.000
episodes 28240-28259: success_rate=0.650 mean_reward=111.42 mean_actor_loss=0.0124 mean_kl=0.0000 stage=warmup scheduler_success_rate=1.000
episodes 28260-28279: success_rate=0.650 mean_reward=122.42 mean_actor_loss=0.0123 mean_kl=0.0000 stage=warmup scheduler_success_rate=0.750
episodes 28280-28299: success_rate=0.650 mean_reward=116.12 mean_actor_loss=0.0123 mean_kl=0.0000 stage=warmup scheduler_success_rate=0.000
episodes 28300-28319: success_rate=0.650 mean_reward=125.32 mean_actor_loss=0.0123 mean_kl=0.0000 stage=warmup scheduler_success_rate=0.500
episodes 28320-28339: success_rate=0.500 mean_reward=-153.87 mean_actor_loss=0.0123 mean_kl=0.0000 stage=intermediate scheduler_success_rate=0.000
episodes 28340-28359: success_rate=0.550 mean_reward=-65.56 mean_actor_loss=0.0123 mean_kl=0.0000 stage=warmup scheduler_success_rate=0.500
episodes 28360-28379: success_rate=0.550 mean_reward=-61.84 mean_actor_loss=0.0122 mean_kl=0.0000 stage=warmup scheduler_success_rate=0.500
episodes 28380-28399: success_rate=0.700 mean_reward=210.71 mean_actor_loss=0.0123 mean_kl=0.0000 stage=full scheduler_success_rate=0.000
episodes 28400-28419: success_rate=0.550 mean_reward=-61.33 mean_actor_loss=0.0124 mean_kl=0.0000 stage=full scheduler_success_rate=0.000
episodes 28420-28439: success_rate=0.700 mean_reward=213.49 mean_actor_loss=0.0123 mean_kl=0.0000 stage=full scheduler_success_rate=0.667
episodes 28440-28459: success_rate=0.850 mean_reward=442.26 mean_actor_loss=0.0124 mean_kl=0.0001 stage=intermediate scheduler_success_rate=0.000
episodes 28460-28479: success_rate=0.550 mean_reward=-12.97 mean_actor_loss=0.0123 mean_kl=0.0000 stage=warmup scheduler_success_rate=0.500
episodes 28480-28499: success_rate=0.500 mean_reward=-151.48 mean_actor_loss=0.0124 mean_kl=0.0000 stage=warmup scheduler_success_rate=0.500
episodes 28500-28519: success_rate=0.750 mean_reward=307.59 mean_actor_loss=0.0123 mean_kl=0.0000 stage=warmup scheduler_success_rate=0.667
episodes 28520-28539: success_rate=0.550 mean_reward=-61.30 mean_actor_loss=0.0123 mean_kl=0.0000 stage=warmup scheduler_success_rate=0.500
episodes 28540-28559: success_rate=0.450 mean_reward=-244.57 mean_actor_loss=0.0123 mean_kl=0.0000 stage=warmup scheduler_success_rate=0.333
episodes 28560-28579: success_rate=0.450 mean_reward=-248.88 mean_actor_loss=0.0123 mean_kl=0.0000 stage=warmup scheduler_success_rate=0.333
episodes 28580-28599: success_rate=0.600 mean_reward=27.50 mean_actor_loss=0.0123 mean_kl=0.0000 stage=warmup scheduler_success_rate=1.000
episodes 28600-28619: success_rate=0.500 mean_reward=-152.13 mean_actor_loss=0.0123 mean_kl=0.0000 stage=warmup scheduler_success_rate=0.667
episodes 28620-28639: success_rate=0.600 mean_reward=28.67 mean_actor_loss=0.0123 mean_kl=0.0000 stage=warmup scheduler_success_rate=0.667
episodes 28640-28659: success_rate=0.750 mean_reward=303.29 mean_actor_loss=0.0124 mean_kl=0.0000 stage=intermediate scheduler_success_rate=0.000
episodes 28660-28679: success_rate=0.550 mean_reward=-58.80 mean_actor_loss=0.0124 mean_kl=0.0001 stage=warmup scheduler_success_rate=0.500
episodes 28680-28699: success_rate=0.600 mean_reward=28.75 mean_actor_loss=0.0124 mean_kl=0.0000 stage=warmup scheduler_success_rate=0.667
episodes 28700-28719: success_rate=0.700 mean_reward=158.91 mean_actor_loss=0.0124 mean_kl=0.0000 stage=intermediate scheduler_success_rate=1.000
episodes 28720-28739: success_rate=0.650 mean_reward=27.32 mean_actor_loss=0.0123 mean_kl=0.0000 stage=warmup scheduler_success_rate=0.500
episodes 28740-28759: success_rate=0.400 mean_reward=-338.57 mean_actor_loss=0.0123 mean_kl=0.0000 stage=warmup scheduler_success_rate=0.500
episodes 28760-28779: success_rate=0.500 mean_reward=-152.26 mean_actor_loss=0.0123 mean_kl=0.0000 stage=warmup scheduler_success_rate=0.167
episodes 28780-28799: success_rate=0.500 mean_reward=-158.62 mean_actor_loss=0.0123 mean_kl=0.0000 stage=warmup scheduler_success_rate=0.500
episodes 28800-28819: success_rate=0.550 mean_reward=-66.93 mean_actor_loss=0.0122 mean_kl=0.0000 stage=intermediate scheduler_success_rate=0.000
episodes 28820-28839: success_rate=0.500 mean_reward=-155.24 mean_actor_loss=0.0123 mean_kl=0.0000 stage=warmup scheduler_success_rate=0.667
episodes 28840-28859: success_rate=0.600 mean_reward=68.03 mean_actor_loss=0.0124 mean_kl=0.0000 stage=intermediate scheduler_success_rate=0.000
episodes 28860-28879: success_rate=0.650 mean_reward=13.80 mean_actor_loss=0.0124 mean_kl=0.0000 stage=full scheduler_success_rate=0.667
episodes 28880-28899: success_rate=0.450 mean_reward=-250.84 mean_actor_loss=0.0123 mean_kl=0.0000 stage=intermediate scheduler_success_rate=0.000
episodes 28900-28919: success_rate=0.800 mean_reward=348.84 mean_actor_loss=0.0124 mean_kl=0.0000 stage=warmup scheduler_success_rate=1.000
episodes 28920-28939: success_rate=0.550 mean_reward=-60.99 mean_actor_loss=0.0124 mean_kl=0.0001 stage=warmup scheduler_success_rate=0.333
episodes 28940-28959: success_rate=0.750 mean_reward=312.83 mean_actor_loss=0.0124 mean_kl=0.0001 stage=full scheduler_success_rate=0.667
episodes 28960-28979: success_rate=0.700 mean_reward=167.67 mean_actor_loss=0.0124 mean_kl=0.0000 stage=full scheduler_success_rate=0.000
episodes 28980-28999: success_rate=0.800 mean_reward=397.87 mean_actor_loss=0.0123 mean_kl=0.0001 stage=warmup scheduler_success_rate=1.000
episodes 29000-29019: success_rate=0.550 mean_reward=-63.71 mean_actor_loss=0.0123 mean_kl=0.0000 stage=warmup scheduler_success_rate=0.500
episodes 29020-29039: success_rate=0.500 mean_reward=-154.84 mean_actor_loss=0.0123 mean_kl=0.0001 stage=warmup scheduler_success_rate=0.333
episodes 29040-29059: success_rate=0.600 mean_reward=27.63 mean_actor_loss=0.0123 mean_kl=0.0000 stage=warmup scheduler_success_rate=0.000
episodes 29060-29079: success_rate=0.550 mean_reward=-67.33 mean_actor_loss=0.0123 mean_kl=0.0000 stage=intermediate scheduler_success_rate=1.000
episodes 29080-29099: success_rate=0.550 mean_reward=16.44 mean_actor_loss=0.0124 mean_kl=0.0000 stage=intermediate scheduler_success_rate=0.500
episodes 29100-29119: success_rate=0.600 mean_reward=29.52 mean_actor_loss=0.0123 mean_kl=0.0000 stage=warmup scheduler_success_rate=0.667
episodes 29120-29139: success_rate=0.650 mean_reward=120.89 mean_actor_loss=0.0123 mean_kl=0.0000 stage=warmup scheduler_success_rate=0.000
episodes 29140-29159: success_rate=0.700 mean_reward=166.10 mean_actor_loss=0.0124 mean_kl=0.0001 stage=full scheduler_success_rate=0.667
episodes 29160-29179: success_rate=0.650 mean_reward=120.34 mean_actor_loss=0.0123 mean_kl=0.0000 stage=intermediate scheduler_success_rate=1.000
episodes 29180-29199: success_rate=0.750 mean_reward=351.49 mean_actor_loss=0.0124 mean_kl=0.0000 stage=full scheduler_success_rate=0.800
episodes 29200-29219: success_rate=0.650 mean_reward=18.03 mean_actor_loss=0.0124 mean_kl=0.0000 stage=intermediate scheduler_success_rate=0.667
episodes 29220-29239: success_rate=0.550 mean_reward=-79.94 mean_actor_loss=0.0124 mean_kl=0.0001 stage=warmup scheduler_success_rate=0.667
episodes 29240-29259: success_rate=0.650 mean_reward=117.85 mean_actor_loss=0.0123 mean_kl=0.0000 stage=intermediate scheduler_success_rate=0.333
episodes 29260-29279: success_rate=0.500 mean_reward=-155.98 mean_actor_loss=0.0124 mean_kl=0.0000 stage=warmup scheduler_success_rate=0.500
episodes 29280-29299: success_rate=0.600 mean_reward=28.86 mean_actor_loss=0.0123 mean_kl=0.0000 stage=intermediate scheduler_success_rate=0.333
episodes 29300-29319: success_rate=0.600 mean_reward=-106.21 mean_actor_loss=0.0124 mean_kl=0.0000 stage=warmup scheduler_success_rate=0.500
episodes 29320-29339: success_rate=0.650 mean_reward=122.30 mean_actor_loss=0.0123 mean_kl=0.0001 stage=warmup scheduler_success_rate=0.000
episodes 29340-29359: success_rate=0.750 mean_reward=302.78 mean_actor_loss=0.0124 mean_kl=0.0000 stage=warmup scheduler_success_rate=0.667
episodes 29360-29379: success_rate=0.450 mean_reward=-247.92 mean_actor_loss=0.0123 mean_kl=0.0000 stage=warmup scheduler_success_rate=0.500
episodes 29380-29399: success_rate=0.550 mean_reward=-60.64 mean_actor_loss=0.0123 mean_kl=0.0000 stage=warmup scheduler_success_rate=0.667
episodes 29400-29419: success_rate=0.700 mean_reward=209.96 mean_actor_loss=0.0123 mean_kl=0.0000 stage=warmup scheduler_success_rate=1.000
episodes 29420-29439: success_rate=0.600 mean_reward=24.89 mean_actor_loss=0.0123 mean_kl=0.0000 stage=warmup scheduler_success_rate=0.500
episodes 29440-29459: success_rate=0.500 mean_reward=-154.14 mean_actor_loss=0.0124 mean_kl=0.0000 stage=warmup scheduler_success_rate=0.500
episodes 29460-29479: success_rate=0.700 mean_reward=163.53 mean_actor_loss=0.0123 mean_kl=0.0000 stage=full scheduler_success_rate=0.000
episodes 29480-29499: success_rate=0.500 mean_reward=-157.20 mean_actor_loss=0.0124 mean_kl=0.0001 stage=warmup scheduler_success_rate=0.333
episodes 29500-29519: success_rate=0.700 mean_reward=210.07 mean_actor_loss=0.0123 mean_kl=0.0000 stage=full scheduler_success_rate=0.000
episodes 29520-29539: success_rate=0.800 mean_reward=353.22 mean_actor_loss=0.0123 mean_kl=0.0001 stage=intermediate scheduler_success_rate=0.000
episodes 29540-29559: success_rate=0.650 mean_reward=123.47 mean_actor_loss=0.0124 mean_kl=0.0000 stage=warmup scheduler_success_rate=0.333
episodes 29560-29579: success_rate=0.650 mean_reward=120.07 mean_actor_loss=0.0123 mean_kl=0.0000 stage=intermediate scheduler_success_rate=0.667
episodes 29580-29599: success_rate=0.500 mean_reward=-167.18 mean_actor_loss=0.0124 mean_kl=0.0000 stage=warmup scheduler_success_rate=0.500
episodes 29600-29619: success_rate=0.950 mean_reward=627.32 mean_actor_loss=0.0124 mean_kl=0.0000 stage=full scheduler_success_rate=1.000
episodes 29620-29639: success_rate=0.650 mean_reward=124.85 mean_actor_loss=0.0124 mean_kl=0.0000 stage=warmup scheduler_success_rate=0.667
episodes 29640-29659: success_rate=0.600 mean_reward=30.55 mean_actor_loss=0.0123 mean_kl=0.0000 stage=warmup scheduler_success_rate=0.500
episodes 29660-29679: success_rate=0.700 mean_reward=208.26 mean_actor_loss=0.0123 mean_kl=0.0000 stage=warmup scheduler_success_rate=0.500
episodes 29680-29699: success_rate=0.450 mean_reward=-247.28 mean_actor_loss=0.0123 mean_kl=0.0000 stage=warmup scheduler_success_rate=0.167
episodes 29700-29719: success_rate=0.750 mean_reward=350.14 mean_actor_loss=0.0124 mean_kl=0.0000 stage=warmup scheduler_success_rate=1.000
episodes 29720-29739: success_rate=0.550 mean_reward=-59.01 mean_actor_loss=0.0124 mean_kl=0.0000 stage=warmup scheduler_success_rate=0.500
episodes 29740-29759: success_rate=0.550 mean_reward=-59.59 mean_actor_loss=0.0124 mean_kl=0.0000 stage=intermediate scheduler_success_rate=0.500
episodes 29760-29779: success_rate=0.550 mean_reward=-64.91 mean_actor_loss=0.0123 mean_kl=0.0000 stage=warmup scheduler_success_rate=0.500
episodes 29780-29799: success_rate=0.400 mean_reward=-338.16 mean_actor_loss=0.0124 mean_kl=0.0000 stage=warmup scheduler_success_rate=0.333
episodes 29800-29819: success_rate=0.700 mean_reward=165.06 mean_actor_loss=0.0123 mean_kl=0.0000 stage=full scheduler_success_rate=0.500
episodes 29820-29839: success_rate=0.550 mean_reward=-68.32 mean_actor_loss=0.0123 mean_kl=0.0000 stage=warmup scheduler_success_rate=0.500
episodes 29840-29859: success_rate=0.550 mean_reward=-62.38 mean_actor_loss=0.0124 mean_kl=0.0000 stage=full scheduler_success_rate=0.000
episodes 29860-29879: success_rate=0.600 mean_reward=-40.41 mean_actor_loss=0.0124 mean_kl=0.0000 stage=full scheduler_success_rate=0.000
episodes 29880-29899: success_rate=0.750 mean_reward=302.53 mean_actor_loss=0.0124 mean_kl=0.0000 stage=intermediate scheduler_success_rate=1.000
episodes 29900-29919: success_rate=0.650 mean_reward=120.85 mean_actor_loss=0.0123 mean_kl=0.0000 stage=intermediate scheduler_success_rate=1.000
episodes 29920-29939: success_rate=0.400 mean_reward=-339.91 mean_actor_loss=0.0123 mean_kl=0.0000 stage=warmup scheduler_success_rate=0.333
episodes 29940-29959: success_rate=0.650 mean_reward=118.90 mean_actor_loss=0.0123 mean_kl=0.0000 stage=intermediate scheduler_success_rate=0.667
episodes 29960-29979: success_rate=0.600 mean_reward=-17.24 mean_actor_loss=0.0124 mean_kl=0.0000 stage=warmup scheduler_success_rate=0.000
episodes 29980-29999: success_rate=0.700 mean_reward=211.15 mean_actor_loss=0.0124 mean_kl=0.0000 stage=warmup scheduler_success_rate=0.667
episodes 30000-30019: success_rate=0.550 mean_reward=-63.04 mean_actor_loss=0.0123 mean_kl=0.0000 stage=warmup scheduler_success_rate=0.333
episodes 30020-30039: success_rate=0.650 mean_reward=124.59 mean_actor_loss=0.0124 mean_kl=0.0000 stage=warmup scheduler_success_rate=0.667
episodes 30040-30059: success_rate=0.750 mean_reward=305.39 mean_actor_loss=0.0123 mean_kl=0.0000 stage=full scheduler_success_rate=0.600
episodes 30060-30079: success_rate=0.650 mean_reward=116.87 mean_actor_loss=0.0124 mean_kl=0.0000 stage=warmup scheduler_success_rate=0.667
episodes 30080-30099: success_rate=0.550 mean_reward=-63.18 mean_actor_loss=0.0124 mean_kl=0.0000 stage=warmup scheduler_success_rate=0.667
episodes 30100-30119: success_rate=0.700 mean_reward=164.51 mean_actor_loss=0.0124 mean_kl=0.0001 stage=intermediate scheduler_success_rate=0.000
episodes 30120-30139: success_rate=0.600 mean_reward=26.12 mean_actor_loss=0.0123 mean_kl=0.0001 stage=warmup scheduler_success_rate=0.400
episodes 30140-30159: success_rate=0.750 mean_reward=303.00 mean_actor_loss=0.0123 mean_kl=0.0000 stage=full scheduler_success_rate=0.000
episodes 30160-30179: success_rate=0.700 mean_reward=156.10 mean_actor_loss=0.0123 mean_kl=0.0000 stage=full scheduler_success_rate=1.000
episodes 30180-30199: success_rate=0.600 mean_reward=3.65 mean_actor_loss=0.0124 mean_kl=0.0001 stage=warmup scheduler_success_rate=1.000
episodes 30200-30219: success_rate=0.450 mean_reward=-245.80 mean_actor_loss=0.0123 mean_kl=0.0000 stage=warmup scheduler_success_rate=0.500
episodes 30220-30239: success_rate=0.600 mean_reward=28.90 mean_actor_loss=0.0123 mean_kl=0.0000 stage=warmup scheduler_success_rate=0.600
episodes 30240-30259: success_rate=0.600 mean_reward=25.59 mean_actor_loss=0.0124 mean_kl=0.0000 stage=warmup scheduler_success_rate=0.500
episodes 30260-30279: success_rate=0.750 mean_reward=300.87 mean_actor_loss=0.0124 mean_kl=0.0001 stage=intermediate scheduler_success_rate=1.000
episodes 30280-30299: success_rate=0.600 mean_reward=22.18 mean_actor_loss=0.0124 mean_kl=0.0000 stage=warmup scheduler_success_rate=0.400
episodes 30300-30319: success_rate=0.700 mean_reward=213.74 mean_actor_loss=0.0123 mean_kl=0.0000 stage=full scheduler_success_rate=1.000
episodes 30320-30339: success_rate=0.800 mean_reward=351.00 mean_actor_loss=0.0124 mean_kl=0.0000 stage=full scheduler_success_rate=1.000
episodes 30340-30359: success_rate=0.700 mean_reward=210.64 mean_actor_loss=0.0124 mean_kl=0.0000 stage=intermediate scheduler_success_rate=0.500
episodes 30360-30379: success_rate=0.600 mean_reward=32.70 mean_actor_loss=0.0123 mean_kl=0.0000 stage=warmup scheduler_success_rate=0.500
episodes 30380-30399: success_rate=0.400 mean_reward=-342.01 mean_actor_loss=0.0123 mean_kl=0.0000 stage=warmup scheduler_success_rate=0.333
episodes 30400-30419: success_rate=0.500 mean_reward=-156.29 mean_actor_loss=0.0124 mean_kl=0.0001 stage=warmup scheduler_success_rate=0.333
episodes 30420-30439: success_rate=0.550 mean_reward=-58.44 mean_actor_loss=0.0123 mean_kl=0.0000 stage=intermediate scheduler_success_rate=0.000
episodes 30440-30459: success_rate=0.550 mean_reward=-11.05 mean_actor_loss=0.0124 mean_kl=0.0001 stage=warmup scheduler_success_rate=0.667
episodes 30460-30479: success_rate=0.750 mean_reward=308.53 mean_actor_loss=0.0123 mean_kl=0.0000 stage=full scheduler_success_rate=0.000
episodes 30480-30499: success_rate=0.500 mean_reward=-196.91 mean_actor_loss=0.0124 mean_kl=0.0000 stage=warmup scheduler_success_rate=0.500
episodes 30500-30519: success_rate=0.650 mean_reward=121.55 mean_actor_loss=0.0123 mean_kl=0.0000 stage=warmup scheduler_success_rate=0.000
episodes 30520-30539: success_rate=0.600 mean_reward=30.98 mean_actor_loss=0.0123 mean_kl=0.0000 stage=intermediate scheduler_success_rate=1.000
episodes 30540-30559: success_rate=0.700 mean_reward=120.23 mean_actor_loss=0.0124 mean_kl=0.0000 stage=warmup scheduler_success_rate=1.000
episodes 30560-30579: success_rate=0.750 mean_reward=300.08 mean_actor_loss=0.0124 mean_kl=0.0001 stage=full scheduler_success_rate=1.000
episodes 30580-30599: success_rate=0.550 mean_reward=-11.12 mean_actor_loss=0.0124 mean_kl=0.0000 stage=warmup scheduler_success_rate=0.500
episodes 30600-30619: success_rate=0.550 mean_reward=30.87 mean_actor_loss=0.0123 mean_kl=0.0000 stage=warmup scheduler_success_rate=1.000
episodes 30620-30639: success_rate=0.450 mean_reward=-245.42 mean_actor_loss=0.0123 mean_kl=0.0000 stage=warmup scheduler_success_rate=0.167
episodes 30640-30659: success_rate=0.650 mean_reward=123.15 mean_actor_loss=0.0123 mean_kl=0.0000 stage=intermediate scheduler_success_rate=0.500
episodes 30660-30679: success_rate=0.550 mean_reward=-62.38 mean_actor_loss=0.0123 mean_kl=0.0000 stage=warmup scheduler_success_rate=0.667
episodes 30680-30699: success_rate=0.700 mean_reward=210.81 mean_actor_loss=0.0123 mean_kl=0.0000 stage=intermediate scheduler_success_rate=0.750
episodes 30700-30719: success_rate=0.550 mean_reward=-64.41 mean_actor_loss=0.0124 mean_kl=0.0001 stage=warmup scheduler_success_rate=0.333
episodes 30720-30739: success_rate=0.700 mean_reward=164.39 mean_actor_loss=0.0123 mean_kl=0.0000 stage=intermediate scheduler_success_rate=0.750
episodes 30740-30759: success_rate=0.500 mean_reward=-151.34 mean_actor_loss=0.0124 mean_kl=0.0000 stage=warmup scheduler_success_rate=0.667
episodes 30760-30779: success_rate=0.550 mean_reward=-62.36 mean_actor_loss=0.0124 mean_kl=0.0000 stage=warmup scheduler_success_rate=0.333
episodes 30780-30799: success_rate=0.550 mean_reward=-61.43 mean_actor_loss=0.0124 mean_kl=0.0000 stage=warmup scheduler_success_rate=0.667
episodes 30800-30819: success_rate=0.400 mean_reward=-335.92 mean_actor_loss=0.0123 mean_kl=0.0000 stage=warmup scheduler_success_rate=0.333
episodes 30820-30839: success_rate=0.650 mean_reward=120.96 mean_actor_loss=0.0123 mean_kl=0.0000 stage=warmup scheduler_success_rate=0.667
episodes 30840-30859: success_rate=0.700 mean_reward=212.89 mean_actor_loss=0.0124 mean_kl=0.0000 stage=intermediate scheduler_success_rate=1.000
episodes 30860-30879: success_rate=0.450 mean_reward=-247.98 mean_actor_loss=0.0124 mean_kl=0.0000 stage=warmup scheduler_success_rate=0.167
episodes 30880-30899: success_rate=0.650 mean_reward=121.61 mean_actor_loss=0.0124 mean_kl=0.0000 stage=full scheduler_success_rate=0.667
episodes 30900-30919: success_rate=0.650 mean_reward=111.03 mean_actor_loss=0.0124 mean_kl=0.0000 stage=full scheduler_success_rate=0.333
episodes 30920-30939: success_rate=0.550 mean_reward=-254.80 mean_actor_loss=0.0124 mean_kl=0.0001 stage=intermediate scheduler_success_rate=1.000
episodes 30940-30959: success_rate=0.550 mean_reward=-12.15 mean_actor_loss=0.0123 mean_kl=0.0000 stage=warmup scheduler_success_rate=0.667
episodes 30960-30979: success_rate=0.800 mean_reward=347.56 mean_actor_loss=0.0124 mean_kl=0.0000 stage=full scheduler_success_rate=0.000
episodes 30980-30999: success_rate=0.700 mean_reward=215.53 mean_actor_loss=0.0124 mean_kl=0.0000 stage=warmup scheduler_success_rate=1.000
episodes 31000-31019: success_rate=0.700 mean_reward=215.53 mean_actor_loss=0.0123 mean_kl=0.0000 stage=intermediate scheduler_success_rate=0.500
episodes 31020-31039: success_rate=0.700 mean_reward=214.60 mean_actor_loss=0.0123 mean_kl=0.0000 stage=full scheduler_success_rate=0.000
episodes 31040-31059: success_rate=0.650 mean_reward=117.78 mean_actor_loss=0.0124 mean_kl=0.0001 stage=warmup scheduler_success_rate=0.333
episodes 31060-31079: success_rate=0.350 mean_reward=-426.27 mean_actor_loss=0.0124 mean_kl=0.0000 stage=warmup scheduler_success_rate=0.333
episodes 31080-31099: success_rate=0.550 mean_reward=-60.13 mean_actor_loss=0.0123 mean_kl=0.0000 stage=warmup scheduler_success_rate=0.500
episodes 31100-31119: success_rate=0.550 mean_reward=-64.02 mean_actor_loss=0.0123 mean_kl=0.0000 stage=warmup scheduler_success_rate=0.333
episodes 31120-31139: success_rate=0.600 mean_reward=24.03 mean_actor_loss=0.0124 mean_kl=0.0000 stage=warmup scheduler_success_rate=0.500
episodes 31140-31159: success_rate=0.500 mean_reward=-154.71 mean_actor_loss=0.0123 mean_kl=0.0000 stage=warmup scheduler_success_rate=0.500
episodes 31160-31179: success_rate=0.500 mean_reward=-154.67 mean_actor_loss=0.0124 mean_kl=0.0000 stage=warmup scheduler_success_rate=0.200
episodes 31180-31199: success_rate=0.600 mean_reward=34.93 mean_actor_loss=0.0124 mean_kl=0.0001 stage=intermediate scheduler_success_rate=1.000
episodes 31200-31219: success_rate=0.650 mean_reward=118.73 mean_actor_loss=0.0123 mean_kl=0.0000 stage=warmup scheduler_success_rate=0.000
episodes 31220-31239: success_rate=0.700 mean_reward=213.12 mean_actor_loss=0.0124 mean_kl=0.0000 stage=intermediate scheduler_success_rate=0.667
episodes 31240-31259: success_rate=0.700 mean_reward=213.42 mean_actor_loss=0.0123 mean_kl=0.0000 stage=intermediate scheduler_success_rate=1.000
episodes 31260-31279: success_rate=0.550 mean_reward=-64.61 mean_actor_loss=0.0124 mean_kl=0.0000 stage=warmup scheduler_success_rate=0.667
episodes 31280-31299: success_rate=0.400 mean_reward=-335.86 mean_actor_loss=0.0123 mean_kl=0.0000 stage=warmup scheduler_success_rate=0.500
episodes 31300-31319: success_rate=0.550 mean_reward=-66.83 mean_actor_loss=0.0123 mean_kl=0.0000 stage=warmup scheduler_success_rate=0.333
episodes 31320-31339: success_rate=0.600 mean_reward=29.37 mean_actor_loss=0.0123 mean_kl=0.0000 stage=intermediate scheduler_success_rate=0.000
episodes 31340-31359: success_rate=0.750 mean_reward=307.42 mean_actor_loss=0.0124 mean_kl=0.0000 stage=warmup scheduler_success_rate=0.667
episodes 31360-31379: success_rate=0.500 mean_reward=-153.99 mean_actor_loss=0.0123 mean_kl=0.0000 stage=intermediate scheduler_success_rate=0.500
episodes 31380-31399: success_rate=0.500 mean_reward=-157.85 mean_actor_loss=0.0123 mean_kl=0.0000 stage=warmup scheduler_success_rate=0.500
episodes 31400-31419: success_rate=0.700 mean_reward=167.18 mean_actor_loss=0.0124 mean_kl=0.0000 stage=intermediate scheduler_success_rate=1.000
episodes 31420-31439: success_rate=0.500 mean_reward=-157.14 mean_actor_loss=0.0123 mean_kl=0.0000 stage=warmup scheduler_success_rate=0.667
episodes 31440-31459: success_rate=0.450 mean_reward=-249.01 mean_actor_loss=0.0123 mean_kl=0.0000 stage=warmup scheduler_success_rate=0.333
episodes 31460-31479: success_rate=0.500 mean_reward=-154.55 mean_actor_loss=0.0123 mean_kl=0.0000 stage=warmup scheduler_success_rate=0.500
episodes 31480-31499: success_rate=0.350 mean_reward=-429.95 mean_actor_loss=0.0124 mean_kl=0.0000 stage=warmup scheduler_success_rate=0.167
episodes 31500-31519: success_rate=0.650 mean_reward=121.22 mean_actor_loss=0.0123 mean_kl=0.0000 stage=full scheduler_success_rate=1.000
episodes 31520-31539: success_rate=0.500 mean_reward=-163.77 mean_actor_loss=0.0124 mean_kl=0.0000 stage=warmup scheduler_success_rate=0.000
episodes 31540-31559: success_rate=0.650 mean_reward=118.31 mean_actor_loss=0.0123 mean_kl=0.0000 stage=warmup scheduler_success_rate=0.500
episodes 31560-31579: success_rate=0.400 mean_reward=-337.67 mean_actor_loss=0.0123 mean_kl=0.0000 stage=warmup scheduler_success_rate=0.333
episodes 31580-31599: success_rate=0.700 mean_reward=209.60 mean_actor_loss=0.0123 mean_kl=0.0000 stage=intermediate scheduler_success_rate=0.500
episodes 31600-31619: success_rate=0.550 mean_reward=-61.42 mean_actor_loss=0.0123 mean_kl=0.0000 stage=warmup scheduler_success_rate=0.333
episodes 31620-31639: success_rate=0.600 mean_reward=32.03 mean_actor_loss=0.0123 mean_kl=0.0001 stage=intermediate scheduler_success_rate=0.000
episodes 31640-31659: success_rate=0.550 mean_reward=-65.77 mean_actor_loss=0.0124 mean_kl=0.0000 stage=intermediate scheduler_success_rate=1.000
episodes 31660-31679: success_rate=0.600 mean_reward=27.53 mean_actor_loss=0.0124 mean_kl=0.0000 stage=warmup scheduler_success_rate=0.333
episodes 31680-31699: success_rate=0.450 mean_reward=-243.72 mean_actor_loss=0.0123 mean_kl=0.0000 stage=warmup scheduler_success_rate=0.167
episodes 31700-31719: success_rate=0.500 mean_reward=-152.34 mean_actor_loss=0.0124 mean_kl=0.0001 stage=warmup scheduler_success_rate=0.667
episodes 31720-31739: success_rate=0.500 mean_reward=-153.01 mean_actor_loss=0.0124 mean_kl=0.0000 stage=warmup scheduler_success_rate=0.333
episodes 31740-31759: success_rate=0.500 mean_reward=-157.65 mean_actor_loss=0.0124 mean_kl=0.0000 stage=warmup scheduler_success_rate=0.500
episodes 31760-31779: success_rate=0.550 mean_reward=-61.84 mean_actor_loss=0.0124 mean_kl=0.0000 stage=warmup scheduler_success_rate=0.500
episodes 31780-31799: success_rate=0.800 mean_reward=448.97 mean_actor_loss=0.0123 mean_kl=0.0000 stage=intermediate scheduler_success_rate=0.000
episodes 31800-31819: success_rate=0.500 mean_reward=-156.65 mean_actor_loss=0.0123 mean_kl=0.0000 stage=intermediate scheduler_success_rate=0.667
episodes 31820-31839: success_rate=0.650 mean_reward=118.77 mean_actor_loss=0.0123 mean_kl=0.0000 stage=warmup scheduler_success_rate=0.000
episodes 31840-31859: success_rate=0.650 mean_reward=118.60 mean_actor_loss=0.0123 mean_kl=0.0000 stage=intermediate scheduler_success_rate=0.667
episodes 31860-31879: success_rate=0.650 mean_reward=115.78 mean_actor_loss=0.0124 mean_kl=0.0001 stage=warmup scheduler_success_rate=0.500
episodes 31880-31899: success_rate=0.550 mean_reward=-63.16 mean_actor_loss=0.0124 mean_kl=0.0000 stage=warmup scheduler_success_rate=0.500
episodes 31900-31919: success_rate=0.650 mean_reward=123.91 mean_actor_loss=0.0124 mean_kl=0.0000 stage=warmup scheduler_success_rate=0.000
episodes 31920-31939: success_rate=0.650 mean_reward=120.33 mean_actor_loss=0.0123 mean_kl=0.0000 stage=intermediate scheduler_success_rate=0.750
episodes 31940-31959: success_rate=0.650 mean_reward=171.83 mean_actor_loss=0.0124 mean_kl=0.0000 stage=warmup scheduler_success_rate=0.600
episodes 31960-31979: success_rate=0.650 mean_reward=117.17 mean_actor_loss=0.0124 mean_kl=0.0000 stage=warmup scheduler_success_rate=0.667
episodes 31980-31999: success_rate=0.750 mean_reward=309.03 mean_actor_loss=0.0124 mean_kl=0.0000 stage=warmup scheduler_success_rate=1.000
episodes 32000-32019: success_rate=0.650 mean_reward=71.91 mean_actor_loss=0.0124 mean_kl=0.0000 stage=warmup scheduler_success_rate=0.750
episodes 32020-32039: success_rate=0.550 mean_reward=-62.34 mean_actor_loss=0.0124 mean_kl=0.0000 stage=warmup scheduler_success_rate=0.400
episodes 32040-32059: success_rate=0.700 mean_reward=208.92 mean_actor_loss=0.0124 mean_kl=0.0001 stage=intermediate scheduler_success_rate=0.667
episodes 32060-32079: success_rate=0.700 mean_reward=217.04 mean_actor_loss=0.0124 mean_kl=0.0000 stage=warmup scheduler_success_rate=0.333
episodes 32080-32099: success_rate=0.600 mean_reward=29.63 mean_actor_loss=0.0123 mean_kl=0.0000 stage=warmup scheduler_success_rate=0.667
episodes 32100-32119: success_rate=0.600 mean_reward=-16.98 mean_actor_loss=0.0123 mean_kl=0.0000 stage=intermediate scheduler_success_rate=0.000
episodes 32120-32139: success_rate=0.600 mean_reward=28.74 mean_actor_loss=0.0124 mean_kl=0.0000 stage=intermediate scheduler_success_rate=0.500
episodes 32140-32159: success_rate=0.650 mean_reward=119.37 mean_actor_loss=0.0124 mean_kl=0.0000 stage=intermediate scheduler_success_rate=0.667
episodes 32160-32179: success_rate=0.450 mean_reward=-248.31 mean_actor_loss=0.0123 mean_kl=0.0000 stage=warmup scheduler_success_rate=0.667
episodes 32180-32199: success_rate=0.600 mean_reward=30.43 mean_actor_loss=0.0123 mean_kl=0.0000 stage=warmup scheduler_success_rate=0.500
episodes 32200-32219: success_rate=0.400 mean_reward=-338.42 mean_actor_loss=0.0123 mean_kl=0.0000 stage=intermediate scheduler_success_rate=1.000
episodes 32220-32239: success_rate=0.600 mean_reward=30.13 mean_actor_loss=0.0124 mean_kl=0.0000 stage=warmup scheduler_success_rate=0.667
episodes 32240-32259: success_rate=0.600 mean_reward=31.40 mean_actor_loss=0.0123 mean_kl=0.0000 stage=warmup scheduler_success_rate=0.667
episodes 32260-32279: success_rate=0.450 mean_reward=-247.24 mean_actor_loss=0.0124 mean_kl=0.0000 stage=warmup scheduler_success_rate=0.333
episodes 32280-32299: success_rate=0.550 mean_reward=39.00 mean_actor_loss=0.0124 mean_kl=0.0000 stage=intermediate scheduler_success_rate=0.000
episodes 32300-32319: success_rate=0.500 mean_reward=-156.16 mean_actor_loss=0.0123 mean_kl=0.0000 stage=warmup scheduler_success_rate=0.333
episodes 32320-32339: success_rate=0.500 mean_reward=-156.22 mean_actor_loss=0.0123 mean_kl=0.0000 stage=full scheduler_success_rate=0.500
episodes 32340-32359: success_rate=0.650 mean_reward=116.84 mean_actor_loss=0.0124 mean_kl=0.0000 stage=warmup scheduler_success_rate=0.000
episodes 32360-32379: success_rate=0.550 mean_reward=-61.86 mean_actor_loss=0.0124 mean_kl=0.0000 stage=warmup scheduler_success_rate=1.000
episodes 32380-32399: success_rate=0.800 mean_reward=402.58 mean_actor_loss=0.0123 mean_kl=0.0000 stage=full scheduler_success_rate=0.667
episodes 32400-32419: success_rate=0.500 mean_reward=-162.97 mean_actor_loss=0.0123 mean_kl=0.0000 stage=intermediate scheduler_success_rate=0.000
episodes 32420-32439: success_rate=0.550 mean_reward=-63.46 mean_actor_loss=0.0124 mean_kl=0.0000 stage=warmup scheduler_success_rate=0.667
episodes 32440-32459: success_rate=0.550 mean_reward=-65.18 mean_actor_loss=0.0123 mean_kl=0.0000 stage=intermediate scheduler_success_rate=0.000
episodes 32460-32479: success_rate=0.500 mean_reward=-155.53 mean_actor_loss=0.0124 mean_kl=0.0000 stage=warmup scheduler_success_rate=0.500
episodes 32480-32499: success_rate=0.650 mean_reward=120.99 mean_actor_loss=0.0124 mean_kl=0.0000 stage=warmup scheduler_success_rate=0.000
episodes 32500-32519: success_rate=0.600 mean_reward=32.47 mean_actor_loss=0.0123 mean_kl=0.0000 stage=full scheduler_success_rate=0.000
episodes 32520-32539: success_rate=0.550 mean_reward=-15.62 mean_actor_loss=0.0124 mean_kl=0.0000 stage=warmup scheduler_success_rate=0.000
episodes 32540-32559: success_rate=0.650 mean_reward=123.73 mean_actor_loss=0.0124 mean_kl=0.0000 stage=warmup scheduler_success_rate=0.500
episodes 32560-32579: success_rate=0.250 mean_reward=-610.66 mean_actor_loss=0.0123 mean_kl=0.0000 stage=warmup scheduler_success_rate=0.333
episodes 32580-32599: success_rate=0.500 mean_reward=-156.51 mean_actor_loss=0.0123 mean_kl=0.0000 stage=intermediate scheduler_success_rate=0.000
episodes 32600-32619: success_rate=0.600 mean_reward=27.94 mean_actor_loss=0.0124 mean_kl=0.0000 stage=warmup scheduler_success_rate=0.000
episodes 32620-32639: success_rate=0.400 mean_reward=-486.44 mean_actor_loss=0.0121 mean_kl=0.0001 stage=warmup scheduler_success_rate=0.000
episodes 32640-32659: success_rate=0.000 mean_reward=-845.88 mean_actor_loss=0.0106 mean_kl=0.0002 stage=warmup scheduler_success_rate=0.000
episodes 32660-32679: success_rate=0.000 mean_reward=-756.07 mean_actor_loss=0.0106 mean_kl=0.0002 stage=warmup scheduler_success_rate=0.000
episodes 32680-32699: success_rate=0.000 mean_reward=-1611.59 mean_actor_loss=0.0125 mean_kl=0.0000 stage=warmup scheduler_success_rate=0.000
episodes 32700-32719: success_rate=0.000 mean_reward=-1212.37 mean_actor_loss=0.0125 mean_kl=0.0000 stage=warmup scheduler_success_rate=0.000
episodes 32720-32739: success_rate=0.000 mean_reward=-1465.43 mean_actor_loss=0.0125 mean_kl=0.0000 stage=warmup scheduler_success_rate=0.000
episodes 32740-32759: success_rate=0.000 mean_reward=-1155.26 mean_actor_loss=0.0126 mean_kl=0.0000 stage=warmup scheduler_success_rate=0.000
episodes 32760-32779: success_rate=0.000 mean_reward=-1481.43 mean_actor_loss=0.0125 mean_kl=0.0000 stage=warmup scheduler_success_rate=0.000
episodes 32780-32799: success_rate=0.000 mean_reward=-1314.95 mean_actor_loss=0.0125 mean_kl=0.0000 stage=warmup scheduler_success_rate=0.000
episodes 32800-32819: success_rate=0.000 mean_reward=-1320.09 mean_actor_loss=0.0125 mean_kl=0.0000 stage=warmup scheduler_success_rate=0.000
episodes 32820-32839: success_rate=0.000 mean_reward=-1660.70 mean_actor_loss=0.0126 mean_kl=0.0000 stage=warmup scheduler_success_rate=0.000
episodes 32840-32859: success_rate=0.000 mean_reward=-1549.46 mean_actor_loss=0.0125 mean_kl=0.0000 stage=warmup scheduler_success_rate=0.000
episodes 32860-32879: success_rate=0.000 mean_reward=-158.32 mean_actor_loss=0.0108 mean_kl=0.0002 stage=warmup scheduler_success_rate=0.000
Traceback (most recent call last):
  File "/home/seohy/colcon_ws/src/Adaptive_Cost_MPC/acmpc/main_acmpc_box_catch_curriculum.py", line 350, in <module>
    f"  {stage.stage}: {stage.successes}/{stage.episodes} "
  File "/home/seohy/colcon_ws/src/Adaptive_Cost_MPC/acmpc/main_acmpc_box_catch_curriculum.py", line 324, in main
    parser.add_argument("--progress-every", type=int, default=20)
  File "/home/seohy/colcon_ws/src/Adaptive_Cost_MPC/acmpc/main_acmpc_box_catch_curriculum.py", line 196, in run_curriculum_box_catch
    squeeze=squeeze,
  File "/home/seohy/colcon_ws/src/Adaptive_Cost_MPC/acmpc/main_acmpc_box_catch.py", line 403, in run_box_catch
    rng = np.random.default_rng(cfg.random_seed)
ValueError: Error: geom 'left_squeeze_pad' not found in collision 0
Element name 'dynamic_left_pad_box', id 0, line 21
