degraded phase priors: ((30.0, 250.0, 0.030303030303030304, 4.0, 0.4), (30.0, 250.0, 0.9090909090909092, 3.0, 0.5), (16.0, 40.0, 33.333333333333336, 1.5, 1.0), (18.0, 20.0, 39.3939393939394, 2.0, 1.5), (32.0, 18.0, 4.242424242424242, 3.0, 1.5))
episodes 0-19: success_rate=0.300 mean_reward=-245.94 mean_actor_loss=0.0124 mean_kl=0.0000 stage=warmup scheduler_success_rate=0.000
episodes 20-39: success_rate=0.250 mean_reward=-450.78 mean_actor_loss=0.0125 mean_kl=0.0000 stage=warmup scheduler_success_rate=0.000
episodes 40-59: success_rate=0.450 mean_reward=-380.52 mean_actor_loss=0.0124 mean_kl=0.0000 stage=warmup scheduler_success_rate=0.167
episodes 60-79: success_rate=0.300 mean_reward=-420.14 mean_actor_loss=0.0125 mean_kl=0.0000 stage=warmup scheduler_success_rate=0.500
episodes 80-99: success_rate=0.600 mean_reward=-201.20 mean_actor_loss=0.0125 mean_kl=0.0000 stage=warmup scheduler_success_rate=0.333
episodes 100-119: success_rate=0.300 mean_reward=-720.46 mean_actor_loss=0.0125 mean_kl=0.0000 stage=warmup scheduler_success_rate=0.000
episodes 120-139: success_rate=0.250 mean_reward=-576.89 mean_actor_loss=0.0125 mean_kl=0.0000 stage=warmup scheduler_success_rate=0.500
episodes 140-159: success_rate=0.400 mean_reward=-377.71 mean_actor_loss=0.0125 mean_kl=0.0001 stage=warmup scheduler_success_rate=0.000
episodes 160-179: success_rate=0.450 mean_reward=-304.09 mean_actor_loss=0.0125 mean_kl=0.0000 stage=warmup scheduler_success_rate=0.167
episodes 180-199: success_rate=0.500 mean_reward=-512.48 mean_actor_loss=0.0125 mean_kl=0.0000 stage=warmup scheduler_success_rate=0.167
episodes 200-219: success_rate=0.400 mean_reward=-278.85 mean_actor_loss=0.0124 mean_kl=0.0000 stage=warmup scheduler_success_rate=0.000
episodes 220-239: success_rate=0.450 mean_reward=49.54 mean_actor_loss=0.0124 mean_kl=0.0000 stage=warmup scheduler_success_rate=0.333
episodes 240-259: success_rate=0.500 mean_reward=-472.86 mean_actor_loss=0.0124 mean_kl=0.0000 stage=warmup scheduler_success_rate=0.000
episodes 260-279: success_rate=0.450 mean_reward=-453.06 mean_actor_loss=0.0124 mean_kl=0.0000 stage=warmup scheduler_success_rate=0.000
episodes 280-299: success_rate=0.300 mean_reward=-890.73 mean_actor_loss=0.0125 mean_kl=0.0000 stage=warmup scheduler_success_rate=0.000
episodes 300-319: success_rate=0.300 mean_reward=-114.22 mean_actor_loss=0.0125 mean_kl=0.0000 stage=warmup scheduler_success_rate=0.000
episodes 320-339: success_rate=0.450 mean_reward=-373.24 mean_actor_loss=0.0124 mean_kl=0.0000 stage=warmup scheduler_success_rate=0.333
episodes 340-359: success_rate=0.300 mean_reward=-528.58 mean_actor_loss=0.0125 mean_kl=0.0000 stage=warmup scheduler_success_rate=0.167
episodes 360-379: success_rate=0.200 mean_reward=-672.40 mean_actor_loss=0.0125 mean_kl=0.0000 stage=warmup scheduler_success_rate=0.167
episodes 380-399: success_rate=0.200 mean_reward=-837.55 mean_actor_loss=0.0125 mean_kl=0.0000 stage=warmup scheduler_success_rate=0.000
episodes 400-419: success_rate=0.400 mean_reward=-303.52 mean_actor_loss=0.0124 mean_kl=0.0000 stage=warmup scheduler_success_rate=0.333
episodes 420-439: success_rate=0.400 mean_reward=-499.35 mean_actor_loss=0.0125 mean_kl=0.0000 stage=warmup scheduler_success_rate=0.333
episodes 440-459: success_rate=0.300 mean_reward=-519.15 mean_actor_loss=0.0125 mean_kl=0.0000 stage=warmup scheduler_success_rate=0.167
episodes 460-479: success_rate=0.400 mean_reward=-185.92 mean_actor_loss=0.0124 mean_kl=0.0000 stage=warmup scheduler_success_rate=0.333
episodes 480-499: success_rate=0.150 mean_reward=-537.14 mean_actor_loss=0.0125 mean_kl=0.0000 stage=warmup scheduler_success_rate=0.000
episodes 500-519: success_rate=0.250 mean_reward=-439.83 mean_actor_loss=0.0125 mean_kl=0.0000 stage=warmup scheduler_success_rate=0.167
episodes 520-539: success_rate=0.500 mean_reward=-816.96 mean_actor_loss=0.0125 mean_kl=0.0000 stage=warmup scheduler_success_rate=0.167
episodes 540-559: success_rate=0.400 mean_reward=-616.75 mean_actor_loss=0.0125 mean_kl=0.0000 stage=warmup scheduler_success_rate=0.167
episodes 560-579: success_rate=0.300 mean_reward=-573.09 mean_actor_loss=0.0124 mean_kl=0.0000 stage=warmup scheduler_success_rate=0.000
episodes 580-599: success_rate=0.350 mean_reward=-411.32 mean_actor_loss=0.0125 mean_kl=0.0000 stage=warmup scheduler_success_rate=0.333
episodes 600-619: success_rate=0.500 mean_reward=-302.42 mean_actor_loss=0.0124 mean_kl=0.0000 stage=warmup scheduler_success_rate=0.167
episodes 620-639: success_rate=0.650 mean_reward=-545.40 mean_actor_loss=0.0124 mean_kl=0.0000 stage=warmup scheduler_success_rate=0.500
episodes 640-659: success_rate=0.300 mean_reward=-951.82 mean_actor_loss=0.0125 mean_kl=0.0000 stage=warmup scheduler_success_rate=0.000
episodes 660-679: success_rate=0.400 mean_reward=-741.84 mean_actor_loss=0.0124 mean_kl=0.0000 stage=warmup scheduler_success_rate=0.333
episodes 680-699: success_rate=0.300 mean_reward=-908.39 mean_actor_loss=0.0124 mean_kl=0.0000 stage=warmup scheduler_success_rate=0.167
episodes 700-719: success_rate=0.250 mean_reward=-871.72 mean_actor_loss=0.0125 mean_kl=0.0000 stage=warmup scheduler_success_rate=0.167
episodes 720-739: success_rate=0.250 mean_reward=-53.01 mean_actor_loss=0.0125 mean_kl=0.0001 stage=warmup scheduler_success_rate=0.333
episodes 740-759: success_rate=0.450 mean_reward=-563.27 mean_actor_loss=0.0124 mean_kl=0.0000 stage=warmup scheduler_success_rate=0.333
episodes 760-779: success_rate=0.500 mean_reward=-128.71 mean_actor_loss=0.0124 mean_kl=0.0000 stage=warmup scheduler_success_rate=0.333
episodes 780-799: success_rate=0.550 mean_reward=-101.24 mean_actor_loss=0.0124 mean_kl=0.0000 stage=warmup scheduler_success_rate=0.200
episodes 800-819: success_rate=0.250 mean_reward=-829.50 mean_actor_loss=0.0125 mean_kl=0.0000 stage=warmup scheduler_success_rate=0.000
episodes 820-839: success_rate=0.450 mean_reward=-539.39 mean_actor_loss=0.0125 mean_kl=0.0000 stage=warmup scheduler_success_rate=0.333
episodes 840-859: success_rate=0.200 mean_reward=-640.80 mean_actor_loss=0.0125 mean_kl=0.0001 stage=warmup scheduler_success_rate=0.000
episodes 860-879: success_rate=0.350 mean_reward=-240.88 mean_actor_loss=0.0125 mean_kl=0.0000 stage=warmup scheduler_success_rate=0.167
episodes 880-899: success_rate=0.500 mean_reward=-391.02 mean_actor_loss=0.0125 mean_kl=0.0000 stage=warmup scheduler_success_rate=0.333
episodes 900-919: success_rate=0.350 mean_reward=-406.88 mean_actor_loss=0.0124 mean_kl=0.0000 stage=warmup scheduler_success_rate=0.167
episodes 920-939: success_rate=0.250 mean_reward=-639.78 mean_actor_loss=0.0125 mean_kl=0.0000 stage=warmup scheduler_success_rate=0.167
episodes 940-959: success_rate=0.350 mean_reward=-79.50 mean_actor_loss=0.0124 mean_kl=0.0001 stage=warmup scheduler_success_rate=0.333
episodes 960-979: success_rate=0.350 mean_reward=-608.03 mean_actor_loss=0.0125 mean_kl=0.0001 stage=warmup scheduler_success_rate=0.167
episodes 980-999: success_rate=0.200 mean_reward=-371.30 mean_actor_loss=0.0125 mean_kl=0.0000 stage=warmup scheduler_success_rate=0.000
episodes 1000-1019: success_rate=0.650 mean_reward=-302.23 mean_actor_loss=0.0124 mean_kl=0.0001 stage=warmup scheduler_success_rate=0.500
episodes 1020-1039: success_rate=0.400 mean_reward=-236.82 mean_actor_loss=0.0124 mean_kl=0.0000 stage=warmup scheduler_success_rate=0.167
episodes 1040-1059: success_rate=0.350 mean_reward=-481.13 mean_actor_loss=0.0125 mean_kl=0.0000 stage=warmup scheduler_success_rate=0.000
episodes 1060-1079: success_rate=0.450 mean_reward=-423.48 mean_actor_loss=0.0124 mean_kl=0.0000 stage=warmup scheduler_success_rate=0.500
episodes 1080-1099: success_rate=0.450 mean_reward=-208.49 mean_actor_loss=0.0124 mean_kl=0.0000 stage=warmup scheduler_success_rate=0.167
episodes 1100-1119: success_rate=0.400 mean_reward=-387.73 mean_actor_loss=0.0125 mean_kl=0.0000 stage=warmup scheduler_success_rate=0.333
episodes 1120-1139: success_rate=0.450 mean_reward=-517.47 mean_actor_loss=0.0124 mean_kl=0.0000 stage=warmup scheduler_success_rate=0.167
episodes 1140-1159: success_rate=0.100 mean_reward=-563.79 mean_actor_loss=0.0125 mean_kl=0.0000 stage=warmup scheduler_success_rate=0.167
episodes 1160-1179: success_rate=0.050 mean_reward=-832.71 mean_actor_loss=0.0125 mean_kl=0.0000 stage=warmup scheduler_success_rate=0.000
episodes 1180-1199: success_rate=0.550 mean_reward=-456.75 mean_actor_loss=0.0125 mean_kl=0.0000 stage=warmup scheduler_success_rate=0.167
episodes 1200-1219: success_rate=0.400 mean_reward=-146.47 mean_actor_loss=0.0125 mean_kl=0.0000 stage=warmup scheduler_success_rate=0.333
episodes 1220-1239: success_rate=0.350 mean_reward=-464.37 mean_actor_loss=0.0125 mean_kl=0.0000 stage=warmup scheduler_success_rate=0.167
episodes 1240-1259: success_rate=0.500 mean_reward=-686.48 mean_actor_loss=0.0125 mean_kl=0.0001 stage=warmup scheduler_success_rate=0.500
episodes 1260-1279: success_rate=0.400 mean_reward=-365.73 mean_actor_loss=0.0125 mean_kl=0.0000 stage=warmup scheduler_success_rate=0.333
episodes 1280-1299: success_rate=0.400 mean_reward=-592.17 mean_actor_loss=0.0124 mean_kl=0.0000 stage=warmup scheduler_success_rate=0.000
episodes 1300-1319: success_rate=0.350 mean_reward=-838.09 mean_actor_loss=0.0125 mean_kl=0.0000 stage=warmup scheduler_success_rate=0.000
episodes 1320-1339: success_rate=0.750 mean_reward=-355.42 mean_actor_loss=0.0125 mean_kl=0.0000 stage=warmup scheduler_success_rate=0.333
episodes 1340-1359: success_rate=0.450 mean_reward=-404.98 mean_actor_loss=0.0125 mean_kl=0.0000 stage=warmup scheduler_success_rate=0.167
episodes 1360-1379: success_rate=0.500 mean_reward=90.27 mean_actor_loss=0.0125 mean_kl=0.0000 stage=intermediate scheduler_success_rate=0.667
episodes 1380-1399: success_rate=0.350 mean_reward=-225.83 mean_actor_loss=0.0125 mean_kl=0.0000 stage=warmup scheduler_success_rate=0.167
episodes 1400-1419: success_rate=0.400 mean_reward=-197.21 mean_actor_loss=0.0125 mean_kl=0.0000 stage=warmup scheduler_success_rate=0.167
episodes 1420-1439: success_rate=0.500 mean_reward=-395.09 mean_actor_loss=0.0125 mean_kl=0.0000 stage=warmup scheduler_success_rate=0.167
episodes 1440-1459: success_rate=0.250 mean_reward=-333.23 mean_actor_loss=0.0125 mean_kl=0.0000 stage=warmup scheduler_success_rate=0.500
episodes 1460-1479: success_rate=0.300 mean_reward=-674.79 mean_actor_loss=0.0125 mean_kl=0.0000 stage=warmup scheduler_success_rate=0.167
episodes 1480-1499: success_rate=0.500 mean_reward=-429.24 mean_actor_loss=0.0125 mean_kl=0.0000 stage=warmup scheduler_success_rate=0.500
episodes 1500-1519: success_rate=0.450 mean_reward=-193.62 mean_actor_loss=0.0124 mean_kl=0.0000 stage=warmup scheduler_success_rate=0.333
episodes 1520-1539: success_rate=0.350 mean_reward=-710.32 mean_actor_loss=0.0125 mean_kl=0.0000 stage=warmup scheduler_success_rate=0.500
episodes 1540-1559: success_rate=0.300 mean_reward=-193.54 mean_actor_loss=0.0125 mean_kl=0.0000 stage=warmup scheduler_success_rate=0.167
episodes 1560-1579: success_rate=0.150 mean_reward=-409.27 mean_actor_loss=0.0125 mean_kl=0.0000 stage=warmup scheduler_success_rate=0.000
episodes 1580-1599: success_rate=0.350 mean_reward=-699.61 mean_actor_loss=0.0125 mean_kl=0.0000 stage=warmup scheduler_success_rate=0.167
episodes 1600-1619: success_rate=0.450 mean_reward=-573.88 mean_actor_loss=0.0125 mean_kl=0.0000 stage=warmup scheduler_success_rate=0.000
episodes 1620-1639: success_rate=0.400 mean_reward=-785.12 mean_actor_loss=0.0125 mean_kl=0.0000 stage=warmup scheduler_success_rate=0.167
episodes 1640-1659: success_rate=0.200 mean_reward=-936.19 mean_actor_loss=0.0125 mean_kl=0.0000 stage=warmup scheduler_success_rate=0.167
episodes 1660-1679: success_rate=0.650 mean_reward=-158.06 mean_actor_loss=0.0124 mean_kl=0.0000 stage=warmup scheduler_success_rate=0.333
episodes 1680-1699: success_rate=0.700 mean_reward=154.72 mean_actor_loss=0.0124 mean_kl=0.0001 stage=warmup scheduler_success_rate=1.000
episodes 1700-1719: success_rate=0.500 mean_reward=-330.84 mean_actor_loss=0.0125 mean_kl=0.0000 stage=warmup scheduler_success_rate=0.333
episodes 1720-1739: success_rate=0.500 mean_reward=-620.81 mean_actor_loss=0.0124 mean_kl=0.0000 stage=warmup scheduler_success_rate=0.167
episodes 1740-1759: success_rate=0.550 mean_reward=-520.63 mean_actor_loss=0.0125 mean_kl=0.0000 stage=warmup scheduler_success_rate=0.167
episodes 1760-1779: success_rate=0.200 mean_reward=-853.26 mean_actor_loss=0.0125 mean_kl=0.0000 stage=warmup scheduler_success_rate=0.167
episodes 1780-1799: success_rate=0.600 mean_reward=-64.59 mean_actor_loss=0.0124 mean_kl=0.0001 stage=warmup scheduler_success_rate=0.500
episodes 1800-1819: success_rate=0.300 mean_reward=-521.00 mean_actor_loss=0.0125 mean_kl=0.0000 stage=warmup scheduler_success_rate=0.167
episodes 1820-1839: success_rate=0.300 mean_reward=-167.42 mean_actor_loss=0.0124 mean_kl=0.0000 stage=warmup scheduler_success_rate=0.333
episodes 1840-1859: success_rate=0.300 mean_reward=-463.70 mean_actor_loss=0.0125 mean_kl=0.0000 stage=warmup scheduler_success_rate=0.167
episodes 1860-1879: success_rate=0.350 mean_reward=-261.22 mean_actor_loss=0.0125 mean_kl=0.0000 stage=warmup scheduler_success_rate=0.000
episodes 1880-1899: success_rate=0.400 mean_reward=-459.41 mean_actor_loss=0.0125 mean_kl=0.0000 stage=warmup scheduler_success_rate=0.333
episodes 1900-1919: success_rate=0.650 mean_reward=-472.89 mean_actor_loss=0.0124 mean_kl=0.0000 stage=warmup scheduler_success_rate=0.000
episodes 1920-1939: success_rate=0.350 mean_reward=-180.41 mean_actor_loss=0.0125 mean_kl=0.0000 stage=warmup scheduler_success_rate=0.333
episodes 1940-1959: success_rate=0.650 mean_reward=-199.89 mean_actor_loss=0.0124 mean_kl=0.0001 stage=warmup scheduler_success_rate=0.333
episodes 1960-1979: success_rate=0.600 mean_reward=-474.57 mean_actor_loss=0.0124 mean_kl=0.0001 stage=warmup scheduler_success_rate=0.333
episodes 1980-1999: success_rate=0.150 mean_reward=-221.65 mean_actor_loss=0.0125 mean_kl=0.0000 stage=warmup scheduler_success_rate=0.167
episodes 2000-2019: success_rate=0.550 mean_reward=-7.46 mean_actor_loss=0.0124 mean_kl=0.0000 stage=warmup scheduler_success_rate=0.333
episodes 2020-2039: success_rate=0.450 mean_reward=-305.63 mean_actor_loss=0.0124 mean_kl=0.0000 stage=warmup scheduler_success_rate=0.167
episodes 2040-2059: success_rate=0.300 mean_reward=-290.81 mean_actor_loss=0.0125 mean_kl=0.0000 stage=warmup scheduler_success_rate=0.167
episodes 2060-2079: success_rate=0.450 mean_reward=-132.05 mean_actor_loss=0.0125 mean_kl=0.0001 stage=warmup scheduler_success_rate=0.000
episodes 2080-2099: success_rate=0.600 mean_reward=-194.68 mean_actor_loss=0.0124 mean_kl=0.0001 stage=warmup scheduler_success_rate=0.500
episodes 2100-2119: success_rate=0.250 mean_reward=-198.38 mean_actor_loss=0.0125 mean_kl=0.0000 stage=warmup scheduler_success_rate=0.000
episodes 2120-2139: success_rate=0.150 mean_reward=-1044.23 mean_actor_loss=0.0125 mean_kl=0.0000 stage=warmup scheduler_success_rate=0.167
episodes 2140-2159: success_rate=0.250 mean_reward=-522.20 mean_actor_loss=0.0125 mean_kl=0.0000 stage=warmup scheduler_success_rate=0.333
episodes 2160-2179: success_rate=0.450 mean_reward=-474.93 mean_actor_loss=0.0125 mean_kl=0.0000 stage=warmup scheduler_success_rate=0.333
episodes 2180-2199: success_rate=0.450 mean_reward=-594.39 mean_actor_loss=0.0125 mean_kl=0.0000 stage=warmup scheduler_success_rate=0.167
episodes 2200-2219: success_rate=0.450 mean_reward=-367.67 mean_actor_loss=0.0124 mean_kl=0.0000 stage=warmup scheduler_success_rate=0.000
episodes 2220-2239: success_rate=0.200 mean_reward=-653.81 mean_actor_loss=0.0125 mean_kl=0.0000 stage=warmup scheduler_success_rate=0.333
episodes 2240-2259: success_rate=0.400 mean_reward=-602.18 mean_actor_loss=0.0125 mean_kl=0.0000 stage=warmup scheduler_success_rate=0.000
episodes 2260-2279: success_rate=0.250 mean_reward=-617.15 mean_actor_loss=0.0125 mean_kl=0.0000 stage=warmup scheduler_success_rate=0.333
episodes 2280-2299: success_rate=0.450 mean_reward=-661.31 mean_actor_loss=0.0124 mean_kl=0.0000 stage=warmup scheduler_success_rate=0.167
episodes 2300-2319: success_rate=0.100 mean_reward=-541.44 mean_actor_loss=0.0125 mean_kl=0.0000 stage=warmup scheduler_success_rate=0.167
episodes 2320-2339: success_rate=0.350 mean_reward=-51.79 mean_actor_loss=0.0124 mean_kl=0.0001 stage=warmup scheduler_success_rate=0.500
episodes 2340-2359: success_rate=0.450 mean_reward=-58.93 mean_actor_loss=0.0124 mean_kl=0.0000 stage=warmup scheduler_success_rate=0.500
episodes 2360-2379: success_rate=0.250 mean_reward=-817.86 mean_actor_loss=0.0125 mean_kl=0.0000 stage=warmup scheduler_success_rate=0.000
episodes 2380-2399: success_rate=0.300 mean_reward=-286.94 mean_actor_loss=0.0125 mean_kl=0.0000 stage=warmup scheduler_success_rate=0.000
episodes 2400-2419: success_rate=0.350 mean_reward=-295.36 mean_actor_loss=0.0125 mean_kl=0.0000 stage=warmup scheduler_success_rate=0.500
episodes 2420-2439: success_rate=0.500 mean_reward=-81.39 mean_actor_loss=0.0125 mean_kl=0.0000 stage=warmup scheduler_success_rate=0.167
episodes 2440-2459: success_rate=0.350 mean_reward=-406.38 mean_actor_loss=0.0125 mean_kl=0.0000 stage=warmup scheduler_success_rate=0.167
episodes 2460-2479: success_rate=0.450 mean_reward=-507.86 mean_actor_loss=0.0124 mean_kl=0.0001 stage=warmup scheduler_success_rate=0.333
episodes 2480-2499: success_rate=0.200 mean_reward=-720.18 mean_actor_loss=0.0125 mean_kl=0.0000 stage=warmup scheduler_success_rate=0.000
episodes 2500-2519: success_rate=0.450 mean_reward=5.03 mean_actor_loss=0.0124 mean_kl=0.0001 stage=warmup scheduler_success_rate=0.333
episodes 2520-2539: success_rate=0.250 mean_reward=-459.88 mean_actor_loss=0.0125 mean_kl=0.0000 stage=warmup scheduler_success_rate=0.500
episodes 2540-2559: success_rate=0.350 mean_reward=-625.65 mean_actor_loss=0.0124 mean_kl=0.0001 stage=warmup scheduler_success_rate=0.000
episodes 2560-2579: success_rate=0.300 mean_reward=-409.17 mean_actor_loss=0.0125 mean_kl=0.0000 stage=warmup scheduler_success_rate=0.167
episodes 2580-2599: success_rate=0.350 mean_reward=-644.03 mean_actor_loss=0.0125 mean_kl=0.0000 stage=warmup scheduler_success_rate=0.000
episodes 2600-2619: success_rate=0.250 mean_reward=-375.31 mean_actor_loss=0.0125 mean_kl=0.0000 stage=warmup scheduler_success_rate=0.333
episodes 2620-2639: success_rate=0.200 mean_reward=-805.33 mean_actor_loss=0.0125 mean_kl=0.0000 stage=warmup scheduler_success_rate=0.000
episodes 2640-2659: success_rate=0.550 mean_reward=-625.05 mean_actor_loss=0.0125 mean_kl=0.0000 stage=warmup scheduler_success_rate=0.333
episodes 2660-2679: success_rate=0.550 mean_reward=-683.02 mean_actor_loss=0.0125 mean_kl=0.0000 stage=warmup scheduler_success_rate=0.167
episodes 2680-2699: success_rate=0.250 mean_reward=-910.59 mean_actor_loss=0.0125 mean_kl=0.0000 stage=warmup scheduler_success_rate=0.167
episodes 2700-2719: success_rate=0.300 mean_reward=-567.34 mean_actor_loss=0.0125 mean_kl=0.0000 stage=warmup scheduler_success_rate=0.333
episodes 2720-2739: success_rate=0.450 mean_reward=-59.32 mean_actor_loss=0.0124 mean_kl=0.0000 stage=warmup scheduler_success_rate=0.500
episodes 2740-2759: success_rate=0.250 mean_reward=-716.28 mean_actor_loss=0.0125 mean_kl=0.0000 stage=warmup scheduler_success_rate=0.000
episodes 2760-2779: success_rate=0.250 mean_reward=-326.48 mean_actor_loss=0.0125 mean_kl=0.0000 stage=warmup scheduler_success_rate=0.167
episodes 2780-2799: success_rate=0.400 mean_reward=-206.57 mean_actor_loss=0.0125 mean_kl=0.0000 stage=warmup scheduler_success_rate=0.000
episodes 2800-2819: success_rate=0.300 mean_reward=-369.74 mean_actor_loss=0.0125 mean_kl=0.0001 stage=warmup scheduler_success_rate=0.000
episodes 2820-2839: success_rate=0.250 mean_reward=-583.69 mean_actor_loss=0.0125 mean_kl=0.0000 stage=warmup scheduler_success_rate=0.167
episodes 2840-2859: success_rate=0.300 mean_reward=-1193.13 mean_actor_loss=0.0125 mean_kl=0.0000 stage=warmup scheduler_success_rate=0.333
episodes 2860-2879: success_rate=0.150 mean_reward=-627.33 mean_actor_loss=0.0125 mean_kl=0.0000 stage=warmup scheduler_success_rate=0.000
episodes 2880-2899: success_rate=0.300 mean_reward=-584.62 mean_actor_loss=0.0125 mean_kl=0.0000 stage=warmup scheduler_success_rate=0.167
episodes 2900-2919: success_rate=0.300 mean_reward=-308.03 mean_actor_loss=0.0125 mean_kl=0.0001 stage=warmup scheduler_success_rate=0.500
episodes 2920-2939: success_rate=0.400 mean_reward=-902.83 mean_actor_loss=0.0125 mean_kl=0.0000 stage=warmup scheduler_success_rate=0.167
episodes 2940-2959: success_rate=0.600 mean_reward=-225.77 mean_actor_loss=0.0124 mean_kl=0.0000 stage=warmup scheduler_success_rate=0.333
episodes 2960-2979: success_rate=0.300 mean_reward=-777.33 mean_actor_loss=0.0125 mean_kl=0.0000 stage=warmup scheduler_success_rate=0.000
episodes 2980-2999: success_rate=0.750 mean_reward=-197.66 mean_actor_loss=0.0125 mean_kl=0.0000 stage=warmup scheduler_success_rate=0.500
episodes 3000-3019: success_rate=0.250 mean_reward=-46.98 mean_actor_loss=0.0124 mean_kl=0.0000 stage=warmup scheduler_success_rate=0.333
episodes 3020-3039: success_rate=0.350 mean_reward=-332.30 mean_actor_loss=0.0125 mean_kl=0.0000 stage=warmup scheduler_success_rate=0.667
episodes 3040-3059: success_rate=0.400 mean_reward=-349.48 mean_actor_loss=0.0124 mean_kl=0.0000 stage=warmup scheduler_success_rate=0.333
episodes 3060-3079: success_rate=0.400 mean_reward=-478.75 mean_actor_loss=0.0125 mean_kl=0.0000 stage=warmup scheduler_success_rate=0.333
episodes 3080-3099: success_rate=0.250 mean_reward=-667.40 mean_actor_loss=0.0125 mean_kl=0.0000 stage=warmup scheduler_success_rate=0.167
episodes 3100-3119: success_rate=0.500 mean_reward=-655.90 mean_actor_loss=0.0125 mean_kl=0.0000 stage=warmup scheduler_success_rate=0.000
episodes 3120-3139: success_rate=0.400 mean_reward=-360.23 mean_actor_loss=0.0125 mean_kl=0.0000 stage=warmup scheduler_success_rate=0.333
episodes 3140-3159: success_rate=0.400 mean_reward=-475.66 mean_actor_loss=0.0124 mean_kl=0.0000 stage=warmup scheduler_success_rate=0.167
episodes 3160-3179: success_rate=0.350 mean_reward=-389.36 mean_actor_loss=0.0125 mean_kl=0.0000 stage=warmup scheduler_success_rate=0.333
episodes 3180-3199: success_rate=0.400 mean_reward=-217.56 mean_actor_loss=0.0125 mean_kl=0.0000 stage=warmup scheduler_success_rate=0.167
episodes 3200-3219: success_rate=0.350 mean_reward=-466.29 mean_actor_loss=0.0125 mean_kl=0.0000 stage=warmup scheduler_success_rate=0.000
episodes 3220-3239: success_rate=0.350 mean_reward=-565.73 mean_actor_loss=0.0125 mean_kl=0.0000 stage=warmup scheduler_success_rate=0.333
episodes 3240-3259: success_rate=0.200 mean_reward=-441.26 mean_actor_loss=0.0125 mean_kl=0.0000 stage=warmup scheduler_success_rate=0.000
episodes 3260-3279: success_rate=0.250 mean_reward=-831.52 mean_actor_loss=0.0125 mean_kl=0.0000 stage=warmup scheduler_success_rate=0.000
episodes 3280-3299: success_rate=0.450 mean_reward=-281.76 mean_actor_loss=0.0125 mean_kl=0.0000 stage=warmup scheduler_success_rate=0.000
episodes 3300-3319: success_rate=0.450 mean_reward=-812.58 mean_actor_loss=0.0125 mean_kl=0.0000 stage=warmup scheduler_success_rate=0.000
episodes 3320-3339: success_rate=0.350 mean_reward=-227.61 mean_actor_loss=0.0125 mean_kl=0.0000 stage=warmup scheduler_success_rate=0.167
episodes 3340-3359: success_rate=0.550 mean_reward=-255.75 mean_actor_loss=0.0124 mean_kl=0.0000 stage=warmup scheduler_success_rate=0.333
episodes 3360-3379: success_rate=0.500 mean_reward=-568.44 mean_actor_loss=0.0125 mean_kl=0.0001 stage=warmup scheduler_success_rate=0.000
episodes 3380-3399: success_rate=0.450 mean_reward=-175.31 mean_actor_loss=0.0125 mean_kl=0.0000 stage=warmup scheduler_success_rate=0.167
episodes 3400-3419: success_rate=0.200 mean_reward=-312.42 mean_actor_loss=0.0125 mean_kl=0.0000 stage=warmup scheduler_success_rate=0.000
episodes 3420-3439: success_rate=0.250 mean_reward=-543.68 mean_actor_loss=0.0125 mean_kl=0.0000 stage=warmup scheduler_success_rate=0.167
episodes 3440-3459: success_rate=0.450 mean_reward=-370.17 mean_actor_loss=0.0124 mean_kl=0.0000 stage=warmup scheduler_success_rate=0.167
episodes 3460-3479: success_rate=0.250 mean_reward=-444.85 mean_actor_loss=0.0125 mean_kl=0.0000 stage=warmup scheduler_success_rate=0.167
episodes 3480-3499: success_rate=0.550 mean_reward=-454.87 mean_actor_loss=0.0124 mean_kl=0.0000 stage=warmup scheduler_success_rate=0.167
episodes 3500-3519: success_rate=0.450 mean_reward=-3.65 mean_actor_loss=0.0125 mean_kl=0.0000 stage=warmup scheduler_success_rate=0.667
episodes 3520-3539: success_rate=0.350 mean_reward=-357.10 mean_actor_loss=0.0125 mean_kl=0.0001 stage=warmup scheduler_success_rate=0.167
episodes 3540-3559: success_rate=0.300 mean_reward=-324.29 mean_actor_loss=0.0125 mean_kl=0.0001 stage=warmup scheduler_success_rate=0.333
episodes 3560-3579: success_rate=0.600 mean_reward=-152.67 mean_actor_loss=0.0124 mean_kl=0.0000 stage=warmup scheduler_success_rate=0.000
episodes 3580-3599: success_rate=0.300 mean_reward=-610.86 mean_actor_loss=0.0125 mean_kl=0.0000 stage=warmup scheduler_success_rate=0.167
episodes 3600-3619: success_rate=0.250 mean_reward=-743.81 mean_actor_loss=0.0125 mean_kl=0.0000 stage=warmup scheduler_success_rate=0.500
episodes 3620-3639: success_rate=0.550 mean_reward=-136.21 mean_actor_loss=0.0124 mean_kl=0.0000 stage=warmup scheduler_success_rate=0.333
episodes 3640-3659: success_rate=0.300 mean_reward=-373.73 mean_actor_loss=0.0124 mean_kl=0.0000 stage=warmup scheduler_success_rate=0.333
episodes 3660-3679: success_rate=0.300 mean_reward=-333.00 mean_actor_loss=0.0124 mean_kl=0.0000 stage=warmup scheduler_success_rate=0.333
episodes 3680-3699: success_rate=0.500 mean_reward=-630.36 mean_actor_loss=0.0125 mean_kl=0.0000 stage=warmup scheduler_success_rate=0.333
episodes 3700-3719: success_rate=0.200 mean_reward=-884.81 mean_actor_loss=0.0125 mean_kl=0.0000 stage=warmup scheduler_success_rate=0.333
episodes 3720-3739: success_rate=0.350 mean_reward=-600.91 mean_actor_loss=0.0125 mean_kl=0.0000 stage=warmup scheduler_success_rate=0.000
episodes 3740-3759: success_rate=0.650 mean_reward=-220.60 mean_actor_loss=0.0124 mean_kl=0.0000 stage=warmup scheduler_success_rate=0.167
episodes 3760-3779: success_rate=0.400 mean_reward=-496.97 mean_actor_loss=0.0124 mean_kl=0.0000 stage=warmup scheduler_success_rate=0.333
episodes 3780-3799: success_rate=0.350 mean_reward=-696.73 mean_actor_loss=0.0124 mean_kl=0.0000 stage=warmup scheduler_success_rate=0.333
episodes 3800-3819: success_rate=0.500 mean_reward=-527.14 mean_actor_loss=0.0124 mean_kl=0.0000 stage=warmup scheduler_success_rate=0.333
episodes 3820-3839: success_rate=0.550 mean_reward=-901.55 mean_actor_loss=0.0125 mean_kl=0.0000 stage=warmup scheduler_success_rate=0.000
episodes 3840-3859: success_rate=0.300 mean_reward=-450.83 mean_actor_loss=0.0125 mean_kl=0.0000 stage=warmup scheduler_success_rate=0.167
episodes 3860-3879: success_rate=0.550 mean_reward=-317.25 mean_actor_loss=0.0124 mean_kl=0.0000 stage=warmup scheduler_success_rate=0.333
episodes 3880-3899: success_rate=0.400 mean_reward=-406.91 mean_actor_loss=0.0125 mean_kl=0.0001 stage=warmup scheduler_success_rate=0.167
episodes 3900-3919: success_rate=0.550 mean_reward=-158.29 mean_actor_loss=0.0125 mean_kl=0.0000 stage=warmup scheduler_success_rate=0.333
episodes 3920-3939: success_rate=0.700 mean_reward=-27.54 mean_actor_loss=0.0124 mean_kl=0.0000 stage=warmup scheduler_success_rate=0.333
episodes 3940-3959: success_rate=0.500 mean_reward=-182.39 mean_actor_loss=0.0125 mean_kl=0.0000 stage=warmup scheduler_success_rate=0.333
episodes 3960-3979: success_rate=0.600 mean_reward=-655.49 mean_actor_loss=0.0124 mean_kl=0.0000 stage=warmup scheduler_success_rate=0.333
episodes 3980-3999: success_rate=0.350 mean_reward=-395.80 mean_actor_loss=0.0124 mean_kl=0.0000 stage=warmup scheduler_success_rate=0.333
episodes 4000-4019: success_rate=0.450 mean_reward=-301.21 mean_actor_loss=0.0125 mean_kl=0.0000 stage=warmup scheduler_success_rate=0.167
episodes 4020-4039: success_rate=0.650 mean_reward=-277.69 mean_actor_loss=0.0124 mean_kl=0.0000 stage=warmup scheduler_success_rate=0.500
episodes 4040-4059: success_rate=0.350 mean_reward=-495.67 mean_actor_loss=0.0125 mean_kl=0.0000 stage=warmup scheduler_success_rate=0.167
episodes 4060-4079: success_rate=0.550 mean_reward=-259.70 mean_actor_loss=0.0125 mean_kl=0.0000 stage=warmup scheduler_success_rate=0.500
episodes 4080-4099: success_rate=0.500 mean_reward=-505.68 mean_actor_loss=0.0124 mean_kl=0.0001 stage=warmup scheduler_success_rate=0.167
episodes 4100-4119: success_rate=0.300 mean_reward=-535.48 mean_actor_loss=0.0125 mean_kl=0.0000 stage=warmup scheduler_success_rate=0.167
episodes 4120-4139: success_rate=0.300 mean_reward=-308.38 mean_actor_loss=0.0125 mean_kl=0.0000 stage=warmup scheduler_success_rate=0.167
episodes 4140-4159: success_rate=0.500 mean_reward=-312.96 mean_actor_loss=0.0124 mean_kl=0.0000 stage=warmup scheduler_success_rate=0.500
episodes 4160-4179: success_rate=0.550 mean_reward=-50.86 mean_actor_loss=0.0124 mean_kl=0.0001 stage=intermediate scheduler_success_rate=0.000
episodes 4180-4199: success_rate=0.250 mean_reward=-606.22 mean_actor_loss=0.0125 mean_kl=0.0001 stage=warmup scheduler_success_rate=0.167
episodes 4200-4219: success_rate=0.700 mean_reward=335.55 mean_actor_loss=0.0124 mean_kl=0.0000 stage=full scheduler_success_rate=0.667
episodes 4220-4239: success_rate=0.250 mean_reward=-680.99 mean_actor_loss=0.0125 mean_kl=0.0000 stage=warmup scheduler_success_rate=0.000
episodes 4240-4259: success_rate=0.300 mean_reward=-818.03 mean_actor_loss=0.0125 mean_kl=0.0000 stage=warmup scheduler_success_rate=0.000
episodes 4260-4279: success_rate=0.300 mean_reward=-463.79 mean_actor_loss=0.0125 mean_kl=0.0000 stage=warmup scheduler_success_rate=0.167
episodes 4280-4299: success_rate=0.450 mean_reward=-386.12 mean_actor_loss=0.0124 mean_kl=0.0000 stage=warmup scheduler_success_rate=0.167
episodes 4300-4319: success_rate=0.650 mean_reward=-168.22 mean_actor_loss=0.0124 mean_kl=0.0001 stage=warmup scheduler_success_rate=0.167
episodes 4320-4339: success_rate=0.500 mean_reward=-331.11 mean_actor_loss=0.0124 mean_kl=0.0000 stage=warmup scheduler_success_rate=0.167
episodes 4340-4359: success_rate=0.600 mean_reward=-237.63 mean_actor_loss=0.0125 mean_kl=0.0001 stage=warmup scheduler_success_rate=0.333
episodes 4360-4379: success_rate=0.500 mean_reward=-323.13 mean_actor_loss=0.0125 mean_kl=0.0000 stage=warmup scheduler_success_rate=0.500
episodes 4380-4399: success_rate=0.400 mean_reward=-335.98 mean_actor_loss=0.0124 mean_kl=0.0000 stage=warmup scheduler_success_rate=0.167
episodes 4400-4419: success_rate=0.200 mean_reward=-615.09 mean_actor_loss=0.0125 mean_kl=0.0000 stage=warmup scheduler_success_rate=0.167
episodes 4420-4439: success_rate=0.250 mean_reward=-284.48 mean_actor_loss=0.0125 mean_kl=0.0000 stage=warmup scheduler_success_rate=0.000
episodes 4440-4459: success_rate=0.450 mean_reward=-614.51 mean_actor_loss=0.0125 mean_kl=0.0000 stage=warmup scheduler_success_rate=0.000
episodes 4460-4479: success_rate=0.450 mean_reward=-116.42 mean_actor_loss=0.0124 mean_kl=0.0000 stage=warmup scheduler_success_rate=0.333
episodes 4480-4499: success_rate=0.350 mean_reward=-680.14 mean_actor_loss=0.0124 mean_kl=0.0000 stage=warmup scheduler_success_rate=0.167
episodes 4500-4519: success_rate=0.300 mean_reward=-410.13 mean_actor_loss=0.0125 mean_kl=0.0000 stage=warmup scheduler_success_rate=0.333
episodes 4520-4539: success_rate=0.250 mean_reward=-297.86 mean_actor_loss=0.0125 mean_kl=0.0000 stage=warmup scheduler_success_rate=0.000
episodes 4540-4559: success_rate=0.500 mean_reward=-435.02 mean_actor_loss=0.0125 mean_kl=0.0001 stage=warmup scheduler_success_rate=0.333
episodes 4560-4579: success_rate=0.300 mean_reward=-181.08 mean_actor_loss=0.0125 mean_kl=0.0000 stage=warmup scheduler_success_rate=0.167
episodes 4580-4599: success_rate=0.350 mean_reward=-396.99 mean_actor_loss=0.0125 mean_kl=0.0000 stage=warmup scheduler_success_rate=0.167
episodes 4600-4619: success_rate=0.300 mean_reward=-746.33 mean_actor_loss=0.0125 mean_kl=0.0000 stage=warmup scheduler_success_rate=0.167
episodes 4620-4639: success_rate=0.250 mean_reward=-775.52 mean_actor_loss=0.0125 mean_kl=0.0000 stage=warmup scheduler_success_rate=0.167
episodes 4640-4659: success_rate=0.450 mean_reward=-288.97 mean_actor_loss=0.0124 mean_kl=0.0000 stage=warmup scheduler_success_rate=0.333
episodes 4660-4679: success_rate=0.450 mean_reward=-274.26 mean_actor_loss=0.0125 mean_kl=0.0000 stage=warmup scheduler_success_rate=0.333
episodes 4680-4699: success_rate=0.650 mean_reward=-466.00 mean_actor_loss=0.0125 mean_kl=0.0000 stage=warmup scheduler_success_rate=0.167
episodes 4700-4719: success_rate=0.150 mean_reward=-737.47 mean_actor_loss=0.0125 mean_kl=0.0000 stage=warmup scheduler_success_rate=0.000
episodes 4720-4739: success_rate=0.450 mean_reward=-211.03 mean_actor_loss=0.0125 mean_kl=0.0000 stage=warmup scheduler_success_rate=0.333
episodes 4740-4759: success_rate=0.350 mean_reward=-587.01 mean_actor_loss=0.0125 mean_kl=0.0000 stage=warmup scheduler_success_rate=0.000
episodes 4760-4779: success_rate=0.700 mean_reward=-719.28 mean_actor_loss=0.0125 mean_kl=0.0000 stage=warmup scheduler_success_rate=0.333
episodes 4780-4799: success_rate=0.350 mean_reward=-738.00 mean_actor_loss=0.0125 mean_kl=0.0000 stage=warmup scheduler_success_rate=0.000
episodes 4800-4819: success_rate=0.350 mean_reward=-627.60 mean_actor_loss=0.0125 mean_kl=0.0000 stage=warmup scheduler_success_rate=0.167
episodes 4820-4839: success_rate=0.200 mean_reward=-1119.79 mean_actor_loss=0.0125 mean_kl=0.0000 stage=warmup scheduler_success_rate=0.000
episodes 4840-4859: success_rate=0.300 mean_reward=-853.32 mean_actor_loss=0.0125 mean_kl=0.0000 stage=warmup scheduler_success_rate=0.167
episodes 4860-4879: success_rate=0.500 mean_reward=-17.42 mean_actor_loss=0.0124 mean_kl=0.0001 stage=warmup scheduler_success_rate=0.167
episodes 4880-4899: success_rate=0.350 mean_reward=-831.16 mean_actor_loss=0.0125 mean_kl=0.0000 stage=warmup scheduler_success_rate=0.000
episodes 4900-4919: success_rate=0.350 mean_reward=-502.75 mean_actor_loss=0.0125 mean_kl=0.0000 stage=warmup scheduler_success_rate=0.333
episodes 4920-4939: success_rate=0.350 mean_reward=-709.66 mean_actor_loss=0.0125 mean_kl=0.0000 stage=warmup scheduler_success_rate=0.333
episodes 4940-4959: success_rate=0.650 mean_reward=-746.30 mean_actor_loss=0.0125 mean_kl=0.0000 stage=warmup scheduler_success_rate=0.333
episodes 4960-4979: success_rate=0.150 mean_reward=-890.70 mean_actor_loss=0.0125 mean_kl=0.0000 stage=warmup scheduler_success_rate=0.000
episodes 4980-4999: success_rate=0.300 mean_reward=-567.52 mean_actor_loss=0.0125 mean_kl=0.0000 stage=warmup scheduler_success_rate=0.333
episodes 5000-5019: success_rate=0.450 mean_reward=-357.43 mean_actor_loss=0.0125 mean_kl=0.0000 stage=warmup scheduler_success_rate=0.500
episodes 5020-5039: success_rate=0.300 mean_reward=-499.74 mean_actor_loss=0.0125 mean_kl=0.0000 stage=warmup scheduler_success_rate=0.000
episodes 5040-5059: success_rate=0.300 mean_reward=-543.59 mean_actor_loss=0.0125 mean_kl=0.0000 stage=warmup scheduler_success_rate=0.333
episodes 5060-5079: success_rate=0.200 mean_reward=-740.09 mean_actor_loss=0.0125 mean_kl=0.0000 stage=warmup scheduler_success_rate=0.000
episodes 5080-5099: success_rate=0.250 mean_reward=-496.13 mean_actor_loss=0.0125 mean_kl=0.0000 stage=warmup scheduler_success_rate=0.000
episodes 5100-5119: success_rate=0.400 mean_reward=-556.33 mean_actor_loss=0.0124 mean_kl=0.0000 stage=warmup scheduler_success_rate=0.667
episodes 5120-5139: success_rate=0.550 mean_reward=-345.03 mean_actor_loss=0.0124 mean_kl=0.0000 stage=warmup scheduler_success_rate=0.333
episodes 5140-5159: success_rate=0.450 mean_reward=-339.20 mean_actor_loss=0.0124 mean_kl=0.0000 stage=warmup scheduler_success_rate=0.000
episodes 5160-5179: success_rate=0.300 mean_reward=-303.79 mean_actor_loss=0.0125 mean_kl=0.0000 stage=warmup scheduler_success_rate=0.333
episodes 5180-5199: success_rate=0.450 mean_reward=-627.46 mean_actor_loss=0.0125 mean_kl=0.0000 stage=warmup scheduler_success_rate=0.333
episodes 5200-5219: success_rate=0.250 mean_reward=-498.84 mean_actor_loss=0.0125 mean_kl=0.0000 stage=warmup scheduler_success_rate=0.333
episodes 5220-5239: success_rate=0.250 mean_reward=-345.18 mean_actor_loss=0.0125 mean_kl=0.0000 stage=warmup scheduler_success_rate=0.167
episodes 5240-5259: success_rate=0.550 mean_reward=-695.88 mean_actor_loss=0.0125 mean_kl=0.0000 stage=warmup scheduler_success_rate=0.000
episodes 5260-5279: success_rate=0.350 mean_reward=-243.22 mean_actor_loss=0.0125 mean_kl=0.0000 stage=warmup scheduler_success_rate=0.167
episodes 5280-5299: success_rate=0.250 mean_reward=-834.94 mean_actor_loss=0.0125 mean_kl=0.0000 stage=warmup scheduler_success_rate=0.000
episodes 5300-5319: success_rate=0.350 mean_reward=-475.61 mean_actor_loss=0.0125 mean_kl=0.0000 stage=warmup scheduler_success_rate=0.333
episodes 5320-5339: success_rate=0.450 mean_reward=-176.09 mean_actor_loss=0.0124 mean_kl=0.0000 stage=warmup scheduler_success_rate=0.500
episodes 5340-5359: success_rate=0.450 mean_reward=-6.76 mean_actor_loss=0.0124 mean_kl=0.0000 stage=warmup scheduler_success_rate=0.333
episodes 5360-5379: success_rate=0.300 mean_reward=-423.32 mean_actor_loss=0.0125 mean_kl=0.0000 stage=warmup scheduler_success_rate=0.167
episodes 5380-5399: success_rate=0.300 mean_reward=-565.36 mean_actor_loss=0.0125 mean_kl=0.0000 stage=warmup scheduler_success_rate=0.000
episodes 5400-5419: success_rate=0.350 mean_reward=-384.28 mean_actor_loss=0.0125 mean_kl=0.0001 stage=warmup scheduler_success_rate=0.000
episodes 5420-5439: success_rate=0.350 mean_reward=-183.72 mean_actor_loss=0.0125 mean_kl=0.0000 stage=warmup scheduler_success_rate=0.500
episodes 5440-5459: success_rate=0.300 mean_reward=-353.40 mean_actor_loss=0.0125 mean_kl=0.0000 stage=warmup scheduler_success_rate=0.000
episodes 5460-5479: success_rate=0.350 mean_reward=-497.07 mean_actor_loss=0.0125 mean_kl=0.0000 stage=warmup scheduler_success_rate=0.333
episodes 5480-5499: success_rate=0.400 mean_reward=-236.25 mean_actor_loss=0.0125 mean_kl=0.0000 stage=warmup scheduler_success_rate=0.167
episodes 5500-5519: success_rate=0.250 mean_reward=-834.75 mean_actor_loss=0.0125 mean_kl=0.0000 stage=warmup scheduler_success_rate=0.167
episodes 5520-5539: success_rate=0.300 mean_reward=-549.47 mean_actor_loss=0.0125 mean_kl=0.0000 stage=warmup scheduler_success_rate=0.167
episodes 5540-5559: success_rate=0.350 mean_reward=-523.67 mean_actor_loss=0.0125 mean_kl=0.0000 stage=warmup scheduler_success_rate=0.000
episodes 5560-5579: success_rate=0.300 mean_reward=-756.14 mean_actor_loss=0.0125 mean_kl=0.0000 stage=warmup scheduler_success_rate=0.000
episodes 5580-5599: success_rate=0.400 mean_reward=-154.85 mean_actor_loss=0.0124 mean_kl=0.0000 stage=warmup scheduler_success_rate=0.333
episodes 5600-5619: success_rate=0.450 mean_reward=-391.35 mean_actor_loss=0.0124 mean_kl=0.0000 stage=warmup scheduler_success_rate=0.333
episodes 5620-5639: success_rate=0.300 mean_reward=-824.04 mean_actor_loss=0.0125 mean_kl=0.0000 stage=warmup scheduler_success_rate=0.000
episodes 5640-5659: success_rate=0.300 mean_reward=-640.49 mean_actor_loss=0.0125 mean_kl=0.0000 stage=warmup scheduler_success_rate=0.167
episodes 5660-5679: success_rate=0.550 mean_reward=-236.03 mean_actor_loss=0.0125 mean_kl=0.0000 stage=intermediate scheduler_success_rate=0.000
episodes 5680-5699: success_rate=0.150 mean_reward=-982.12 mean_actor_loss=0.0125 mean_kl=0.0000 stage=warmup scheduler_success_rate=0.167
episodes 5700-5719: success_rate=0.400 mean_reward=-150.31 mean_actor_loss=0.0125 mean_kl=0.0000 stage=warmup scheduler_success_rate=0.000
episodes 5720-5739: success_rate=0.300 mean_reward=-334.22 mean_actor_loss=0.0125 mean_kl=0.0000 stage=warmup scheduler_success_rate=0.000
episodes 5740-5759: success_rate=0.250 mean_reward=-316.08 mean_actor_loss=0.0125 mean_kl=0.0001 stage=warmup scheduler_success_rate=0.000
episodes 5760-5779: success_rate=0.200 mean_reward=-259.28 mean_actor_loss=0.0125 mean_kl=0.0000 stage=warmup scheduler_success_rate=0.000
episodes 5780-5799: success_rate=0.400 mean_reward=-363.91 mean_actor_loss=0.0125 mean_kl=0.0000 stage=warmup scheduler_success_rate=0.333
episodes 5800-5819: success_rate=0.400 mean_reward=-759.24 mean_actor_loss=0.0125 mean_kl=0.0000 stage=warmup scheduler_success_rate=0.167
episodes 5820-5839: success_rate=0.300 mean_reward=-122.56 mean_actor_loss=0.0125 mean_kl=0.0001 stage=warmup scheduler_success_rate=0.000
episodes 5840-5859: success_rate=0.300 mean_reward=-277.57 mean_actor_loss=0.0125 mean_kl=0.0000 stage=warmup scheduler_success_rate=0.167
episodes 5860-5879: success_rate=0.350 mean_reward=-660.14 mean_actor_loss=0.0125 mean_kl=0.0000 stage=warmup scheduler_success_rate=0.167
episodes 5880-5899: success_rate=0.300 mean_reward=-430.94 mean_actor_loss=0.0125 mean_kl=0.0000 stage=warmup scheduler_success_rate=0.167
episodes 5900-5919: success_rate=0.250 mean_reward=-576.36 mean_actor_loss=0.0125 mean_kl=0.0000 stage=warmup scheduler_success_rate=0.167
episodes 5920-5939: success_rate=0.350 mean_reward=-352.04 mean_actor_loss=0.0124 mean_kl=0.0000 stage=warmup scheduler_success_rate=0.167
episodes 5940-5959: success_rate=0.500 mean_reward=-200.10 mean_actor_loss=0.0125 mean_kl=0.0001 stage=warmup scheduler_success_rate=0.333
episodes 5960-5979: success_rate=0.300 mean_reward=-181.61 mean_actor_loss=0.0125 mean_kl=0.0000 stage=warmup scheduler_success_rate=0.333
episodes 5980-5999: success_rate=0.250 mean_reward=-422.83 mean_actor_loss=0.0125 mean_kl=0.0000 stage=warmup scheduler_success_rate=0.500
episodes 6000-6019: success_rate=0.400 mean_reward=-251.44 mean_actor_loss=0.0125 mean_kl=0.0000 stage=warmup scheduler_success_rate=0.000
episodes 6020-6039: success_rate=0.300 mean_reward=-747.93 mean_actor_loss=0.0124 mean_kl=0.0000 stage=warmup scheduler_success_rate=0.000
episodes 6040-6059: success_rate=0.350 mean_reward=-737.19 mean_actor_loss=0.0125 mean_kl=0.0000 stage=warmup scheduler_success_rate=0.000
episodes 6060-6079: success_rate=0.350 mean_reward=-563.64 mean_actor_loss=0.0124 mean_kl=0.0000 stage=warmup scheduler_success_rate=0.333
episodes 6080-6099: success_rate=0.450 mean_reward=-138.58 mean_actor_loss=0.0124 mean_kl=0.0000 stage=warmup scheduler_success_rate=0.000
episodes 6100-6119: success_rate=0.300 mean_reward=-486.30 mean_actor_loss=0.0125 mean_kl=0.0000 stage=warmup scheduler_success_rate=0.000
episodes 6120-6139: success_rate=0.400 mean_reward=-824.20 mean_actor_loss=0.0125 mean_kl=0.0000 stage=warmup scheduler_success_rate=0.333
episodes 6140-6159: success_rate=0.400 mean_reward=-215.62 mean_actor_loss=0.0124 mean_kl=0.0000 stage=warmup scheduler_success_rate=0.333
episodes 6160-6179: success_rate=0.250 mean_reward=-346.82 mean_actor_loss=0.0125 mean_kl=0.0000 stage=warmup scheduler_success_rate=0.167
episodes 6180-6199: success_rate=0.300 mean_reward=-414.07 mean_actor_loss=0.0125 mean_kl=0.0000 stage=warmup scheduler_success_rate=0.167
episodes 6200-6219: success_rate=0.350 mean_reward=-363.58 mean_actor_loss=0.0125 mean_kl=0.0000 stage=warmup scheduler_success_rate=0.333
episodes 6220-6239: success_rate=0.200 mean_reward=-408.19 mean_actor_loss=0.0125 mean_kl=0.0000 stage=warmup scheduler_success_rate=0.000
episodes 6240-6259: success_rate=0.550 mean_reward=-469.47 mean_actor_loss=0.0125 mean_kl=0.0000 stage=warmup scheduler_success_rate=0.167
episodes 6260-6279: success_rate=0.200 mean_reward=-761.23 mean_actor_loss=0.0125 mean_kl=0.0000 stage=warmup scheduler_success_rate=0.000
episodes 6280-6299: success_rate=0.550 mean_reward=-347.71 mean_actor_loss=0.0125 mean_kl=0.0000 stage=warmup scheduler_success_rate=0.333
episodes 6300-6319: success_rate=0.500 mean_reward=34.80 mean_actor_loss=0.0124 mean_kl=0.0000 stage=warmup scheduler_success_rate=0.500
episodes 6320-6339: success_rate=0.200 mean_reward=-830.90 mean_actor_loss=0.0125 mean_kl=0.0000 stage=warmup scheduler_success_rate=0.000
episodes 6340-6359: success_rate=0.350 mean_reward=-121.46 mean_actor_loss=0.0125 mean_kl=0.0000 stage=warmup scheduler_success_rate=0.333
episodes 6360-6379: success_rate=0.300 mean_reward=-338.63 mean_actor_loss=0.0124 mean_kl=0.0000 stage=warmup scheduler_success_rate=0.167
episodes 6380-6399: success_rate=0.450 mean_reward=-430.39 mean_actor_loss=0.0125 mean_kl=0.0000 stage=warmup scheduler_success_rate=0.167
episodes 6400-6419: success_rate=0.450 mean_reward=-202.11 mean_actor_loss=0.0124 mean_kl=0.0000 stage=warmup scheduler_success_rate=0.000
episodes 6420-6439: success_rate=0.450 mean_reward=-286.60 mean_actor_loss=0.0124 mean_kl=0.0000 stage=warmup scheduler_success_rate=0.333
episodes 6440-6459: success_rate=0.200 mean_reward=-845.60 mean_actor_loss=0.0125 mean_kl=0.0001 stage=warmup scheduler_success_rate=0.000
episodes 6460-6479: success_rate=0.400 mean_reward=-721.98 mean_actor_loss=0.0125 mean_kl=0.0000 stage=warmup scheduler_success_rate=0.000
episodes 6480-6499: success_rate=0.250 mean_reward=-604.82 mean_actor_loss=0.0125 mean_kl=0.0000 stage=warmup scheduler_success_rate=0.167
episodes 6500-6519: success_rate=0.550 mean_reward=-544.06 mean_actor_loss=0.0124 mean_kl=0.0000 stage=warmup scheduler_success_rate=0.000
episodes 6520-6539: success_rate=0.250 mean_reward=-451.30 mean_actor_loss=0.0125 mean_kl=0.0000 stage=warmup scheduler_success_rate=0.167
episodes 6540-6559: success_rate=0.400 mean_reward=-338.58 mean_actor_loss=0.0124 mean_kl=0.0000 stage=warmup scheduler_success_rate=0.500
episodes 6560-6579: success_rate=0.250 mean_reward=-317.65 mean_actor_loss=0.0125 mean_kl=0.0000 stage=warmup scheduler_success_rate=0.000
episodes 6580-6599: success_rate=0.400 mean_reward=71.88 mean_actor_loss=0.0125 mean_kl=0.0000 stage=warmup scheduler_success_rate=0.333
episodes 6600-6619: success_rate=0.400 mean_reward=-515.45 mean_actor_loss=0.0125 mean_kl=0.0000 stage=warmup scheduler_success_rate=0.167
episodes 6620-6639: success_rate=0.250 mean_reward=-643.50 mean_actor_loss=0.0125 mean_kl=0.0000 stage=warmup scheduler_success_rate=0.167
episodes 6640-6659: success_rate=0.200 mean_reward=-443.07 mean_actor_loss=0.0125 mean_kl=0.0001 stage=warmup scheduler_success_rate=0.167
episodes 6660-6679: success_rate=0.250 mean_reward=-11.89 mean_actor_loss=0.0124 mean_kl=0.0000 stage=warmup scheduler_success_rate=0.333
episodes 6680-6699: success_rate=0.650 mean_reward=-225.43 mean_actor_loss=0.0124 mean_kl=0.0000 stage=warmup scheduler_success_rate=0.333
episodes 6700-6719: success_rate=0.650 mean_reward=-509.55 mean_actor_loss=0.0125 mean_kl=0.0000 stage=warmup scheduler_success_rate=0.333
episodes 6720-6739: success_rate=0.350 mean_reward=-839.25 mean_actor_loss=0.0125 mean_kl=0.0000 stage=warmup scheduler_success_rate=0.000
episodes 6740-6759: success_rate=0.500 mean_reward=-274.69 mean_actor_loss=0.0125 mean_kl=0.0000 stage=warmup scheduler_success_rate=0.333
episodes 6760-6779: success_rate=0.300 mean_reward=-250.78 mean_actor_loss=0.0125 mean_kl=0.0000 stage=warmup scheduler_success_rate=0.000
episodes 6780-6799: success_rate=0.150 mean_reward=-527.16 mean_actor_loss=0.0125 mean_kl=0.0000 stage=warmup scheduler_success_rate=0.167
episodes 6800-6819: success_rate=0.500 mean_reward=-117.17 mean_actor_loss=0.0124 mean_kl=0.0000 stage=warmup scheduler_success_rate=0.333
episodes 6820-6839: success_rate=0.250 mean_reward=-462.15 mean_actor_loss=0.0125 mean_kl=0.0000 stage=warmup scheduler_success_rate=0.167
episodes 6840-6859: success_rate=0.500 mean_reward=-492.60 mean_actor_loss=0.0125 mean_kl=0.0000 stage=warmup scheduler_success_rate=0.333
episodes 6860-6879: success_rate=0.500 mean_reward=-196.40 mean_actor_loss=0.0124 mean_kl=0.0000 stage=warmup scheduler_success_rate=0.333
episodes 6880-6899: success_rate=0.250 mean_reward=-81.34 mean_actor_loss=0.0125 mean_kl=0.0000 stage=warmup scheduler_success_rate=0.333
episodes 6900-6919: success_rate=0.500 mean_reward=-245.04 mean_actor_loss=0.0125 mean_kl=0.0000 stage=warmup scheduler_success_rate=0.333
episodes 6920-6939: success_rate=0.500 mean_reward=-70.46 mean_actor_loss=0.0124 mean_kl=0.0000 stage=warmup scheduler_success_rate=0.167
episodes 6940-6959: success_rate=0.500 mean_reward=-150.22 mean_actor_loss=0.0124 mean_kl=0.0000 stage=warmup scheduler_success_rate=0.167
episodes 6960-6979: success_rate=0.350 mean_reward=-760.82 mean_actor_loss=0.0125 mean_kl=0.0001 stage=warmup scheduler_success_rate=0.000
episodes 6980-6999: success_rate=0.350 mean_reward=-633.94 mean_actor_loss=0.0125 mean_kl=0.0000 stage=warmup scheduler_success_rate=0.000
episodes 7000-7019: success_rate=0.350 mean_reward=-631.76 mean_actor_loss=0.0125 mean_kl=0.0000 stage=warmup scheduler_success_rate=0.333
episodes 7020-7039: success_rate=0.200 mean_reward=-842.29 mean_actor_loss=0.0125 mean_kl=0.0000 stage=warmup scheduler_success_rate=0.000
episodes 7040-7059: success_rate=0.450 mean_reward=-724.38 mean_actor_loss=0.0125 mean_kl=0.0000 stage=warmup scheduler_success_rate=0.333
episodes 7060-7079: success_rate=0.400 mean_reward=-255.60 mean_actor_loss=0.0124 mean_kl=0.0000 stage=warmup scheduler_success_rate=0.667
episodes 7080-7099: success_rate=0.050 mean_reward=-603.44 mean_actor_loss=0.0125 mean_kl=0.0000 stage=warmup scheduler_success_rate=0.167
episodes 7100-7119: success_rate=0.600 mean_reward=-223.76 mean_actor_loss=0.0125 mean_kl=0.0000 stage=warmup scheduler_success_rate=0.500
episodes 7120-7139: success_rate=0.350 mean_reward=-341.10 mean_actor_loss=0.0125 mean_kl=0.0000 stage=warmup scheduler_success_rate=0.333
episodes 7140-7159: success_rate=0.250 mean_reward=-447.88 mean_actor_loss=0.0125 mean_kl=0.0000 stage=warmup scheduler_success_rate=0.167
episodes 7160-7179: success_rate=0.450 mean_reward=-360.84 mean_actor_loss=0.0124 mean_kl=0.0000 stage=warmup scheduler_success_rate=0.167
episodes 7180-7199: success_rate=0.350 mean_reward=-508.84 mean_actor_loss=0.0125 mean_kl=0.0000 stage=warmup scheduler_success_rate=0.500
episodes 7200-7219: success_rate=0.200 mean_reward=-540.66 mean_actor_loss=0.0125 mean_kl=0.0000 stage=warmup scheduler_success_rate=0.167
episodes 7220-7239: success_rate=0.350 mean_reward=-552.08 mean_actor_loss=0.0125 mean_kl=0.0000 stage=warmup scheduler_success_rate=0.000
episodes 7240-7259: success_rate=0.600 mean_reward=-359.83 mean_actor_loss=0.0124 mean_kl=0.0000 stage=warmup scheduler_success_rate=0.000
episodes 7260-7279: success_rate=0.300 mean_reward=-671.37 mean_actor_loss=0.0125 mean_kl=0.0000 stage=warmup scheduler_success_rate=0.167
episodes 7280-7299: success_rate=0.600 mean_reward=-612.40 mean_actor_loss=0.0125 mean_kl=0.0000 stage=warmup scheduler_success_rate=0.167
episodes 7300-7319: success_rate=0.300 mean_reward=-591.21 mean_actor_loss=0.0124 mean_kl=0.0000 stage=warmup scheduler_success_rate=0.000
episodes 7320-7339: success_rate=0.450 mean_reward=-361.93 mean_actor_loss=0.0124 mean_kl=0.0000 stage=warmup scheduler_success_rate=0.333
episodes 7340-7359: success_rate=0.200 mean_reward=-101.36 mean_actor_loss=0.0125 mean_kl=0.0000 stage=warmup scheduler_success_rate=0.167
episodes 7360-7379: success_rate=0.150 mean_reward=-869.04 mean_actor_loss=0.0125 mean_kl=0.0000 stage=warmup scheduler_success_rate=0.167
episodes 7380-7399: success_rate=0.300 mean_reward=-737.76 mean_actor_loss=0.0125 mean_kl=0.0000 stage=warmup scheduler_success_rate=0.167
episodes 7400-7419: success_rate=0.450 mean_reward=-618.93 mean_actor_loss=0.0124 mean_kl=0.0000 stage=warmup scheduler_success_rate=0.000
episodes 7420-7439: success_rate=0.350 mean_reward=-228.11 mean_actor_loss=0.0124 mean_kl=0.0000 stage=warmup scheduler_success_rate=0.500
episodes 7440-7459: success_rate=0.250 mean_reward=-438.50 mean_actor_loss=0.0124 mean_kl=0.0000 stage=warmup scheduler_success_rate=0.167
episodes 7460-7479: success_rate=0.400 mean_reward=-331.39 mean_actor_loss=0.0124 mean_kl=0.0000 stage=warmup scheduler_success_rate=0.167
episodes 7480-7499: success_rate=0.350 mean_reward=-52.33 mean_actor_loss=0.0124 mean_kl=0.0000 stage=warmup scheduler_success_rate=0.333
episodes 7500-7519: success_rate=0.200 mean_reward=-541.33 mean_actor_loss=0.0125 mean_kl=0.0000 stage=warmup scheduler_success_rate=0.167
episodes 7520-7539: success_rate=0.250 mean_reward=-778.76 mean_actor_loss=0.0125 mean_kl=0.0000 stage=warmup scheduler_success_rate=0.000
episodes 7540-7559: success_rate=0.250 mean_reward=-330.48 mean_actor_loss=0.0125 mean_kl=0.0000 stage=warmup scheduler_success_rate=0.167
episodes 7560-7579: success_rate=0.300 mean_reward=-601.13 mean_actor_loss=0.0125 mean_kl=0.0000 stage=warmup scheduler_success_rate=0.000
episodes 7580-7599: success_rate=0.450 mean_reward=-30.37 mean_actor_loss=0.0125 mean_kl=0.0000 stage=warmup scheduler_success_rate=0.500
episodes 7600-7619: success_rate=0.400 mean_reward=-597.23 mean_actor_loss=0.0124 mean_kl=0.0000 stage=warmup scheduler_success_rate=0.167
episodes 7620-7639: success_rate=0.350 mean_reward=-144.42 mean_actor_loss=0.0125 mean_kl=0.0000 stage=warmup scheduler_success_rate=0.333
episodes 7640-7659: success_rate=0.850 mean_reward=39.88 mean_actor_loss=0.0124 mean_kl=0.0000 stage=warmup scheduler_success_rate=0.333
episodes 7660-7679: success_rate=0.700 mean_reward=-75.82 mean_actor_loss=0.0125 mean_kl=0.0000 stage=warmup scheduler_success_rate=0.500
episodes 7680-7699: success_rate=0.400 mean_reward=-464.52 mean_actor_loss=0.0125 mean_kl=0.0000 stage=warmup scheduler_success_rate=0.167
episodes 7700-7719: success_rate=0.450 mean_reward=-614.44 mean_actor_loss=0.0125 mean_kl=0.0000 stage=warmup scheduler_success_rate=0.167
episodes 7720-7739: success_rate=0.450 mean_reward=-357.05 mean_actor_loss=0.0125 mean_kl=0.0000 stage=warmup scheduler_success_rate=0.167
episodes 7740-7759: success_rate=0.300 mean_reward=-481.45 mean_actor_loss=0.0125 mean_kl=0.0000 stage=warmup scheduler_success_rate=0.500
episodes 7760-7779: success_rate=0.350 mean_reward=-684.91 mean_actor_loss=0.0125 mean_kl=0.0000 stage=warmup scheduler_success_rate=0.167
episodes 7780-7799: success_rate=0.500 mean_reward=-619.43 mean_actor_loss=0.0124 mean_kl=0.0000 stage=warmup scheduler_success_rate=0.500
episodes 7800-7819: success_rate=0.300 mean_reward=-460.33 mean_actor_loss=0.0125 mean_kl=0.0000 stage=warmup scheduler_success_rate=0.167
episodes 7820-7839: success_rate=0.350 mean_reward=-388.70 mean_actor_loss=0.0124 mean_kl=0.0000 stage=warmup scheduler_success_rate=0.167
episodes 7840-7859: success_rate=0.500 mean_reward=-84.22 mean_actor_loss=0.0124 mean_kl=0.0000 stage=warmup scheduler_success_rate=0.333
episodes 7860-7879: success_rate=0.600 mean_reward=-46.36 mean_actor_loss=0.0125 mean_kl=0.0001 stage=intermediate scheduler_success_rate=0.000
episodes 7880-7899: success_rate=0.500 mean_reward=-38.18 mean_actor_loss=0.0125 mean_kl=0.0000 stage=warmup scheduler_success_rate=0.167
episodes 7900-7919: success_rate=0.300 mean_reward=-661.01 mean_actor_loss=0.0125 mean_kl=0.0000 stage=warmup scheduler_success_rate=0.000
episodes 7920-7939: success_rate=0.250 mean_reward=-742.78 mean_actor_loss=0.0125 mean_kl=0.0000 stage=warmup scheduler_success_rate=0.167
episodes 7940-7959: success_rate=0.400 mean_reward=-696.15 mean_actor_loss=0.0125 mean_kl=0.0000 stage=warmup scheduler_success_rate=0.167
episodes 7960-7979: success_rate=0.400 mean_reward=-548.99 mean_actor_loss=0.0125 mean_kl=0.0000 stage=warmup scheduler_success_rate=0.167
episodes 7980-7999: success_rate=0.350 mean_reward=-504.44 mean_actor_loss=0.0124 mean_kl=0.0000 stage=warmup scheduler_success_rate=0.333
episodes 8000-8019: success_rate=0.500 mean_reward=-348.75 mean_actor_loss=0.0124 mean_kl=0.0000 stage=warmup scheduler_success_rate=0.167
episodes 8020-8039: success_rate=0.450 mean_reward=-428.31 mean_actor_loss=0.0125 mean_kl=0.0000 stage=warmup scheduler_success_rate=0.000
episodes 8040-8059: success_rate=0.450 mean_reward=-134.77 mean_actor_loss=0.0125 mean_kl=0.0000 stage=warmup scheduler_success_rate=0.333
episodes 8060-8079: success_rate=0.150 mean_reward=-299.22 mean_actor_loss=0.0125 mean_kl=0.0000 stage=warmup scheduler_success_rate=0.167
episodes 8080-8099: success_rate=0.350 mean_reward=26.01 mean_actor_loss=0.0124 mean_kl=0.0000 stage=warmup scheduler_success_rate=0.000
episodes 8100-8119: success_rate=0.350 mean_reward=-65.55 mean_actor_loss=0.0125 mean_kl=0.0000 stage=warmup scheduler_success_rate=0.167
episodes 8120-8139: success_rate=0.500 mean_reward=-659.07 mean_actor_loss=0.0125 mean_kl=0.0000 stage=warmup scheduler_success_rate=0.333
episodes 8140-8159: success_rate=0.450 mean_reward=20.24 mean_actor_loss=0.0125 mean_kl=0.0000 stage=intermediate scheduler_success_rate=0.400
episodes 8160-8179: success_rate=0.650 mean_reward=-440.24 mean_actor_loss=0.0124 mean_kl=0.0000 stage=warmup scheduler_success_rate=0.500
episodes 8180-8199: success_rate=0.500 mean_reward=-189.20 mean_actor_loss=0.0124 mean_kl=0.0000 stage=warmup scheduler_success_rate=0.333
episodes 8200-8219: success_rate=0.350 mean_reward=-831.96 mean_actor_loss=0.0125 mean_kl=0.0000 stage=warmup scheduler_success_rate=0.167
episodes 8220-8239: success_rate=0.250 mean_reward=-735.38 mean_actor_loss=0.0125 mean_kl=0.0000 stage=warmup scheduler_success_rate=0.000
episodes 8240-8259: success_rate=0.650 mean_reward=-184.57 mean_actor_loss=0.0124 mean_kl=0.0000 stage=warmup scheduler_success_rate=0.333
episodes 8260-8279: success_rate=0.350 mean_reward=-398.80 mean_actor_loss=0.0124 mean_kl=0.0000 stage=warmup scheduler_success_rate=0.333
episodes 8280-8299: success_rate=0.700 mean_reward=-549.15 mean_actor_loss=0.0125 mean_kl=0.0000 stage=warmup scheduler_success_rate=0.333
episodes 8300-8319: success_rate=0.400 mean_reward=-507.54 mean_actor_loss=0.0124 mean_kl=0.0000 stage=warmup scheduler_success_rate=0.167
episodes 8320-8339: success_rate=0.300 mean_reward=-524.65 mean_actor_loss=0.0125 mean_kl=0.0000 stage=warmup scheduler_success_rate=0.000
episodes 8340-8359: success_rate=0.400 mean_reward=-405.94 mean_actor_loss=0.0124 mean_kl=0.0000 stage=warmup scheduler_success_rate=0.167
episodes 8360-8379: success_rate=0.400 mean_reward=-755.35 mean_actor_loss=0.0125 mean_kl=0.0000 stage=warmup scheduler_success_rate=0.167
episodes 8380-8399: success_rate=0.200 mean_reward=-626.79 mean_actor_loss=0.0125 mean_kl=0.0000 stage=warmup scheduler_success_rate=0.000
episodes 8400-8419: success_rate=0.300 mean_reward=-298.99 mean_actor_loss=0.0125 mean_kl=0.0000 stage=warmup scheduler_success_rate=0.167
episodes 8420-8439: success_rate=0.500 mean_reward=-894.32 mean_actor_loss=0.0124 mean_kl=0.0000 stage=warmup scheduler_success_rate=0.167
episodes 8440-8459: success_rate=0.250 mean_reward=-746.71 mean_actor_loss=0.0125 mean_kl=0.0000 stage=warmup scheduler_success_rate=0.333
episodes 8460-8479: success_rate=0.200 mean_reward=-492.57 mean_actor_loss=0.0125 mean_kl=0.0001 stage=warmup scheduler_success_rate=0.167
episodes 8480-8499: success_rate=0.300 mean_reward=-304.25 mean_actor_loss=0.0125 mean_kl=0.0000 stage=warmup scheduler_success_rate=0.500
episodes 8500-8519: success_rate=0.600 mean_reward=-387.73 mean_actor_loss=0.0125 mean_kl=0.0000 stage=intermediate scheduler_success_rate=0.500
episodes 8520-8539: success_rate=0.300 mean_reward=-451.43 mean_actor_loss=0.0125 mean_kl=0.0000 stage=warmup scheduler_success_rate=0.000
episodes 8540-8559: success_rate=0.250 mean_reward=-673.83 mean_actor_loss=0.0125 mean_kl=0.0000 stage=warmup scheduler_success_rate=0.000
episodes 8560-8579: success_rate=0.250 mean_reward=-864.12 mean_actor_loss=0.0125 mean_kl=0.0000 stage=warmup scheduler_success_rate=0.167
episodes 8580-8599: success_rate=0.400 mean_reward=-794.74 mean_actor_loss=0.0124 mean_kl=0.0000 stage=warmup scheduler_success_rate=0.167
episodes 8600-8619: success_rate=0.100 mean_reward=-1021.88 mean_actor_loss=0.0125 mean_kl=0.0000 stage=warmup scheduler_success_rate=0.167
episodes 8620-8639: success_rate=0.700 mean_reward=-385.10 mean_actor_loss=0.0124 mean_kl=0.0000 stage=warmup scheduler_success_rate=0.167
episodes 8640-8659: success_rate=0.400 mean_reward=-586.44 mean_actor_loss=0.0125 mean_kl=0.0000 stage=warmup scheduler_success_rate=0.333
episodes 8660-8679: success_rate=0.300 mean_reward=-228.38 mean_actor_loss=0.0125 mean_kl=0.0000 stage=warmup scheduler_success_rate=0.000
episodes 8680-8699: success_rate=0.300 mean_reward=-913.28 mean_actor_loss=0.0125 mean_kl=0.0000 stage=warmup scheduler_success_rate=0.000
episodes 8700-8719: success_rate=0.350 mean_reward=-578.29 mean_actor_loss=0.0125 mean_kl=0.0000 stage=warmup scheduler_success_rate=0.167
episodes 8720-8739: success_rate=0.550 mean_reward=-194.01 mean_actor_loss=0.0124 mean_kl=0.0000 stage=warmup scheduler_success_rate=0.333
episodes 8740-8759: success_rate=0.250 mean_reward=-556.63 mean_actor_loss=0.0125 mean_kl=0.0000 stage=warmup scheduler_success_rate=0.167
episodes 8760-8779: success_rate=0.650 mean_reward=65.36 mean_actor_loss=0.0124 mean_kl=0.0000 stage=intermediate scheduler_success_rate=0.000
episodes 8780-8799: success_rate=0.400 mean_reward=-353.18 mean_actor_loss=0.0125 mean_kl=0.0000 stage=warmup scheduler_success_rate=0.333
episodes 8800-8819: success_rate=0.450 mean_reward=-680.10 mean_actor_loss=0.0125 mean_kl=0.0000 stage=warmup scheduler_success_rate=0.167
episodes 8820-8839: success_rate=0.250 mean_reward=-915.37 mean_actor_loss=0.0125 mean_kl=0.0000 stage=warmup scheduler_success_rate=0.000
episodes 8840-8859: success_rate=0.250 mean_reward=-1047.70 mean_actor_loss=0.0125 mean_kl=0.0000 stage=warmup scheduler_success_rate=0.000
episodes 8860-8879: success_rate=0.200 mean_reward=-905.48 mean_actor_loss=0.0125 mean_kl=0.0000 stage=warmup scheduler_success_rate=0.167
episodes 8880-8899: success_rate=0.400 mean_reward=-547.31 mean_actor_loss=0.0125 mean_kl=0.0000 stage=warmup scheduler_success_rate=0.167
episodes 8900-8919: success_rate=0.250 mean_reward=-563.34 mean_actor_loss=0.0125 mean_kl=0.0000 stage=warmup scheduler_success_rate=0.000
episodes 8920-8939: success_rate=0.150 mean_reward=-638.31 mean_actor_loss=0.0125 mean_kl=0.0000 stage=warmup scheduler_success_rate=0.000
episodes 8940-8959: success_rate=0.250 mean_reward=-225.86 mean_actor_loss=0.0125 mean_kl=0.0000 stage=warmup scheduler_success_rate=0.333
episodes 8960-8979: success_rate=0.350 mean_reward=-222.38 mean_actor_loss=0.0124 mean_kl=0.0000 stage=warmup scheduler_success_rate=0.000
episodes 8980-8999: success_rate=0.600 mean_reward=-619.70 mean_actor_loss=0.0124 mean_kl=0.0000 stage=warmup scheduler_success_rate=0.333
episodes 9000-9019: success_rate=0.350 mean_reward=-428.28 mean_actor_loss=0.0124 mean_kl=0.0000 stage=warmup scheduler_success_rate=0.167
episodes 9020-9039: success_rate=0.350 mean_reward=-272.10 mean_actor_loss=0.0125 mean_kl=0.0000 stage=warmup scheduler_success_rate=0.167
episodes 9040-9059: success_rate=0.550 mean_reward=-657.29 mean_actor_loss=0.0124 mean_kl=0.0000 stage=warmup scheduler_success_rate=0.000
episodes 9060-9079: success_rate=0.500 mean_reward=-219.37 mean_actor_loss=0.0125 mean_kl=0.0000 stage=warmup scheduler_success_rate=0.333
episodes 9080-9099: success_rate=0.350 mean_reward=-941.29 mean_actor_loss=0.0125 mean_kl=0.0000 stage=warmup scheduler_success_rate=0.167
episodes 9100-9119: success_rate=0.450 mean_reward=-242.77 mean_actor_loss=0.0124 mean_kl=0.0000 stage=warmup scheduler_success_rate=0.167
episodes 9120-9139: success_rate=0.350 mean_reward=-262.17 mean_actor_loss=0.0124 mean_kl=0.0001 stage=warmup scheduler_success_rate=0.500
episodes 9140-9159: success_rate=0.350 mean_reward=-666.30 mean_actor_loss=0.0124 mean_kl=0.0001 stage=warmup scheduler_success_rate=0.167
episodes 9160-9179: success_rate=0.450 mean_reward=-332.17 mean_actor_loss=0.0125 mean_kl=0.0000 stage=warmup scheduler_success_rate=0.000
episodes 9180-9199: success_rate=0.250 mean_reward=-863.94 mean_actor_loss=0.0125 mean_kl=0.0000 stage=warmup scheduler_success_rate=0.167
episodes 9200-9219: success_rate=0.400 mean_reward=-614.32 mean_actor_loss=0.0124 mean_kl=0.0000 stage=warmup scheduler_success_rate=0.167
episodes 9220-9239: success_rate=0.300 mean_reward=-716.65 mean_actor_loss=0.0124 mean_kl=0.0000 stage=warmup scheduler_success_rate=0.333
episodes 9240-9259: success_rate=0.450 mean_reward=-709.96 mean_actor_loss=0.0125 mean_kl=0.0000 stage=warmup scheduler_success_rate=0.167
episodes 9260-9279: success_rate=0.250 mean_reward=-632.26 mean_actor_loss=0.0125 mean_kl=0.0000 stage=warmup scheduler_success_rate=0.000
episodes 9280-9299: success_rate=0.500 mean_reward=-213.96 mean_actor_loss=0.0124 mean_kl=0.0000 stage=warmup scheduler_success_rate=0.333
episodes 9300-9319: success_rate=0.400 mean_reward=-205.10 mean_actor_loss=0.0125 mean_kl=0.0000 stage=warmup scheduler_success_rate=0.333
episodes 9320-9339: success_rate=0.350 mean_reward=-652.80 mean_actor_loss=0.0125 mean_kl=0.0000 stage=warmup scheduler_success_rate=0.500
episodes 9340-9359: success_rate=0.450 mean_reward=-433.05 mean_actor_loss=0.0124 mean_kl=0.0000 stage=warmup scheduler_success_rate=0.167
episodes 9360-9379: success_rate=0.300 mean_reward=-735.25 mean_actor_loss=0.0125 mean_kl=0.0000 stage=warmup scheduler_success_rate=0.000
episodes 9380-9399: success_rate=0.250 mean_reward=-842.27 mean_actor_loss=0.0125 mean_kl=0.0000 stage=warmup scheduler_success_rate=0.167
episodes 9400-9419: success_rate=0.350 mean_reward=-457.91 mean_actor_loss=0.0125 mean_kl=0.0000 stage=warmup scheduler_success_rate=0.167
episodes 9420-9439: success_rate=0.200 mean_reward=-700.17 mean_actor_loss=0.0125 mean_kl=0.0000 stage=warmup scheduler_success_rate=0.167
episodes 9440-9459: success_rate=0.300 mean_reward=-709.72 mean_actor_loss=0.0125 mean_kl=0.0000 stage=warmup scheduler_success_rate=0.167
episodes 9460-9479: success_rate=0.150 mean_reward=-695.83 mean_actor_loss=0.0125 mean_kl=0.0000 stage=warmup scheduler_success_rate=0.000
episodes 9480-9499: success_rate=0.250 mean_reward=-796.85 mean_actor_loss=0.0125 mean_kl=0.0000 stage=warmup scheduler_success_rate=0.000
episodes 9500-9519: success_rate=0.300 mean_reward=-640.90 mean_actor_loss=0.0124 mean_kl=0.0000 stage=warmup scheduler_success_rate=0.167
episodes 9520-9539: success_rate=0.400 mean_reward=-893.50 mean_actor_loss=0.0125 mean_kl=0.0000 stage=warmup scheduler_success_rate=0.167
episodes 9540-9559: success_rate=0.200 mean_reward=-121.32 mean_actor_loss=0.0125 mean_kl=0.0000 stage=warmup scheduler_success_rate=0.000
episodes 9560-9579: success_rate=0.500 mean_reward=-386.13 mean_actor_loss=0.0125 mean_kl=0.0000 stage=warmup scheduler_success_rate=0.333
episodes 9580-9599: success_rate=0.150 mean_reward=-368.38 mean_actor_loss=0.0125 mean_kl=0.0000 stage=warmup scheduler_success_rate=0.000
episodes 9600-9619: success_rate=0.500 mean_reward=155.23 mean_actor_loss=0.0124 mean_kl=0.0000 stage=warmup scheduler_success_rate=0.167
episodes 9620-9639: success_rate=0.250 mean_reward=-89.86 mean_actor_loss=0.0125 mean_kl=0.0000 stage=warmup scheduler_success_rate=0.000
episodes 9640-9659: success_rate=0.450 mean_reward=-145.28 mean_actor_loss=0.0125 mean_kl=0.0000 stage=warmup scheduler_success_rate=0.167
episodes 9660-9679: success_rate=0.400 mean_reward=-615.83 mean_actor_loss=0.0125 mean_kl=0.0000 stage=warmup scheduler_success_rate=0.167
episodes 9680-9699: success_rate=0.550 mean_reward=-787.28 mean_actor_loss=0.0125 mean_kl=0.0000 stage=warmup scheduler_success_rate=0.167
episodes 9700-9719: success_rate=0.550 mean_reward=-214.01 mean_actor_loss=0.0124 mean_kl=0.0000 stage=warmup scheduler_success_rate=0.500
episodes 9720-9739: success_rate=0.450 mean_reward=-462.86 mean_actor_loss=0.0124 mean_kl=0.0000 stage=warmup scheduler_success_rate=0.000
episodes 9740-9759: success_rate=0.300 mean_reward=-472.87 mean_actor_loss=0.0125 mean_kl=0.0000 stage=warmup scheduler_success_rate=0.000
episodes 9760-9779: success_rate=0.250 mean_reward=-699.70 mean_actor_loss=0.0124 mean_kl=0.0000 stage=warmup scheduler_success_rate=0.333
episodes 9780-9799: success_rate=0.700 mean_reward=23.98 mean_actor_loss=0.0124 mean_kl=0.0000 stage=warmup scheduler_success_rate=0.500
episodes 9800-9819: success_rate=0.550 mean_reward=-227.40 mean_actor_loss=0.0124 mean_kl=0.0000 stage=warmup scheduler_success_rate=0.167
episodes 9820-9839: success_rate=0.300 mean_reward=-721.29 mean_actor_loss=0.0125 mean_kl=0.0000 stage=warmup scheduler_success_rate=0.167
episodes 9840-9859: success_rate=0.650 mean_reward=-477.98 mean_actor_loss=0.0124 mean_kl=0.0000 stage=warmup scheduler_success_rate=0.500
episodes 9860-9879: success_rate=0.200 mean_reward=-622.58 mean_actor_loss=0.0125 mean_kl=0.0000 stage=warmup scheduler_success_rate=0.167
episodes 9880-9899: success_rate=0.200 mean_reward=-763.55 mean_actor_loss=0.0125 mean_kl=0.0000 stage=warmup scheduler_success_rate=0.167
episodes 9900-9919: success_rate=0.100 mean_reward=-639.44 mean_actor_loss=0.0125 mean_kl=0.0000 stage=warmup scheduler_success_rate=0.167
episodes 9920-9939: success_rate=0.350 mean_reward=-557.54 mean_actor_loss=0.0125 mean_kl=0.0000 stage=warmup scheduler_success_rate=0.333
episodes 9940-9959: success_rate=0.300 mean_reward=-576.93 mean_actor_loss=0.0125 mean_kl=0.0000 stage=warmup scheduler_success_rate=0.167
episodes 9960-9979: success_rate=0.450 mean_reward=-767.46 mean_actor_loss=0.0125 mean_kl=0.0000 stage=warmup scheduler_success_rate=0.167
episodes 9980-9999: success_rate=0.400 mean_reward=-296.23 mean_actor_loss=0.0124 mean_kl=0.0000 stage=warmup scheduler_success_rate=0.333
episodes 10000-10019: success_rate=0.400 mean_reward=-953.03 mean_actor_loss=0.0124 mean_kl=0.0000 stage=warmup scheduler_success_rate=0.167
episodes 10020-10039: success_rate=0.250 mean_reward=-907.94 mean_actor_loss=0.0125 mean_kl=0.0000 stage=warmup scheduler_success_rate=0.167
episodes 10040-10059: success_rate=0.300 mean_reward=-467.12 mean_actor_loss=0.0125 mean_kl=0.0000 stage=warmup scheduler_success_rate=0.167
episodes 10060-10079: success_rate=0.100 mean_reward=-447.69 mean_actor_loss=0.0125 mean_kl=0.0000 stage=warmup scheduler_success_rate=0.167
episodes 10080-10099: success_rate=0.350 mean_reward=-479.95 mean_actor_loss=0.0125 mean_kl=0.0000 stage=warmup scheduler_success_rate=0.333
episodes 10100-10119: success_rate=0.600 mean_reward=-422.48 mean_actor_loss=0.0124 mean_kl=0.0000 stage=warmup scheduler_success_rate=0.167
episodes 10120-10139: success_rate=0.150 mean_reward=-938.41 mean_actor_loss=0.0125 mean_kl=0.0000 stage=warmup scheduler_success_rate=0.000
episodes 10140-10159: success_rate=0.200 mean_reward=-804.74 mean_actor_loss=0.0125 mean_kl=0.0000 stage=warmup scheduler_success_rate=0.167
episodes 10160-10179: success_rate=0.350 mean_reward=-574.08 mean_actor_loss=0.0124 mean_kl=0.0000 stage=warmup scheduler_success_rate=0.333
episodes 10180-10199: success_rate=0.450 mean_reward=-605.57 mean_actor_loss=0.0125 mean_kl=0.0001 stage=warmup scheduler_success_rate=0.167
episodes 10200-10219: success_rate=0.350 mean_reward=-751.73 mean_actor_loss=0.0125 mean_kl=0.0000 stage=warmup scheduler_success_rate=0.000
episodes 10220-10239: success_rate=0.350 mean_reward=-627.83 mean_actor_loss=0.0125 mean_kl=0.0000 stage=warmup scheduler_success_rate=0.167
episodes 10240-10259: success_rate=0.300 mean_reward=-576.24 mean_actor_loss=0.0125 mean_kl=0.0000 stage=warmup scheduler_success_rate=0.167
episodes 10260-10279: success_rate=0.550 mean_reward=-750.31 mean_actor_loss=0.0124 mean_kl=0.0000 stage=warmup scheduler_success_rate=0.167
episodes 10280-10299: success_rate=0.450 mean_reward=-529.73 mean_actor_loss=0.0124 mean_kl=0.0000 stage=warmup scheduler_success_rate=0.167
episodes 10300-10319: success_rate=0.500 mean_reward=-472.31 mean_actor_loss=0.0124 mean_kl=0.0000 stage=warmup scheduler_success_rate=0.333
episodes 10320-10339: success_rate=0.450 mean_reward=-399.48 mean_actor_loss=0.0124 mean_kl=0.0000 stage=warmup scheduler_success_rate=0.667
episodes 10340-10359: success_rate=0.250 mean_reward=-717.85 mean_actor_loss=0.0125 mean_kl=0.0000 stage=warmup scheduler_success_rate=0.167
episodes 10360-10379: success_rate=0.200 mean_reward=-136.55 mean_actor_loss=0.0125 mean_kl=0.0000 stage=warmup scheduler_success_rate=0.167
episodes 10380-10399: success_rate=0.550 mean_reward=-691.46 mean_actor_loss=0.0125 mean_kl=0.0000 stage=warmup scheduler_success_rate=0.167
episodes 10400-10419: success_rate=0.400 mean_reward=-422.40 mean_actor_loss=0.0125 mean_kl=0.0000 stage=warmup scheduler_success_rate=0.333
episodes 10420-10439: success_rate=0.350 mean_reward=-518.07 mean_actor_loss=0.0125 mean_kl=0.0000 stage=warmup scheduler_success_rate=0.000
episodes 10440-10459: success_rate=0.350 mean_reward=-466.47 mean_actor_loss=0.0124 mean_kl=0.0000 stage=warmup scheduler_success_rate=0.000
episodes 10460-10479: success_rate=0.550 mean_reward=-482.63 mean_actor_loss=0.0125 mean_kl=0.0000 stage=warmup scheduler_success_rate=0.500
episodes 10480-10499: success_rate=0.350 mean_reward=-619.03 mean_actor_loss=0.0124 mean_kl=0.0000 stage=warmup scheduler_success_rate=0.167
episodes 10500-10519: success_rate=0.400 mean_reward=-244.76 mean_actor_loss=0.0124 mean_kl=0.0000 stage=warmup scheduler_success_rate=0.167
episodes 10520-10539: success_rate=0.300 mean_reward=-841.73 mean_actor_loss=0.0124 mean_kl=0.0000 stage=warmup scheduler_success_rate=0.167
episodes 10540-10559: success_rate=0.150 mean_reward=-721.13 mean_actor_loss=0.0125 mean_kl=0.0000 stage=warmup scheduler_success_rate=0.000
episodes 10560-10579: success_rate=0.400 mean_reward=-625.26 mean_actor_loss=0.0124 mean_kl=0.0001 stage=warmup scheduler_success_rate=0.167
episodes 10580-10599: success_rate=0.400 mean_reward=-445.77 mean_actor_loss=0.0125 mean_kl=0.0000 stage=warmup scheduler_success_rate=0.167
episodes 10600-10619: success_rate=0.350 mean_reward=-748.52 mean_actor_loss=0.0125 mean_kl=0.0000 stage=warmup scheduler_success_rate=0.000
episodes 10620-10639: success_rate=0.400 mean_reward=-703.26 mean_actor_loss=0.0125 mean_kl=0.0000 stage=warmup scheduler_success_rate=0.333
episodes 10640-10659: success_rate=0.450 mean_reward=-499.45 mean_actor_loss=0.0124 mean_kl=0.0000 stage=warmup scheduler_success_rate=0.000
episodes 10660-10679: success_rate=0.350 mean_reward=-1145.58 mean_actor_loss=0.0125 mean_kl=0.0000 stage=warmup scheduler_success_rate=0.000
episodes 10680-10699: success_rate=0.250 mean_reward=-780.49 mean_actor_loss=0.0125 mean_kl=0.0000 stage=warmup scheduler_success_rate=0.167
episodes 10700-10719: success_rate=0.300 mean_reward=-596.48 mean_actor_loss=0.0125 mean_kl=0.0000 stage=warmup scheduler_success_rate=0.333
episodes 10720-10739: success_rate=0.300 mean_reward=-663.20 mean_actor_loss=0.0124 mean_kl=0.0000 stage=warmup scheduler_success_rate=0.167
episodes 10740-10759: success_rate=0.350 mean_reward=-626.98 mean_actor_loss=0.0125 mean_kl=0.0000 stage=warmup scheduler_success_rate=0.000
episodes 10760-10779: success_rate=0.400 mean_reward=-82.10 mean_actor_loss=0.0124 mean_kl=0.0000 stage=warmup scheduler_success_rate=0.500
episodes 10780-10799: success_rate=0.400 mean_reward=-575.02 mean_actor_loss=0.0124 mean_kl=0.0000 stage=warmup scheduler_success_rate=0.167
episodes 10800-10819: success_rate=0.150 mean_reward=-914.31 mean_actor_loss=0.0125 mean_kl=0.0000 stage=warmup scheduler_success_rate=0.000
episodes 10820-10839: success_rate=0.550 mean_reward=-345.03 mean_actor_loss=0.0124 mean_kl=0.0000 stage=warmup scheduler_success_rate=0.333
episodes 10840-10859: success_rate=0.250 mean_reward=-585.28 mean_actor_loss=0.0125 mean_kl=0.0000 stage=warmup scheduler_success_rate=0.167
episodes 10860-10879: success_rate=0.300 mean_reward=-884.05 mean_actor_loss=0.0125 mean_kl=0.0000 stage=warmup scheduler_success_rate=0.000
episodes 10880-10899: success_rate=0.550 mean_reward=-541.54 mean_actor_loss=0.0125 mean_kl=0.0000 stage=warmup scheduler_success_rate=0.000
episodes 10900-10919: success_rate=0.500 mean_reward=-526.23 mean_actor_loss=0.0124 mean_kl=0.0000 stage=warmup scheduler_success_rate=0.000
episodes 10920-10939: success_rate=0.300 mean_reward=-683.67 mean_actor_loss=0.0125 mean_kl=0.0000 stage=warmup scheduler_success_rate=0.000
episodes 10940-10959: success_rate=0.250 mean_reward=-359.46 mean_actor_loss=0.0125 mean_kl=0.0000 stage=warmup scheduler_success_rate=0.167
episodes 10960-10979: success_rate=0.100 mean_reward=-596.82 mean_actor_loss=0.0125 mean_kl=0.0000 stage=warmup scheduler_success_rate=0.000
episodes 10980-10999: success_rate=0.450 mean_reward=-487.24 mean_actor_loss=0.0125 mean_kl=0.0000 stage=warmup scheduler_success_rate=0.167
episodes 11000-11019: success_rate=0.150 mean_reward=-705.23 mean_actor_loss=0.0125 mean_kl=0.0000 stage=warmup scheduler_success_rate=0.167
episodes 11020-11039: success_rate=0.400 mean_reward=-588.27 mean_actor_loss=0.0124 mean_kl=0.0000 stage=warmup scheduler_success_rate=0.167
episodes 11040-11059: success_rate=0.350 mean_reward=-656.79 mean_actor_loss=0.0124 mean_kl=0.0000 stage=warmup scheduler_success_rate=0.167
episodes 11060-11079: success_rate=0.250 mean_reward=-438.05 mean_actor_loss=0.0124 mean_kl=0.0000 stage=warmup scheduler_success_rate=0.000
episodes 11080-11099: success_rate=0.250 mean_reward=-610.87 mean_actor_loss=0.0125 mean_kl=0.0000 stage=warmup scheduler_success_rate=0.167
episodes 11100-11119: success_rate=0.250 mean_reward=-897.45 mean_actor_loss=0.0125 mean_kl=0.0000 stage=warmup scheduler_success_rate=0.167
episodes 11120-11139: success_rate=0.250 mean_reward=-683.55 mean_actor_loss=0.0125 mean_kl=0.0000 stage=warmup scheduler_success_rate=0.000
episodes 11140-11159: success_rate=0.250 mean_reward=-570.20 mean_actor_loss=0.0125 mean_kl=0.0000 stage=warmup scheduler_success_rate=0.167
episodes 11160-11179: success_rate=0.400 mean_reward=-280.14 mean_actor_loss=0.0125 mean_kl=0.0000 stage=warmup scheduler_success_rate=0.167
episodes 11180-11199: success_rate=0.150 mean_reward=-713.61 mean_actor_loss=0.0125 mean_kl=0.0001 stage=warmup scheduler_success_rate=0.167
episodes 11200-11219: success_rate=0.250 mean_reward=-486.49 mean_actor_loss=0.0125 mean_kl=0.0000 stage=warmup scheduler_success_rate=0.000
episodes 11220-11239: success_rate=0.400 mean_reward=-409.30 mean_actor_loss=0.0125 mean_kl=0.0000 stage=warmup scheduler_success_rate=0.167
episodes 11240-11259: success_rate=0.400 mean_reward=-1197.90 mean_actor_loss=0.0125 mean_kl=0.0000 stage=warmup scheduler_success_rate=0.167
episodes 11260-11279: success_rate=0.250 mean_reward=-790.30 mean_actor_loss=0.0125 mean_kl=0.0000 stage=warmup scheduler_success_rate=0.000
episodes 11280-11299: success_rate=0.500 mean_reward=-561.46 mean_actor_loss=0.0125 mean_kl=0.0001 stage=warmup scheduler_success_rate=0.167
episodes 11300-11319: success_rate=0.200 mean_reward=-1213.49 mean_actor_loss=0.0125 mean_kl=0.0000 stage=warmup scheduler_success_rate=0.000
episodes 11320-11339: success_rate=0.400 mean_reward=-990.82 mean_actor_loss=0.0124 mean_kl=0.0000 stage=warmup scheduler_success_rate=0.167
episodes 11340-11359: success_rate=0.450 mean_reward=-649.81 mean_actor_loss=0.0125 mean_kl=0.0000 stage=warmup scheduler_success_rate=0.000
episodes 11360-11379: success_rate=0.150 mean_reward=-892.90 mean_actor_loss=0.0125 mean_kl=0.0000 stage=warmup scheduler_success_rate=0.000
episodes 11380-11399: success_rate=0.500 mean_reward=-570.50 mean_actor_loss=0.0125 mean_kl=0.0000 stage=warmup scheduler_success_rate=0.667
episodes 11400-11419: success_rate=0.350 mean_reward=-604.26 mean_actor_loss=0.0125 mean_kl=0.0000 stage=warmup scheduler_success_rate=0.000
episodes 11420-11439: success_rate=0.300 mean_reward=-162.00 mean_actor_loss=0.0125 mean_kl=0.0000 stage=warmup scheduler_success_rate=0.333
episodes 11440-11459: success_rate=0.600 mean_reward=-53.49 mean_actor_loss=0.0124 mean_kl=0.0000 stage=warmup scheduler_success_rate=0.333
episodes 11460-11479: success_rate=0.600 mean_reward=-385.22 mean_actor_loss=0.0125 mean_kl=0.0000 stage=warmup scheduler_success_rate=0.333
episodes 11480-11499: success_rate=0.300 mean_reward=-468.14 mean_actor_loss=0.0125 mean_kl=0.0000 stage=warmup scheduler_success_rate=0.000
episodes 11500-11519: success_rate=0.650 mean_reward=-56.56 mean_actor_loss=0.0124 mean_kl=0.0000 stage=warmup scheduler_success_rate=0.167
episodes 11520-11539: success_rate=0.400 mean_reward=-218.06 mean_actor_loss=0.0124 mean_kl=0.0000 stage=warmup scheduler_success_rate=0.000
episodes 11540-11559: success_rate=0.350 mean_reward=-429.18 mean_actor_loss=0.0125 mean_kl=0.0000 stage=warmup scheduler_success_rate=0.167
episodes 11560-11579: success_rate=0.300 mean_reward=-742.49 mean_actor_loss=0.0125 mean_kl=0.0000 stage=warmup scheduler_success_rate=0.167
episodes 11580-11599: success_rate=0.300 mean_reward=-1084.41 mean_actor_loss=0.0125 mean_kl=0.0000 stage=warmup scheduler_success_rate=0.000
episodes 11600-11619: success_rate=0.100 mean_reward=-681.23 mean_actor_loss=0.0125 mean_kl=0.0000 stage=warmup scheduler_success_rate=0.167
episodes 11620-11639: success_rate=0.300 mean_reward=-370.40 mean_actor_loss=0.0125 mean_kl=0.0000 stage=warmup scheduler_success_rate=0.167
episodes 11640-11659: success_rate=0.400 mean_reward=-617.11 mean_actor_loss=0.0125 mean_kl=0.0000 stage=warmup scheduler_success_rate=0.167
episodes 11660-11679: success_rate=0.350 mean_reward=-255.84 mean_actor_loss=0.0124 mean_kl=0.0000 stage=warmup scheduler_success_rate=0.167
episodes 11680-11699: success_rate=0.600 mean_reward=-486.46 mean_actor_loss=0.0124 mean_kl=0.0000 stage=warmup scheduler_success_rate=0.333
episodes 11700-11719: success_rate=0.250 mean_reward=-710.05 mean_actor_loss=0.0124 mean_kl=0.0000 stage=warmup scheduler_success_rate=0.000
episodes 11720-11739: success_rate=0.550 mean_reward=-622.51 mean_actor_loss=0.0124 mean_kl=0.0000 stage=warmup scheduler_success_rate=0.333
episodes 11740-11759: success_rate=0.450 mean_reward=-468.82 mean_actor_loss=0.0125 mean_kl=0.0000 stage=warmup scheduler_success_rate=0.500
episodes 11760-11779: success_rate=0.200 mean_reward=-340.38 mean_actor_loss=0.0125 mean_kl=0.0000 stage=warmup scheduler_success_rate=0.167
episodes 11780-11799: success_rate=0.550 mean_reward=-58.75 mean_actor_loss=0.0124 mean_kl=0.0000 stage=warmup scheduler_success_rate=0.333
episodes 11800-11819: success_rate=0.300 mean_reward=-293.05 mean_actor_loss=0.0125 mean_kl=0.0000 stage=warmup scheduler_success_rate=0.167
episodes 11820-11839: success_rate=0.350 mean_reward=-318.14 mean_actor_loss=0.0125 mean_kl=0.0000 stage=warmup scheduler_success_rate=0.167
episodes 11840-11859: success_rate=0.350 mean_reward=-393.26 mean_actor_loss=0.0125 mean_kl=0.0000 stage=warmup scheduler_success_rate=0.500
episodes 11860-11879: success_rate=0.400 mean_reward=-158.93 mean_actor_loss=0.0124 mean_kl=0.0000 stage=warmup scheduler_success_rate=0.500
episodes 11880-11899: success_rate=0.250 mean_reward=-632.79 mean_actor_loss=0.0125 mean_kl=0.0000 stage=warmup scheduler_success_rate=0.000
episodes 11900-11919: success_rate=0.400 mean_reward=-721.45 mean_actor_loss=0.0124 mean_kl=0.0000 stage=warmup scheduler_success_rate=0.167
episodes 11920-11939: success_rate=0.250 mean_reward=-347.97 mean_actor_loss=0.0125 mean_kl=0.0000 stage=warmup scheduler_success_rate=0.333
episodes 11940-11959: success_rate=0.500 mean_reward=-428.85 mean_actor_loss=0.0124 mean_kl=0.0000 stage=warmup scheduler_success_rate=0.167
episodes 11960-11979: success_rate=0.250 mean_reward=-680.59 mean_actor_loss=0.0125 mean_kl=0.0000 stage=warmup scheduler_success_rate=0.167
episodes 11980-11999: success_rate=0.500 mean_reward=-293.75 mean_actor_loss=0.0124 mean_kl=0.0001 stage=warmup scheduler_success_rate=0.500
episodes 12000-12019: success_rate=0.300 mean_reward=-559.74 mean_actor_loss=0.0124 mean_kl=0.0000 stage=warmup scheduler_success_rate=0.000
episodes 12020-12039: success_rate=0.600 mean_reward=-329.84 mean_actor_loss=0.0124 mean_kl=0.0000 stage=intermediate scheduler_success_rate=0.000
episodes 12040-12059: success_rate=0.400 mean_reward=-587.27 mean_actor_loss=0.0125 mean_kl=0.0000 stage=warmup scheduler_success_rate=0.000
episodes 12060-12079: success_rate=0.550 mean_reward=-448.11 mean_actor_loss=0.0124 mean_kl=0.0000 stage=warmup scheduler_success_rate=0.500
episodes 12080-12099: success_rate=0.350 mean_reward=-791.56 mean_actor_loss=0.0124 mean_kl=0.0000 stage=warmup scheduler_success_rate=0.000
episodes 12100-12119: success_rate=0.450 mean_reward=-150.42 mean_actor_loss=0.0125 mean_kl=0.0000 stage=warmup scheduler_success_rate=0.167
episodes 12120-12139: success_rate=0.400 mean_reward=-623.81 mean_actor_loss=0.0125 mean_kl=0.0000 stage=warmup scheduler_success_rate=0.000
episodes 12140-12159: success_rate=0.300 mean_reward=-750.37 mean_actor_loss=0.0125 mean_kl=0.0000 stage=warmup scheduler_success_rate=0.333
episodes 12160-12179: success_rate=0.450 mean_reward=-646.62 mean_actor_loss=0.0124 mean_kl=0.0001 stage=intermediate scheduler_success_rate=0.000
episodes 12180-12199: success_rate=0.400 mean_reward=-920.09 mean_actor_loss=0.0125 mean_kl=0.0000 stage=warmup scheduler_success_rate=0.167
episodes 12200-12219: success_rate=0.500 mean_reward=-591.93 mean_actor_loss=0.0124 mean_kl=0.0000 stage=warmup scheduler_success_rate=0.000
episodes 12220-12239: success_rate=0.450 mean_reward=-279.13 mean_actor_loss=0.0124 mean_kl=0.0001 stage=warmup scheduler_success_rate=0.167
episodes 12240-12259: success_rate=0.300 mean_reward=-135.56 mean_actor_loss=0.0124 mean_kl=0.0000 stage=warmup scheduler_success_rate=0.167
episodes 12260-12279: success_rate=0.350 mean_reward=-248.01 mean_actor_loss=0.0125 mean_kl=0.0000 stage=warmup scheduler_success_rate=0.000
episodes 12280-12299: success_rate=0.450 mean_reward=-849.85 mean_actor_loss=0.0125 mean_kl=0.0000 stage=warmup scheduler_success_rate=0.000
episodes 12300-12319: success_rate=0.400 mean_reward=-498.61 mean_actor_loss=0.0124 mean_kl=0.0000 stage=warmup scheduler_success_rate=0.250
episodes 12320-12339: success_rate=0.200 mean_reward=-409.80 mean_actor_loss=0.0125 mean_kl=0.0000 stage=warmup scheduler_success_rate=0.000
episodes 12340-12359: success_rate=0.250 mean_reward=-806.14 mean_actor_loss=0.0125 mean_kl=0.0000 stage=warmup scheduler_success_rate=0.167
episodes 12360-12379: success_rate=0.500 mean_reward=-227.19 mean_actor_loss=0.0124 mean_kl=0.0000 stage=warmup scheduler_success_rate=0.333
episodes 12380-12399: success_rate=0.400 mean_reward=-732.19 mean_actor_loss=0.0125 mean_kl=0.0000 stage=warmup scheduler_success_rate=0.167
episodes 12400-12419: success_rate=0.550 mean_reward=-424.12 mean_actor_loss=0.0124 mean_kl=0.0000 stage=warmup scheduler_success_rate=0.333
episodes 12420-12439: success_rate=0.300 mean_reward=-599.64 mean_actor_loss=0.0124 mean_kl=0.0000 stage=warmup scheduler_success_rate=0.000
episodes 12440-12459: success_rate=0.400 mean_reward=-549.33 mean_actor_loss=0.0124 mean_kl=0.0000 stage=warmup scheduler_success_rate=0.167
episodes 12460-12479: success_rate=0.450 mean_reward=-991.42 mean_actor_loss=0.0124 mean_kl=0.0000 stage=warmup scheduler_success_rate=0.167
episodes 12480-12499: success_rate=0.250 mean_reward=-332.62 mean_actor_loss=0.0125 mean_kl=0.0000 stage=warmup scheduler_success_rate=0.167
episodes 12500-12519: success_rate=0.400 mean_reward=-366.34 mean_actor_loss=0.0125 mean_kl=0.0000 stage=warmup scheduler_success_rate=0.167
episodes 12520-12539: success_rate=0.250 mean_reward=-850.14 mean_actor_loss=0.0125 mean_kl=0.0000 stage=warmup scheduler_success_rate=0.333
episodes 12540-12559: success_rate=0.550 mean_reward=-650.32 mean_actor_loss=0.0125 mean_kl=0.0000 stage=warmup scheduler_success_rate=0.500
episodes 12560-12579: success_rate=0.250 mean_reward=-514.48 mean_actor_loss=0.0125 mean_kl=0.0000 stage=warmup scheduler_success_rate=0.167
episodes 12580-12599: success_rate=0.450 mean_reward=-473.61 mean_actor_loss=0.0125 mean_kl=0.0000 stage=warmup scheduler_success_rate=0.333
episodes 12600-12619: success_rate=0.250 mean_reward=-972.11 mean_actor_loss=0.0125 mean_kl=0.0000 stage=warmup scheduler_success_rate=0.167
episodes 12620-12639: success_rate=0.450 mean_reward=-681.40 mean_actor_loss=0.0124 mean_kl=0.0000 stage=warmup scheduler_success_rate=0.000
episodes 12640-12659: success_rate=0.450 mean_reward=-510.35 mean_actor_loss=0.0124 mean_kl=0.0001 stage=warmup scheduler_success_rate=0.000
episodes 12660-12679: success_rate=0.350 mean_reward=-173.87 mean_actor_loss=0.0124 mean_kl=0.0000 stage=warmup scheduler_success_rate=0.500
episodes 12680-12699: success_rate=0.450 mean_reward=-533.29 mean_actor_loss=0.0124 mean_kl=0.0000 stage=warmup scheduler_success_rate=0.167
episodes 12700-12719: success_rate=0.350 mean_reward=-625.51 mean_actor_loss=0.0124 mean_kl=0.0000 stage=warmup scheduler_success_rate=0.167
episodes 12720-12739: success_rate=0.400 mean_reward=-287.14 mean_actor_loss=0.0124 mean_kl=0.0000 stage=warmup scheduler_success_rate=0.000
episodes 12740-12759: success_rate=0.550 mean_reward=-88.90 mean_actor_loss=0.0124 mean_kl=0.0000 stage=warmup scheduler_success_rate=0.333
episodes 12760-12779: success_rate=0.200 mean_reward=-884.86 mean_actor_loss=0.0125 mean_kl=0.0000 stage=warmup scheduler_success_rate=0.000
episodes 12780-12799: success_rate=0.350 mean_reward=-518.76 mean_actor_loss=0.0124 mean_kl=0.0000 stage=warmup scheduler_success_rate=0.500
episodes 12800-12819: success_rate=0.350 mean_reward=-515.31 mean_actor_loss=0.0124 mean_kl=0.0000 stage=warmup scheduler_success_rate=0.167
episodes 12820-12839: success_rate=0.250 mean_reward=-535.39 mean_actor_loss=0.0125 mean_kl=0.0000 stage=warmup scheduler_success_rate=0.167
episodes 12840-12859: success_rate=0.650 mean_reward=-53.16 mean_actor_loss=0.0124 mean_kl=0.0000 stage=warmup scheduler_success_rate=0.667
episodes 12860-12879: success_rate=0.250 mean_reward=-553.94 mean_actor_loss=0.0125 mean_kl=0.0000 stage=warmup scheduler_success_rate=0.000
episodes 12880-12899: success_rate=0.300 mean_reward=-646.31 mean_actor_loss=0.0124 mean_kl=0.0000 stage=warmup scheduler_success_rate=0.333
episodes 12900-12919: success_rate=0.400 mean_reward=-209.12 mean_actor_loss=0.0125 mean_kl=0.0000 stage=warmup scheduler_success_rate=0.333
episodes 12920-12939: success_rate=0.250 mean_reward=-600.06 mean_actor_loss=0.0125 mean_kl=0.0000 stage=warmup scheduler_success_rate=0.167
episodes 12940-12959: success_rate=0.400 mean_reward=-652.09 mean_actor_loss=0.0124 mean_kl=0.0000 stage=warmup scheduler_success_rate=0.500
episodes 12960-12979: success_rate=0.550 mean_reward=-424.59 mean_actor_loss=0.0124 mean_kl=0.0000 stage=warmup scheduler_success_rate=0.000
episodes 12980-12999: success_rate=0.600 mean_reward=-270.88 mean_actor_loss=0.0124 mean_kl=0.0000 stage=warmup scheduler_success_rate=0.167
episodes 13000-13019: success_rate=0.450 mean_reward=4.13 mean_actor_loss=0.0125 mean_kl=0.0001 stage=warmup scheduler_success_rate=0.167
episodes 13020-13039: success_rate=0.600 mean_reward=-350.68 mean_actor_loss=0.0124 mean_kl=0.0000 stage=warmup scheduler_success_rate=0.000
episodes 13040-13059: success_rate=0.400 mean_reward=-642.71 mean_actor_loss=0.0125 mean_kl=0.0000 stage=warmup scheduler_success_rate=0.000
episodes 13060-13079: success_rate=0.500 mean_reward=-409.08 mean_actor_loss=0.0125 mean_kl=0.0000 stage=warmup scheduler_success_rate=0.167
episodes 13080-13099: success_rate=0.550 mean_reward=-265.90 mean_actor_loss=0.0124 mean_kl=0.0000 stage=warmup scheduler_success_rate=0.167
episodes 13100-13119: success_rate=0.350 mean_reward=-291.87 mean_actor_loss=0.0124 mean_kl=0.0001 stage=warmup scheduler_success_rate=0.333
episodes 13120-13139: success_rate=0.300 mean_reward=-571.17 mean_actor_loss=0.0125 mean_kl=0.0000 stage=warmup scheduler_success_rate=0.000
episodes 13140-13159: success_rate=0.400 mean_reward=-288.21 mean_actor_loss=0.0124 mean_kl=0.0000 stage=warmup scheduler_success_rate=0.333
episodes 13160-13179: success_rate=0.250 mean_reward=-955.96 mean_actor_loss=0.0124 mean_kl=0.0000 stage=warmup scheduler_success_rate=0.167
episodes 13180-13199: success_rate=0.450 mean_reward=-388.52 mean_actor_loss=0.0124 mean_kl=0.0000 stage=warmup scheduler_success_rate=0.333
episodes 13200-13219: success_rate=0.400 mean_reward=-572.69 mean_actor_loss=0.0125 mean_kl=0.0000 stage=warmup scheduler_success_rate=0.167
episodes 13220-13239: success_rate=0.400 mean_reward=-531.49 mean_actor_loss=0.0124 mean_kl=0.0000 stage=warmup scheduler_success_rate=0.000
episodes 13240-13259: success_rate=0.200 mean_reward=-785.63 mean_actor_loss=0.0125 mean_kl=0.0000 stage=warmup scheduler_success_rate=0.000
episodes 13260-13279: success_rate=0.350 mean_reward=-382.11 mean_actor_loss=0.0125 mean_kl=0.0000 stage=warmup scheduler_success_rate=0.167
episodes 13280-13299: success_rate=0.150 mean_reward=-570.46 mean_actor_loss=0.0125 mean_kl=0.0000 stage=warmup scheduler_success_rate=0.167
episodes 13300-13319: success_rate=0.350 mean_reward=-1028.44 mean_actor_loss=0.0125 mean_kl=0.0000 stage=warmup scheduler_success_rate=0.167
episodes 13320-13339: success_rate=0.300 mean_reward=-509.56 mean_actor_loss=0.0125 mean_kl=0.0000 stage=warmup scheduler_success_rate=0.000
episodes 13340-13359: success_rate=0.300 mean_reward=-592.54 mean_actor_loss=0.0125 mean_kl=0.0000 stage=warmup scheduler_success_rate=0.333
episodes 13360-13379: success_rate=0.300 mean_reward=-509.03 mean_actor_loss=0.0124 mean_kl=0.0000 stage=warmup scheduler_success_rate=0.000
episodes 13380-13399: success_rate=0.250 mean_reward=-353.37 mean_actor_loss=0.0125 mean_kl=0.0000 stage=warmup scheduler_success_rate=0.167
episodes 13400-13419: success_rate=0.400 mean_reward=-502.27 mean_actor_loss=0.0125 mean_kl=0.0000 stage=warmup scheduler_success_rate=0.333
episodes 13420-13439: success_rate=0.300 mean_reward=-708.58 mean_actor_loss=0.0125 mean_kl=0.0000 stage=warmup scheduler_success_rate=0.333
episodes 13440-13459: success_rate=0.150 mean_reward=-1035.59 mean_actor_loss=0.0125 mean_kl=0.0000 stage=warmup scheduler_success_rate=0.333
episodes 13460-13479: success_rate=0.100 mean_reward=-546.08 mean_actor_loss=0.0125 mean_kl=0.0000 stage=warmup scheduler_success_rate=0.167
episodes 13480-13499: success_rate=0.350 mean_reward=-454.81 mean_actor_loss=0.0125 mean_kl=0.0000 stage=warmup scheduler_success_rate=0.000
episodes 13500-13519: success_rate=0.150 mean_reward=-778.00 mean_actor_loss=0.0125 mean_kl=0.0000 stage=warmup scheduler_success_rate=0.167
episodes 13520-13539: success_rate=0.450 mean_reward=-729.12 mean_actor_loss=0.0125 mean_kl=0.0000 stage=warmup scheduler_success_rate=0.000
episodes 13540-13559: success_rate=0.550 mean_reward=-319.37 mean_actor_loss=0.0124 mean_kl=0.0000 stage=warmup scheduler_success_rate=0.167
episodes 13560-13579: success_rate=0.450 mean_reward=-477.86 mean_actor_loss=0.0124 mean_kl=0.0000 stage=warmup scheduler_success_rate=0.000
episodes 13580-13599: success_rate=0.550 mean_reward=-722.49 mean_actor_loss=0.0124 mean_kl=0.0000 stage=warmup scheduler_success_rate=0.333
episodes 13600-13619: success_rate=0.600 mean_reward=-492.54 mean_actor_loss=0.0124 mean_kl=0.0000 stage=warmup scheduler_success_rate=0.167
episodes 13620-13639: success_rate=0.400 mean_reward=-573.14 mean_actor_loss=0.0125 mean_kl=0.0000 stage=warmup scheduler_success_rate=0.333
episodes 13640-13659: success_rate=0.300 mean_reward=-233.79 mean_actor_loss=0.0124 mean_kl=0.0000 stage=warmup scheduler_success_rate=0.667
episodes 13660-13679: success_rate=0.200 mean_reward=-563.40 mean_actor_loss=0.0125 mean_kl=0.0000 stage=warmup scheduler_success_rate=0.167
episodes 13680-13699: success_rate=0.250 mean_reward=-443.91 mean_actor_loss=0.0125 mean_kl=0.0000 stage=warmup scheduler_success_rate=0.167
episodes 13700-13719: success_rate=0.500 mean_reward=-55.71 mean_actor_loss=0.0124 mean_kl=0.0001 stage=intermediate scheduler_success_rate=0.500
episodes 13720-13739: success_rate=0.350 mean_reward=-199.20 mean_actor_loss=0.0125 mean_kl=0.0000 stage=warmup scheduler_success_rate=0.500
episodes 13740-13759: success_rate=0.450 mean_reward=-265.87 mean_actor_loss=0.0125 mean_kl=0.0000 stage=warmup scheduler_success_rate=0.333
episodes 13760-13779: success_rate=0.400 mean_reward=-300.28 mean_actor_loss=0.0124 mean_kl=0.0000 stage=warmup scheduler_success_rate=0.667
episodes 13780-13799: success_rate=0.450 mean_reward=-578.42 mean_actor_loss=0.0125 mean_kl=0.0000 stage=warmup scheduler_success_rate=0.333
episodes 13800-13819: success_rate=0.150 mean_reward=-602.48 mean_actor_loss=0.0125 mean_kl=0.0000 stage=warmup scheduler_success_rate=0.000
episodes 13820-13839: success_rate=0.250 mean_reward=-461.41 mean_actor_loss=0.0125 mean_kl=0.0000 stage=warmup scheduler_success_rate=0.000
episodes 13840-13859: success_rate=0.600 mean_reward=-63.85 mean_actor_loss=0.0124 mean_kl=0.0000 stage=warmup scheduler_success_rate=0.500
episodes 13860-13879: success_rate=0.450 mean_reward=-87.40 mean_actor_loss=0.0124 mean_kl=0.0000 stage=warmup scheduler_success_rate=0.667
episodes 13880-13899: success_rate=0.200 mean_reward=-848.05 mean_actor_loss=0.0125 mean_kl=0.0000 stage=warmup scheduler_success_rate=0.000
episodes 13900-13919: success_rate=0.350 mean_reward=-288.22 mean_actor_loss=0.0124 mean_kl=0.0000 stage=warmup scheduler_success_rate=0.167
episodes 13920-13939: success_rate=0.300 mean_reward=-465.40 mean_actor_loss=0.0125 mean_kl=0.0000 stage=warmup scheduler_success_rate=0.000
episodes 13940-13959: success_rate=0.500 mean_reward=-347.92 mean_actor_loss=0.0125 mean_kl=0.0000 stage=warmup scheduler_success_rate=0.333
episodes 13960-13979: success_rate=0.650 mean_reward=-320.97 mean_actor_loss=0.0124 mean_kl=0.0000 stage=warmup scheduler_success_rate=0.167
episodes 13980-13999: success_rate=0.500 mean_reward=-299.78 mean_actor_loss=0.0124 mean_kl=0.0000 stage=warmup scheduler_success_rate=0.333
episodes 14000-14019: success_rate=0.450 mean_reward=-189.90 mean_actor_loss=0.0125 mean_kl=0.0000 stage=warmup scheduler_success_rate=0.000
episodes 14020-14039: success_rate=0.550 mean_reward=-362.18 mean_actor_loss=0.0124 mean_kl=0.0000 stage=warmup scheduler_success_rate=0.333
episodes 14040-14059: success_rate=0.250 mean_reward=-835.71 mean_actor_loss=0.0125 mean_kl=0.0000 stage=warmup scheduler_success_rate=0.000
episodes 14060-14079: success_rate=0.350 mean_reward=-840.92 mean_actor_loss=0.0125 mean_kl=0.0000 stage=warmup scheduler_success_rate=0.167
episodes 14080-14099: success_rate=0.550 mean_reward=-898.58 mean_actor_loss=0.0124 mean_kl=0.0000 stage=warmup scheduler_success_rate=0.167
episodes 14100-14119: success_rate=0.350 mean_reward=-397.80 mean_actor_loss=0.0124 mean_kl=0.0000 stage=warmup scheduler_success_rate=0.167
episodes 14120-14139: success_rate=0.300 mean_reward=-615.80 mean_actor_loss=0.0124 mean_kl=0.0001 stage=warmup scheduler_success_rate=0.333
episodes 14140-14159: success_rate=0.250 mean_reward=-487.35 mean_actor_loss=0.0124 mean_kl=0.0001 stage=warmup scheduler_success_rate=0.333
episodes 14160-14179: success_rate=0.550 mean_reward=-371.88 mean_actor_loss=0.0125 mean_kl=0.0000 stage=warmup scheduler_success_rate=0.167
episodes 14180-14199: success_rate=0.350 mean_reward=-704.75 mean_actor_loss=0.0125 mean_kl=0.0000 stage=warmup scheduler_success_rate=0.333
episodes 14200-14219: success_rate=0.300 mean_reward=-850.14 mean_actor_loss=0.0125 mean_kl=0.0000 stage=warmup scheduler_success_rate=0.167
episodes 14220-14239: success_rate=0.350 mean_reward=-688.06 mean_actor_loss=0.0124 mean_kl=0.0000 stage=warmup scheduler_success_rate=0.000
episodes 14240-14259: success_rate=0.400 mean_reward=-538.73 mean_actor_loss=0.0124 mean_kl=0.0000 stage=warmup scheduler_success_rate=0.000
episodes 14260-14279: success_rate=0.350 mean_reward=-947.06 mean_actor_loss=0.0125 mean_kl=0.0000 stage=warmup scheduler_success_rate=0.000
episodes 14280-14299: success_rate=0.650 mean_reward=-396.39 mean_actor_loss=0.0124 mean_kl=0.0000 stage=warmup scheduler_success_rate=0.500
episodes 14300-14319: success_rate=0.400 mean_reward=-469.54 mean_actor_loss=0.0125 mean_kl=0.0000 stage=warmup scheduler_success_rate=0.167
episodes 14320-14339: success_rate=0.350 mean_reward=-275.90 mean_actor_loss=0.0125 mean_kl=0.0000 stage=warmup scheduler_success_rate=0.333
episodes 14340-14359: success_rate=0.300 mean_reward=-563.31 mean_actor_loss=0.0125 mean_kl=0.0000 stage=warmup scheduler_success_rate=0.167
episodes 14360-14379: success_rate=0.350 mean_reward=-885.90 mean_actor_loss=0.0125 mean_kl=0.0000 stage=warmup scheduler_success_rate=0.167
episodes 14380-14399: success_rate=0.300 mean_reward=-881.72 mean_actor_loss=0.0125 mean_kl=0.0000 stage=warmup scheduler_success_rate=0.000
episodes 14400-14419: success_rate=0.200 mean_reward=-604.15 mean_actor_loss=0.0125 mean_kl=0.0000 stage=warmup scheduler_success_rate=0.167
episodes 14420-14439: success_rate=0.200 mean_reward=-440.55 mean_actor_loss=0.0124 mean_kl=0.0000 stage=warmup scheduler_success_rate=0.000
episodes 14440-14459: success_rate=0.400 mean_reward=-626.07 mean_actor_loss=0.0125 mean_kl=0.0000 stage=warmup scheduler_success_rate=0.167
episodes 14460-14479: success_rate=0.300 mean_reward=-576.96 mean_actor_loss=0.0124 mean_kl=0.0000 stage=warmup scheduler_success_rate=0.167
episodes 14480-14499: success_rate=0.250 mean_reward=-815.91 mean_actor_loss=0.0125 mean_kl=0.0000 stage=warmup scheduler_success_rate=0.167
episodes 14500-14519: success_rate=0.300 mean_reward=-555.90 mean_actor_loss=0.0124 mean_kl=0.0001 stage=warmup scheduler_success_rate=0.333
episodes 14520-14539: success_rate=0.350 mean_reward=-550.55 mean_actor_loss=0.0125 mean_kl=0.0000 stage=warmup scheduler_success_rate=0.167
episodes 14540-14559: success_rate=0.150 mean_reward=-384.12 mean_actor_loss=0.0125 mean_kl=0.0000 stage=warmup scheduler_success_rate=0.000
episodes 14560-14579: success_rate=0.300 mean_reward=-664.79 mean_actor_loss=0.0125 mean_kl=0.0000 stage=warmup scheduler_success_rate=0.167
episodes 14580-14599: success_rate=0.400 mean_reward=-130.43 mean_actor_loss=0.0125 mean_kl=0.0001 stage=warmup scheduler_success_rate=0.333
episodes 14600-14619: success_rate=0.300 mean_reward=-481.11 mean_actor_loss=0.0125 mean_kl=0.0000 stage=warmup scheduler_success_rate=0.000
episodes 14620-14639: success_rate=0.350 mean_reward=-186.34 mean_actor_loss=0.0125 mean_kl=0.0000 stage=warmup scheduler_success_rate=0.167
episodes 14640-14659: success_rate=0.350 mean_reward=-547.90 mean_actor_loss=0.0124 mean_kl=0.0000 stage=warmup scheduler_success_rate=0.167
episodes 14660-14679: success_rate=0.550 mean_reward=-278.15 mean_actor_loss=0.0125 mean_kl=0.0000 stage=warmup scheduler_success_rate=0.333
episodes 14680-14699: success_rate=0.500 mean_reward=-591.41 mean_actor_loss=0.0124 mean_kl=0.0000 stage=warmup scheduler_success_rate=0.167
episodes 14700-14719: success_rate=0.350 mean_reward=-699.20 mean_actor_loss=0.0125 mean_kl=0.0000 stage=warmup scheduler_success_rate=0.167
episodes 14720-14739: success_rate=0.400 mean_reward=-6.07 mean_actor_loss=0.0124 mean_kl=0.0000 stage=warmup scheduler_success_rate=0.333
episodes 14740-14759: success_rate=0.300 mean_reward=-187.02 mean_actor_loss=0.0125 mean_kl=0.0000 stage=warmup scheduler_success_rate=0.167
episodes 14760-14779: success_rate=0.450 mean_reward=-492.19 mean_actor_loss=0.0125 mean_kl=0.0000 stage=warmup scheduler_success_rate=0.500
episodes 14780-14799: success_rate=0.350 mean_reward=-837.64 mean_actor_loss=0.0124 mean_kl=0.0001 stage=warmup scheduler_success_rate=0.167
episodes 14800-14819: success_rate=0.650 mean_reward=-7.31 mean_actor_loss=0.0125 mean_kl=0.0000 stage=warmup scheduler_success_rate=0.667
episodes 14820-14839: success_rate=0.350 mean_reward=-746.13 mean_actor_loss=0.0125 mean_kl=0.0000 stage=warmup scheduler_success_rate=0.000
episodes 14840-14859: success_rate=0.400 mean_reward=-751.60 mean_actor_loss=0.0124 mean_kl=0.0000 stage=warmup scheduler_success_rate=0.000
episodes 14860-14879: success_rate=0.450 mean_reward=-246.38 mean_actor_loss=0.0125 mean_kl=0.0000 stage=intermediate scheduler_success_rate=0.000
episodes 14880-14899: success_rate=0.500 mean_reward=-128.11 mean_actor_loss=0.0124 mean_kl=0.0000 stage=warmup scheduler_success_rate=0.333
episodes 14900-14919: success_rate=0.400 mean_reward=-731.89 mean_actor_loss=0.0125 mean_kl=0.0000 stage=warmup scheduler_success_rate=0.333
episodes 14920-14939: success_rate=0.500 mean_reward=-1003.00 mean_actor_loss=0.0124 mean_kl=0.0000 stage=warmup scheduler_success_rate=0.167
episodes 14940-14959: success_rate=0.250 mean_reward=-660.37 mean_actor_loss=0.0124 mean_kl=0.0000 stage=warmup scheduler_success_rate=0.167
episodes 14960-14979: success_rate=0.350 mean_reward=-712.55 mean_actor_loss=0.0125 mean_kl=0.0000 stage=warmup scheduler_success_rate=0.000
episodes 14980-14999: success_rate=0.250 mean_reward=-692.32 mean_actor_loss=0.0124 mean_kl=0.0000 stage=warmup scheduler_success_rate=0.000
episodes 15000-15019: success_rate=0.350 mean_reward=-148.13 mean_actor_loss=0.0124 mean_kl=0.0000 stage=warmup scheduler_success_rate=0.333
episodes 15020-15039: success_rate=0.300 mean_reward=-635.88 mean_actor_loss=0.0124 mean_kl=0.0000 stage=warmup scheduler_success_rate=0.333
episodes 15040-15059: success_rate=0.550 mean_reward=-569.81 mean_actor_loss=0.0124 mean_kl=0.0000 stage=warmup scheduler_success_rate=0.333
episodes 15060-15079: success_rate=0.650 mean_reward=-145.23 mean_actor_loss=0.0125 mean_kl=0.0000 stage=warmup scheduler_success_rate=0.167
episodes 15080-15099: success_rate=0.400 mean_reward=-539.52 mean_actor_loss=0.0125 mean_kl=0.0000 stage=warmup scheduler_success_rate=0.167
episodes 15100-15119: success_rate=0.300 mean_reward=-519.37 mean_actor_loss=0.0125 mean_kl=0.0000 stage=warmup scheduler_success_rate=0.333
episodes 15120-15139: success_rate=0.250 mean_reward=-677.97 mean_actor_loss=0.0124 mean_kl=0.0000 stage=warmup scheduler_success_rate=0.000
episodes 15140-15159: success_rate=0.450 mean_reward=-445.15 mean_actor_loss=0.0124 mean_kl=0.0000 stage=warmup scheduler_success_rate=0.000
episodes 15160-15179: success_rate=0.550 mean_reward=-54.64 mean_actor_loss=0.0124 mean_kl=0.0000 stage=warmup scheduler_success_rate=0.167
episodes 15180-15199: success_rate=0.550 mean_reward=-652.32 mean_actor_loss=0.0124 mean_kl=0.0000 stage=warmup scheduler_success_rate=0.167
episodes 15200-15219: success_rate=0.300 mean_reward=-434.11 mean_actor_loss=0.0125 mean_kl=0.0000 stage=warmup scheduler_success_rate=0.333
episodes 15220-15239: success_rate=0.200 mean_reward=-662.21 mean_actor_loss=0.0125 mean_kl=0.0000 stage=warmup scheduler_success_rate=0.000
episodes 15240-15259: success_rate=0.300 mean_reward=-435.91 mean_actor_loss=0.0124 mean_kl=0.0000 stage=warmup scheduler_success_rate=0.167
episodes 15260-15279: success_rate=0.400 mean_reward=-552.47 mean_actor_loss=0.0124 mean_kl=0.0000 stage=warmup scheduler_success_rate=0.000
episodes 15280-15299: success_rate=0.500 mean_reward=-603.40 mean_actor_loss=0.0124 mean_kl=0.0000 stage=warmup scheduler_success_rate=0.500
episodes 15300-15319: success_rate=0.400 mean_reward=-560.55 mean_actor_loss=0.0124 mean_kl=0.0000 stage=warmup scheduler_success_rate=0.333
episodes 15320-15339: success_rate=0.450 mean_reward=-247.59 mean_actor_loss=0.0124 mean_kl=0.0000 stage=warmup scheduler_success_rate=0.667
episodes 15340-15359: success_rate=0.450 mean_reward=-575.12 mean_actor_loss=0.0124 mean_kl=0.0000 stage=warmup scheduler_success_rate=0.000
episodes 15360-15379: success_rate=0.300 mean_reward=-579.24 mean_actor_loss=0.0125 mean_kl=0.0000 stage=warmup scheduler_success_rate=0.167
episodes 15380-15399: success_rate=0.400 mean_reward=-566.63 mean_actor_loss=0.0125 mean_kl=0.0000 stage=warmup scheduler_success_rate=0.500
episodes 15400-15419: success_rate=0.200 mean_reward=-549.10 mean_actor_loss=0.0125 mean_kl=0.0000 stage=warmup scheduler_success_rate=0.167
episodes 15420-15439: success_rate=0.400 mean_reward=-385.60 mean_actor_loss=0.0125 mean_kl=0.0000 stage=warmup scheduler_success_rate=0.333
episodes 15440-15459: success_rate=0.400 mean_reward=-582.51 mean_actor_loss=0.0125 mean_kl=0.0000 stage=warmup scheduler_success_rate=0.167
episodes 15460-15479: success_rate=0.300 mean_reward=-544.86 mean_actor_loss=0.0125 mean_kl=0.0000 stage=warmup scheduler_success_rate=0.167
episodes 15480-15499: success_rate=0.350 mean_reward=-854.83 mean_actor_loss=0.0125 mean_kl=0.0000 stage=warmup scheduler_success_rate=0.000
episodes 15500-15519: success_rate=0.250 mean_reward=-692.46 mean_actor_loss=0.0125 mean_kl=0.0000 stage=warmup scheduler_success_rate=0.167
episodes 15520-15539: success_rate=0.500 mean_reward=-596.50 mean_actor_loss=0.0124 mean_kl=0.0000 stage=warmup scheduler_success_rate=0.333
episodes 15540-15559: success_rate=0.400 mean_reward=-560.53 mean_actor_loss=0.0125 mean_kl=0.0000 stage=warmup scheduler_success_rate=0.000
episodes 15560-15579: success_rate=0.350 mean_reward=-557.77 mean_actor_loss=0.0125 mean_kl=0.0000 stage=warmup scheduler_success_rate=0.167
episodes 15580-15599: success_rate=0.400 mean_reward=-663.01 mean_actor_loss=0.0125 mean_kl=0.0000 stage=warmup scheduler_success_rate=0.333
episodes 15600-15619: success_rate=0.150 mean_reward=-111.09 mean_actor_loss=0.0125 mean_kl=0.0000 stage=warmup scheduler_success_rate=0.333
episodes 15620-15639: success_rate=0.400 mean_reward=-730.58 mean_actor_loss=0.0124 mean_kl=0.0000 stage=warmup scheduler_success_rate=0.333
episodes 15640-15659: success_rate=0.500 mean_reward=-579.89 mean_actor_loss=0.0124 mean_kl=0.0000 stage=warmup scheduler_success_rate=0.167
episodes 15660-15679: success_rate=0.200 mean_reward=-760.77 mean_actor_loss=0.0125 mean_kl=0.0000 stage=warmup scheduler_success_rate=0.000
episodes 15680-15699: success_rate=0.550 mean_reward=-737.08 mean_actor_loss=0.0124 mean_kl=0.0000 stage=warmup scheduler_success_rate=0.167
episodes 15700-15719: success_rate=0.250 mean_reward=-390.78 mean_actor_loss=0.0125 mean_kl=0.0001 stage=warmup scheduler_success_rate=0.167
episodes 15720-15739: success_rate=0.300 mean_reward=-654.48 mean_actor_loss=0.0124 mean_kl=0.0000 stage=warmup scheduler_success_rate=0.167
episodes 15740-15759: success_rate=0.500 mean_reward=-185.60 mean_actor_loss=0.0124 mean_kl=0.0000 stage=warmup scheduler_success_rate=0.500
episodes 15760-15779: success_rate=0.250 mean_reward=-417.60 mean_actor_loss=0.0125 mean_kl=0.0000 stage=warmup scheduler_success_rate=0.000
episodes 15780-15799: success_rate=0.450 mean_reward=-581.59 mean_actor_loss=0.0124 mean_kl=0.0000 stage=warmup scheduler_success_rate=0.167
episodes 15800-15819: success_rate=0.650 mean_reward=-701.23 mean_actor_loss=0.0124 mean_kl=0.0000 stage=warmup scheduler_success_rate=0.333
episodes 15820-15839: success_rate=0.300 mean_reward=-641.56 mean_actor_loss=0.0125 mean_kl=0.0000 stage=warmup scheduler_success_rate=0.000
episodes 15840-15859: success_rate=0.150 mean_reward=-695.76 mean_actor_loss=0.0125 mean_kl=0.0000 stage=warmup scheduler_success_rate=0.000
episodes 15860-15879: success_rate=0.400 mean_reward=-694.26 mean_actor_loss=0.0124 mean_kl=0.0000 stage=warmup scheduler_success_rate=0.500
episodes 15880-15899: success_rate=0.500 mean_reward=-888.25 mean_actor_loss=0.0124 mean_kl=0.0000 stage=warmup scheduler_success_rate=0.333
episodes 15900-15919: success_rate=0.550 mean_reward=-646.85 mean_actor_loss=0.0124 mean_kl=0.0001 stage=warmup scheduler_success_rate=0.000
episodes 15920-15939: success_rate=0.500 mean_reward=-247.81 mean_actor_loss=0.0124 mean_kl=0.0000 stage=warmup scheduler_success_rate=0.333
episodes 15940-15959: success_rate=0.450 mean_reward=-707.59 mean_actor_loss=0.0125 mean_kl=0.0000 stage=warmup scheduler_success_rate=0.167
episodes 15960-15979: success_rate=0.250 mean_reward=-812.78 mean_actor_loss=0.0125 mean_kl=0.0000 stage=warmup scheduler_success_rate=0.000
episodes 15980-15999: success_rate=0.300 mean_reward=-749.53 mean_actor_loss=0.0125 mean_kl=0.0000 stage=warmup scheduler_success_rate=0.167
episodes 16000-16019: success_rate=0.200 mean_reward=-525.49 mean_actor_loss=0.0125 mean_kl=0.0000 stage=warmup scheduler_success_rate=0.000
episodes 16020-16039: success_rate=0.550 mean_reward=-513.57 mean_actor_loss=0.0124 mean_kl=0.0000 stage=warmup scheduler_success_rate=0.167
episodes 16040-16059: success_rate=0.350 mean_reward=-570.10 mean_actor_loss=0.0124 mean_kl=0.0000 stage=warmup scheduler_success_rate=0.333
episodes 16060-16079: success_rate=0.450 mean_reward=-417.73 mean_actor_loss=0.0124 mean_kl=0.0000 stage=warmup scheduler_success_rate=0.167
episodes 16080-16099: success_rate=0.350 mean_reward=-411.15 mean_actor_loss=0.0124 mean_kl=0.0000 stage=warmup scheduler_success_rate=0.167
episodes 16100-16119: success_rate=0.550 mean_reward=-192.59 mean_actor_loss=0.0125 mean_kl=0.0000 stage=warmup scheduler_success_rate=0.333
episodes 16120-16139: success_rate=0.200 mean_reward=-462.74 mean_actor_loss=0.0124 mean_kl=0.0000 stage=warmup scheduler_success_rate=0.000
episodes 16140-16159: success_rate=0.450 mean_reward=-456.19 mean_actor_loss=0.0125 mean_kl=0.0000 stage=warmup scheduler_success_rate=0.333
episodes 16160-16179: success_rate=0.500 mean_reward=-832.95 mean_actor_loss=0.0124 mean_kl=0.0000 stage=warmup scheduler_success_rate=0.000
episodes 16180-16199: success_rate=0.400 mean_reward=-84.42 mean_actor_loss=0.0125 mean_kl=0.0001 stage=warmup scheduler_success_rate=0.000
episodes 16200-16219: success_rate=0.150 mean_reward=-1066.36 mean_actor_loss=0.0125 mean_kl=0.0000 stage=warmup scheduler_success_rate=0.167
episodes 16220-16239: success_rate=0.350 mean_reward=-761.56 mean_actor_loss=0.0124 mean_kl=0.0000 stage=warmup scheduler_success_rate=0.167
episodes 16240-16259: success_rate=0.100 mean_reward=-537.15 mean_actor_loss=0.0125 mean_kl=0.0000 stage=warmup scheduler_success_rate=0.000
episodes 16260-16279: success_rate=0.250 mean_reward=-880.90 mean_actor_loss=0.0125 mean_kl=0.0000 stage=warmup scheduler_success_rate=0.000
episodes 16280-16299: success_rate=0.300 mean_reward=-490.39 mean_actor_loss=0.0125 mean_kl=0.0000 stage=warmup scheduler_success_rate=0.500
episodes 16300-16319: success_rate=0.250 mean_reward=-616.52 mean_actor_loss=0.0125 mean_kl=0.0000 stage=warmup scheduler_success_rate=0.000
episodes 16320-16339: success_rate=0.350 mean_reward=-400.98 mean_actor_loss=0.0125 mean_kl=0.0000 stage=warmup scheduler_success_rate=0.333
episodes 16340-16359: success_rate=0.050 mean_reward=-959.51 mean_actor_loss=0.0125 mean_kl=0.0000 stage=warmup scheduler_success_rate=0.000
episodes 16360-16379: success_rate=0.350 mean_reward=-418.95 mean_actor_loss=0.0124 mean_kl=0.0000 stage=warmup scheduler_success_rate=0.333
episodes 16380-16399: success_rate=0.600 mean_reward=-146.77 mean_actor_loss=0.0124 mean_kl=0.0000 stage=warmup scheduler_success_rate=0.000
episodes 16400-16419: success_rate=0.550 mean_reward=-382.12 mean_actor_loss=0.0124 mean_kl=0.0000 stage=warmup scheduler_success_rate=0.500
episodes 16420-16439: success_rate=0.500 mean_reward=-426.47 mean_actor_loss=0.0124 mean_kl=0.0000 stage=warmup scheduler_success_rate=0.500
episodes 16440-16459: success_rate=0.450 mean_reward=-457.62 mean_actor_loss=0.0124 mean_kl=0.0000 stage=warmup scheduler_success_rate=0.000
episodes 16460-16479: success_rate=0.250 mean_reward=-736.97 mean_actor_loss=0.0125 mean_kl=0.0000 stage=warmup scheduler_success_rate=0.500
episodes 16480-16499: success_rate=0.300 mean_reward=127.15 mean_actor_loss=0.0125 mean_kl=0.0000 stage=warmup scheduler_success_rate=0.500
episodes 16500-16519: success_rate=0.250 mean_reward=-365.00 mean_actor_loss=0.0125 mean_kl=0.0000 stage=warmup scheduler_success_rate=0.000
episodes 16520-16539: success_rate=0.350 mean_reward=-292.06 mean_actor_loss=0.0125 mean_kl=0.0000 stage=warmup scheduler_success_rate=0.500
episodes 16540-16559: success_rate=0.350 mean_reward=-391.72 mean_actor_loss=0.0124 mean_kl=0.0000 stage=warmup scheduler_success_rate=0.500
episodes 16560-16579: success_rate=0.250 mean_reward=-623.95 mean_actor_loss=0.0125 mean_kl=0.0000 stage=warmup scheduler_success_rate=0.167
episodes 16580-16599: success_rate=0.300 mean_reward=-745.95 mean_actor_loss=0.0125 mean_kl=0.0000 stage=warmup scheduler_success_rate=0.167
episodes 16600-16619: success_rate=0.250 mean_reward=-817.14 mean_actor_loss=0.0125 mean_kl=0.0000 stage=warmup scheduler_success_rate=0.167
episodes 16620-16639: success_rate=0.400 mean_reward=-885.25 mean_actor_loss=0.0125 mean_kl=0.0000 stage=warmup scheduler_success_rate=0.000
episodes 16640-16659: success_rate=0.350 mean_reward=-430.30 mean_actor_loss=0.0125 mean_kl=0.0000 stage=warmup scheduler_success_rate=0.333
episodes 16660-16679: success_rate=0.350 mean_reward=-446.56 mean_actor_loss=0.0124 mean_kl=0.0000 stage=warmup scheduler_success_rate=0.167
episodes 16680-16699: success_rate=0.200 mean_reward=-738.62 mean_actor_loss=0.0125 mean_kl=0.0000 stage=warmup scheduler_success_rate=0.000
episodes 16700-16719: success_rate=0.350 mean_reward=-189.93 mean_actor_loss=0.0124 mean_kl=0.0000 stage=warmup scheduler_success_rate=0.333
episodes 16720-16739: success_rate=0.450 mean_reward=-285.14 mean_actor_loss=0.0124 mean_kl=0.0000 stage=warmup scheduler_success_rate=0.333
episodes 16740-16759: success_rate=0.300 mean_reward=-738.56 mean_actor_loss=0.0125 mean_kl=0.0000 stage=warmup scheduler_success_rate=0.000
episodes 16760-16779: success_rate=0.250 mean_reward=-817.19 mean_actor_loss=0.0125 mean_kl=0.0000 stage=warmup scheduler_success_rate=0.167
episodes 16780-16799: success_rate=0.350 mean_reward=-258.33 mean_actor_loss=0.0125 mean_kl=0.0000 stage=warmup scheduler_success_rate=0.167
episodes 16800-16819: success_rate=0.150 mean_reward=-625.73 mean_actor_loss=0.0125 mean_kl=0.0000 stage=warmup scheduler_success_rate=0.167
episodes 16820-16839: success_rate=0.300 mean_reward=-300.77 mean_actor_loss=0.0124 mean_kl=0.0000 stage=warmup scheduler_success_rate=0.000
episodes 16840-16859: success_rate=0.200 mean_reward=-628.25 mean_actor_loss=0.0125 mean_kl=0.0000 stage=warmup scheduler_success_rate=0.333
episodes 16860-16879: success_rate=0.350 mean_reward=-828.14 mean_actor_loss=0.0125 mean_kl=0.0000 stage=warmup scheduler_success_rate=0.167
episodes 16880-16899: success_rate=0.550 mean_reward=-32.60 mean_actor_loss=0.0124 mean_kl=0.0001 stage=warmup scheduler_success_rate=0.500
episodes 16900-16919: success_rate=0.250 mean_reward=-351.36 mean_actor_loss=0.0125 mean_kl=0.0000 stage=warmup scheduler_success_rate=0.000
episodes 16920-16939: success_rate=0.350 mean_reward=-708.63 mean_actor_loss=0.0125 mean_kl=0.0000 stage=warmup scheduler_success_rate=0.000
episodes 16940-16959: success_rate=0.450 mean_reward=-409.23 mean_actor_loss=0.0125 mean_kl=0.0000 stage=warmup scheduler_success_rate=0.167
episodes 16960-16979: success_rate=0.400 mean_reward=-292.39 mean_actor_loss=0.0124 mean_kl=0.0000 stage=warmup scheduler_success_rate=0.167
episodes 16980-16999: success_rate=0.550 mean_reward=-459.58 mean_actor_loss=0.0124 mean_kl=0.0000 stage=warmup scheduler_success_rate=0.167
episodes 17000-17019: success_rate=0.500 mean_reward=31.80 mean_actor_loss=0.0124 mean_kl=0.0000 stage=warmup scheduler_success_rate=0.667
episodes 17020-17039: success_rate=0.300 mean_reward=-502.97 mean_actor_loss=0.0124 mean_kl=0.0000 stage=warmup scheduler_success_rate=0.333
episodes 17040-17059: success_rate=0.250 mean_reward=-398.63 mean_actor_loss=0.0125 mean_kl=0.0000 stage=warmup scheduler_success_rate=0.167
episodes 17060-17079: success_rate=0.500 mean_reward=-10.11 mean_actor_loss=0.0124 mean_kl=0.0000 stage=warmup scheduler_success_rate=0.500
episodes 17080-17099: success_rate=0.350 mean_reward=-511.46 mean_actor_loss=0.0124 mean_kl=0.0000 stage=warmup scheduler_success_rate=0.000
episodes 17100-17119: success_rate=0.350 mean_reward=-618.06 mean_actor_loss=0.0125 mean_kl=0.0000 stage=warmup scheduler_success_rate=0.000
episodes 17120-17139: success_rate=0.300 mean_reward=-345.11 mean_actor_loss=0.0125 mean_kl=0.0000 stage=warmup scheduler_success_rate=0.167
episodes 17140-17159: success_rate=0.350 mean_reward=-511.17 mean_actor_loss=0.0124 mean_kl=0.0000 stage=warmup scheduler_success_rate=0.167
episodes 17160-17179: success_rate=0.250 mean_reward=-951.23 mean_actor_loss=0.0125 mean_kl=0.0000 stage=warmup scheduler_success_rate=0.167
episodes 17180-17199: success_rate=0.250 mean_reward=-536.70 mean_actor_loss=0.0125 mean_kl=0.0000 stage=warmup scheduler_success_rate=0.167
episodes 17200-17219: success_rate=0.450 mean_reward=-573.36 mean_actor_loss=0.0125 mean_kl=0.0000 stage=warmup scheduler_success_rate=0.333
episodes 17220-17239: success_rate=0.400 mean_reward=-560.90 mean_actor_loss=0.0124 mean_kl=0.0000 stage=warmup scheduler_success_rate=0.167
episodes 17240-17259: success_rate=0.200 mean_reward=-474.37 mean_actor_loss=0.0125 mean_kl=0.0000 stage=warmup scheduler_success_rate=0.000
episodes 17260-17279: success_rate=0.250 mean_reward=-814.33 mean_actor_loss=0.0125 mean_kl=0.0000 stage=warmup scheduler_success_rate=0.167
episodes 17280-17299: success_rate=0.300 mean_reward=-460.77 mean_actor_loss=0.0125 mean_kl=0.0000 stage=warmup scheduler_success_rate=0.667
episodes 17300-17319: success_rate=0.350 mean_reward=-779.50 mean_actor_loss=0.0125 mean_kl=0.0000 stage=warmup scheduler_success_rate=0.333
episodes 17320-17339: success_rate=0.400 mean_reward=-286.98 mean_actor_loss=0.0124 mean_kl=0.0000 stage=warmup scheduler_success_rate=0.333
episodes 17340-17359: success_rate=0.450 mean_reward=-583.41 mean_actor_loss=0.0125 mean_kl=0.0000 stage=warmup scheduler_success_rate=0.167
episodes 17360-17379: success_rate=0.250 mean_reward=-601.60 mean_actor_loss=0.0125 mean_kl=0.0000 stage=warmup scheduler_success_rate=0.167
episodes 17380-17399: success_rate=0.250 mean_reward=-676.88 mean_actor_loss=0.0124 mean_kl=0.0000 stage=warmup scheduler_success_rate=0.167
episodes 17400-17419: success_rate=0.500 mean_reward=-543.42 mean_actor_loss=0.0124 mean_kl=0.0000 stage=warmup scheduler_success_rate=0.167
episodes 17420-17439: success_rate=0.350 mean_reward=-509.31 mean_actor_loss=0.0125 mean_kl=0.0000 stage=warmup scheduler_success_rate=0.000
episodes 17440-17459: success_rate=0.300 mean_reward=-587.95 mean_actor_loss=0.0125 mean_kl=0.0000 stage=warmup scheduler_success_rate=0.167
episodes 17460-17479: success_rate=0.350 mean_reward=-624.47 mean_actor_loss=0.0125 mean_kl=0.0000 stage=warmup scheduler_success_rate=0.167
episodes 17480-17499: success_rate=0.300 mean_reward=-765.93 mean_actor_loss=0.0125 mean_kl=0.0000 stage=warmup scheduler_success_rate=0.167
episodes 17500-17519: success_rate=0.400 mean_reward=-611.15 mean_actor_loss=0.0125 mean_kl=0.0000 stage=warmup scheduler_success_rate=0.167
episodes 17520-17539: success_rate=0.400 mean_reward=-645.82 mean_actor_loss=0.0124 mean_kl=0.0000 stage=warmup scheduler_success_rate=0.333
episodes 17540-17559: success_rate=0.550 mean_reward=-417.80 mean_actor_loss=0.0124 mean_kl=0.0000 stage=warmup scheduler_success_rate=0.500
episodes 17560-17579: success_rate=0.200 mean_reward=-686.90 mean_actor_loss=0.0125 mean_kl=0.0000 stage=warmup scheduler_success_rate=0.167
episodes 17580-17599: success_rate=0.350 mean_reward=-404.76 mean_actor_loss=0.0124 mean_kl=0.0000 stage=warmup scheduler_success_rate=0.167
episodes 17600-17619: success_rate=0.400 mean_reward=-916.15 mean_actor_loss=0.0124 mean_kl=0.0000 stage=warmup scheduler_success_rate=0.167
episodes 17620-17639: success_rate=0.350 mean_reward=-335.42 mean_actor_loss=0.0125 mean_kl=0.0000 stage=warmup scheduler_success_rate=0.167
episodes 17640-17659: success_rate=0.300 mean_reward=-520.48 mean_actor_loss=0.0125 mean_kl=0.0000 stage=warmup scheduler_success_rate=0.167
episodes 17660-17679: success_rate=0.250 mean_reward=-294.52 mean_actor_loss=0.0125 mean_kl=0.0000 stage=warmup scheduler_success_rate=0.167
episodes 17680-17699: success_rate=0.250 mean_reward=-633.19 mean_actor_loss=0.0125 mean_kl=0.0000 stage=warmup scheduler_success_rate=0.000
episodes 17700-17719: success_rate=0.350 mean_reward=-635.00 mean_actor_loss=0.0125 mean_kl=0.0000 stage=warmup scheduler_success_rate=0.333
episodes 17720-17739: success_rate=0.350 mean_reward=-256.51 mean_actor_loss=0.0125 mean_kl=0.0000 stage=warmup scheduler_success_rate=0.000
episodes 17740-17759: success_rate=0.500 mean_reward=-374.59 mean_actor_loss=0.0125 mean_kl=0.0000 stage=warmup scheduler_success_rate=0.333
episodes 17760-17779: success_rate=0.350 mean_reward=-626.53 mean_actor_loss=0.0125 mean_kl=0.0000 stage=warmup scheduler_success_rate=0.167
episodes 17780-17799: success_rate=0.350 mean_reward=-440.29 mean_actor_loss=0.0125 mean_kl=0.0000 stage=warmup scheduler_success_rate=0.333
episodes 17800-17819: success_rate=0.400 mean_reward=-393.05 mean_actor_loss=0.0124 mean_kl=0.0000 stage=warmup scheduler_success_rate=0.000
episodes 17820-17839: success_rate=0.500 mean_reward=-160.32 mean_actor_loss=0.0124 mean_kl=0.0000 stage=warmup scheduler_success_rate=0.667
episodes 17840-17859: success_rate=0.450 mean_reward=-442.25 mean_actor_loss=0.0124 mean_kl=0.0000 stage=warmup scheduler_success_rate=0.333
episodes 17860-17879: success_rate=0.150 mean_reward=-506.10 mean_actor_loss=0.0125 mean_kl=0.0000 stage=warmup scheduler_success_rate=0.000
episodes 17880-17899: success_rate=0.300 mean_reward=-314.06 mean_actor_loss=0.0125 mean_kl=0.0000 stage=warmup scheduler_success_rate=0.000
episodes 17900-17919: success_rate=0.200 mean_reward=-546.28 mean_actor_loss=0.0125 mean_kl=0.0000 stage=warmup scheduler_success_rate=0.167
episodes 17920-17939: success_rate=0.350 mean_reward=-831.75 mean_actor_loss=0.0125 mean_kl=0.0000 stage=warmup scheduler_success_rate=0.000
episodes 17940-17959: success_rate=0.300 mean_reward=-103.45 mean_actor_loss=0.0125 mean_kl=0.0000 stage=warmup scheduler_success_rate=0.167
episodes 17960-17979: success_rate=0.200 mean_reward=-394.85 mean_actor_loss=0.0125 mean_kl=0.0000 stage=warmup scheduler_success_rate=0.167
episodes 17980-17999: success_rate=0.350 mean_reward=-216.66 mean_actor_loss=0.0125 mean_kl=0.0001 stage=warmup scheduler_success_rate=0.167
episodes 18000-18019: success_rate=0.500 mean_reward=-501.58 mean_actor_loss=0.0125 mean_kl=0.0000 stage=warmup scheduler_success_rate=0.167
episodes 18020-18039: success_rate=0.500 mean_reward=-188.75 mean_actor_loss=0.0125 mean_kl=0.0000 stage=warmup scheduler_success_rate=0.333
episodes 18040-18059: success_rate=0.550 mean_reward=-169.99 mean_actor_loss=0.0124 mean_kl=0.0000 stage=warmup scheduler_success_rate=0.333
episodes 18060-18079: success_rate=0.200 mean_reward=-767.95 mean_actor_loss=0.0125 mean_kl=0.0000 stage=warmup scheduler_success_rate=0.167
episodes 18080-18099: success_rate=0.450 mean_reward=-373.84 mean_actor_loss=0.0125 mean_kl=0.0000 stage=warmup scheduler_success_rate=0.000
episodes 18100-18119: success_rate=0.300 mean_reward=-686.76 mean_actor_loss=0.0124 mean_kl=0.0000 stage=warmup scheduler_success_rate=0.167
episodes 18120-18139: success_rate=0.450 mean_reward=-634.98 mean_actor_loss=0.0125 mean_kl=0.0000 stage=warmup scheduler_success_rate=0.000
episodes 18140-18159: success_rate=0.250 mean_reward=-225.77 mean_actor_loss=0.0124 mean_kl=0.0000 stage=warmup scheduler_success_rate=0.000
episodes 18160-18179: success_rate=0.250 mean_reward=-731.05 mean_actor_loss=0.0125 mean_kl=0.0000 stage=warmup scheduler_success_rate=0.167
episodes 18180-18199: success_rate=0.400 mean_reward=-104.46 mean_actor_loss=0.0124 mean_kl=0.0000 stage=warmup scheduler_success_rate=0.500
episodes 18200-18219: success_rate=0.350 mean_reward=-258.39 mean_actor_loss=0.0124 mean_kl=0.0000 stage=warmup scheduler_success_rate=0.333
episodes 18220-18239: success_rate=0.100 mean_reward=-781.88 mean_actor_loss=0.0125 mean_kl=0.0000 stage=warmup scheduler_success_rate=0.000
episodes 18240-18259: success_rate=0.400 mean_reward=-458.93 mean_actor_loss=0.0124 mean_kl=0.0000 stage=warmup scheduler_success_rate=0.667
episodes 18260-18279: success_rate=0.550 mean_reward=-191.25 mean_actor_loss=0.0124 mean_kl=0.0000 stage=warmup scheduler_success_rate=0.167
episodes 18280-18299: success_rate=0.350 mean_reward=-543.59 mean_actor_loss=0.0124 mean_kl=0.0000 stage=warmup scheduler_success_rate=0.167
episodes 18300-18319: success_rate=0.300 mean_reward=-608.16 mean_actor_loss=0.0124 mean_kl=0.0000 stage=warmup scheduler_success_rate=0.333
episodes 18320-18339: success_rate=0.200 mean_reward=-715.99 mean_actor_loss=0.0125 mean_kl=0.0000 stage=warmup scheduler_success_rate=0.000
episodes 18340-18359: success_rate=0.350 mean_reward=-285.37 mean_actor_loss=0.0125 mean_kl=0.0000 stage=warmup scheduler_success_rate=0.000
episodes 18360-18379: success_rate=0.400 mean_reward=-746.67 mean_actor_loss=0.0125 mean_kl=0.0000 stage=warmup scheduler_success_rate=0.500
episodes 18380-18399: success_rate=0.150 mean_reward=-1015.23 mean_actor_loss=0.0125 mean_kl=0.0000 stage=warmup scheduler_success_rate=0.000
episodes 18400-18419: success_rate=0.200 mean_reward=-372.89 mean_actor_loss=0.0125 mean_kl=0.0000 stage=warmup scheduler_success_rate=0.333
episodes 18420-18439: success_rate=0.350 mean_reward=-445.94 mean_actor_loss=0.0125 mean_kl=0.0000 stage=warmup scheduler_success_rate=0.500
episodes 18440-18459: success_rate=0.300 mean_reward=-547.48 mean_actor_loss=0.0125 mean_kl=0.0000 stage=warmup scheduler_success_rate=0.167
episodes 18460-18479: success_rate=0.350 mean_reward=-546.54 mean_actor_loss=0.0125 mean_kl=0.0000 stage=warmup scheduler_success_rate=0.000
episodes 18480-18499: success_rate=0.300 mean_reward=-981.04 mean_actor_loss=0.0125 mean_kl=0.0000 stage=warmup scheduler_success_rate=0.000
episodes 18500-18519: success_rate=0.500 mean_reward=-517.03 mean_actor_loss=0.0124 mean_kl=0.0000 stage=warmup scheduler_success_rate=0.333
episodes 18520-18539: success_rate=0.450 mean_reward=-664.53 mean_actor_loss=0.0124 mean_kl=0.0000 stage=warmup scheduler_success_rate=0.167
episodes 18540-18559: success_rate=0.450 mean_reward=-551.60 mean_actor_loss=0.0125 mean_kl=0.0000 stage=warmup scheduler_success_rate=0.333
episodes 18560-18579: success_rate=0.450 mean_reward=-604.19 mean_actor_loss=0.0125 mean_kl=0.0000 stage=warmup scheduler_success_rate=0.333
episodes 18580-18599: success_rate=0.500 mean_reward=-468.32 mean_actor_loss=0.0124 mean_kl=0.0000 stage=warmup scheduler_success_rate=0.500
episodes 18600-18619: success_rate=0.300 mean_reward=-802.79 mean_actor_loss=0.0124 mean_kl=0.0000 stage=warmup scheduler_success_rate=0.000
episodes 18620-18639: success_rate=0.350 mean_reward=-804.93 mean_actor_loss=0.0124 mean_kl=0.0001 stage=warmup scheduler_success_rate=0.000
episodes 18640-18659: success_rate=0.350 mean_reward=-375.80 mean_actor_loss=0.0124 mean_kl=0.0000 stage=warmup scheduler_success_rate=0.167
episodes 18660-18679: success_rate=0.250 mean_reward=-686.56 mean_actor_loss=0.0125 mean_kl=0.0000 stage=warmup scheduler_success_rate=0.167
episodes 18680-18699: success_rate=0.300 mean_reward=-667.48 mean_actor_loss=0.0125 mean_kl=0.0000 stage=warmup scheduler_success_rate=0.167
episodes 18700-18719: success_rate=0.450 mean_reward=-493.10 mean_actor_loss=0.0124 mean_kl=0.0000 stage=warmup scheduler_success_rate=0.500
episodes 18720-18739: success_rate=0.200 mean_reward=-844.47 mean_actor_loss=0.0125 mean_kl=0.0001 stage=warmup scheduler_success_rate=0.333
episodes 18740-18759: success_rate=0.350 mean_reward=-462.19 mean_actor_loss=0.0125 mean_kl=0.0000 stage=warmup scheduler_success_rate=0.333
episodes 18760-18779: success_rate=0.500 mean_reward=-355.41 mean_actor_loss=0.0125 mean_kl=0.0000 stage=warmup scheduler_success_rate=0.333
episodes 18780-18799: success_rate=0.450 mean_reward=-907.07 mean_actor_loss=0.0124 mean_kl=0.0000 stage=warmup scheduler_success_rate=0.333
episodes 18800-18819: success_rate=0.650 mean_reward=-282.97 mean_actor_loss=0.0124 mean_kl=0.0000 stage=warmup scheduler_success_rate=0.333
episodes 18820-18839: success_rate=0.400 mean_reward=-665.87 mean_actor_loss=0.0125 mean_kl=0.0000 stage=warmup scheduler_success_rate=0.000
episodes 18840-18859: success_rate=0.500 mean_reward=-528.95 mean_actor_loss=0.0124 mean_kl=0.0000 stage=warmup scheduler_success_rate=0.500
episodes 18860-18879: success_rate=0.300 mean_reward=-416.07 mean_actor_loss=0.0125 mean_kl=0.0000 stage=warmup scheduler_success_rate=0.333
episodes 18880-18899: success_rate=0.400 mean_reward=-848.59 mean_actor_loss=0.0124 mean_kl=0.0000 stage=warmup scheduler_success_rate=0.167
episodes 18900-18919: success_rate=0.550 mean_reward=-177.38 mean_actor_loss=0.0124 mean_kl=0.0000 stage=warmup scheduler_success_rate=0.500
episodes 18920-18939: success_rate=0.300 mean_reward=-777.75 mean_actor_loss=0.0124 mean_kl=0.0000 stage=warmup scheduler_success_rate=0.167
episodes 18940-18959: success_rate=0.550 mean_reward=-482.34 mean_actor_loss=0.0124 mean_kl=0.0000 stage=warmup scheduler_success_rate=0.333
episodes 18960-18979: success_rate=0.200 mean_reward=-608.29 mean_actor_loss=0.0125 mean_kl=0.0000 stage=warmup scheduler_success_rate=0.167
episodes 18980-18999: success_rate=0.650 mean_reward=-315.01 mean_actor_loss=0.0124 mean_kl=0.0000 stage=warmup scheduler_success_rate=0.167
episodes 19000-19019: success_rate=0.400 mean_reward=-725.38 mean_actor_loss=0.0124 mean_kl=0.0000 stage=warmup scheduler_success_rate=0.333
episodes 19020-19039: success_rate=0.550 mean_reward=-165.61 mean_actor_loss=0.0125 mean_kl=0.0000 stage=warmup scheduler_success_rate=0.333
episodes 19040-19059: success_rate=0.300 mean_reward=-851.86 mean_actor_loss=0.0124 mean_kl=0.0000 stage=warmup scheduler_success_rate=0.167
episodes 19060-19079: success_rate=0.250 mean_reward=-963.09 mean_actor_loss=0.0125 mean_kl=0.0000 stage=warmup scheduler_success_rate=0.000
episodes 19080-19099: success_rate=0.200 mean_reward=-473.47 mean_actor_loss=0.0125 mean_kl=0.0000 stage=warmup scheduler_success_rate=0.000
episodes 19100-19119: success_rate=0.250 mean_reward=-277.36 mean_actor_loss=0.0125 mean_kl=0.0000 stage=warmup scheduler_success_rate=0.000
episodes 19120-19139: success_rate=0.350 mean_reward=-942.00 mean_actor_loss=0.0125 mean_kl=0.0000 stage=warmup scheduler_success_rate=0.167
episodes 19140-19159: success_rate=0.350 mean_reward=135.79 mean_actor_loss=0.0125 mean_kl=0.0000 stage=warmup scheduler_success_rate=0.000
episodes 19160-19179: success_rate=0.150 mean_reward=-496.06 mean_actor_loss=0.0125 mean_kl=0.0000 stage=warmup scheduler_success_rate=0.167
episodes 19180-19199: success_rate=0.200 mean_reward=-1166.36 mean_actor_loss=0.0125 mean_kl=0.0000 stage=warmup scheduler_success_rate=0.167
episodes 19200-19219: success_rate=0.550 mean_reward=-622.83 mean_actor_loss=0.0125 mean_kl=0.0000 stage=warmup scheduler_success_rate=0.333
episodes 19220-19239: success_rate=0.450 mean_reward=-179.14 mean_actor_loss=0.0124 mean_kl=0.0000 stage=warmup scheduler_success_rate=0.500
episodes 19240-19259: success_rate=0.200 mean_reward=-319.49 mean_actor_loss=0.0125 mean_kl=0.0000 stage=warmup scheduler_success_rate=0.167
episodes 19260-19279: success_rate=0.650 mean_reward=-59.41 mean_actor_loss=0.0124 mean_kl=0.0000 stage=warmup scheduler_success_rate=0.333
episodes 19280-19299: success_rate=0.400 mean_reward=-673.65 mean_actor_loss=0.0125 mean_kl=0.0000 stage=warmup scheduler_success_rate=0.333
episodes 19300-19319: success_rate=0.350 mean_reward=-715.88 mean_actor_loss=0.0125 mean_kl=0.0000 stage=warmup scheduler_success_rate=0.167
episodes 19320-19339: success_rate=0.250 mean_reward=-713.91 mean_actor_loss=0.0125 mean_kl=0.0000 stage=warmup scheduler_success_rate=0.167
episodes 19340-19359: success_rate=0.250 mean_reward=-668.85 mean_actor_loss=0.0125 mean_kl=0.0000 stage=warmup scheduler_success_rate=0.000
episodes 19360-19379: success_rate=0.350 mean_reward=-503.35 mean_actor_loss=0.0125 mean_kl=0.0000 stage=warmup scheduler_success_rate=0.333
episodes 19380-19399: success_rate=0.450 mean_reward=-556.25 mean_actor_loss=0.0125 mean_kl=0.0000 stage=warmup scheduler_success_rate=0.167
episodes 19400-19419: success_rate=0.500 mean_reward=-625.95 mean_actor_loss=0.0124 mean_kl=0.0000 stage=warmup scheduler_success_rate=0.333
episodes 19420-19439: success_rate=0.250 mean_reward=-657.87 mean_actor_loss=0.0125 mean_kl=0.0000 stage=warmup scheduler_success_rate=0.000
episodes 19440-19459: success_rate=0.200 mean_reward=-1099.38 mean_actor_loss=0.0125 mean_kl=0.0000 stage=warmup scheduler_success_rate=0.000
episodes 19460-19479: success_rate=0.300 mean_reward=-753.39 mean_actor_loss=0.0125 mean_kl=0.0000 stage=warmup scheduler_success_rate=0.333
episodes 19480-19499: success_rate=0.350 mean_reward=-778.32 mean_actor_loss=0.0124 mean_kl=0.0000 stage=warmup scheduler_success_rate=0.333
episodes 19500-19519: success_rate=0.300 mean_reward=-543.99 mean_actor_loss=0.0125 mean_kl=0.0000 stage=warmup scheduler_success_rate=0.000
episodes 19520-19539: success_rate=0.400 mean_reward=-657.44 mean_actor_loss=0.0125 mean_kl=0.0000 stage=warmup scheduler_success_rate=0.167
episodes 19540-19559: success_rate=0.350 mean_reward=-910.68 mean_actor_loss=0.0125 mean_kl=0.0000 stage=warmup scheduler_success_rate=0.000
episodes 19560-19579: success_rate=0.250 mean_reward=-386.37 mean_actor_loss=0.0125 mean_kl=0.0000 stage=warmup scheduler_success_rate=0.000
episodes 19580-19599: success_rate=0.150 mean_reward=-685.32 mean_actor_loss=0.0125 mean_kl=0.0000 stage=warmup scheduler_success_rate=0.000
episodes 19600-19619: success_rate=0.150 mean_reward=-796.83 mean_actor_loss=0.0125 mean_kl=0.0000 stage=warmup scheduler_success_rate=0.000
episodes 19620-19639: success_rate=0.400 mean_reward=-92.68 mean_actor_loss=0.0124 mean_kl=0.0000 stage=warmup scheduler_success_rate=0.333
episodes 19640-19659: success_rate=0.450 mean_reward=-566.92 mean_actor_loss=0.0124 mean_kl=0.0000 stage=warmup scheduler_success_rate=0.333
episodes 19660-19679: success_rate=0.350 mean_reward=-366.01 mean_actor_loss=0.0124 mean_kl=0.0000 stage=warmup scheduler_success_rate=0.167
episodes 19680-19699: success_rate=0.500 mean_reward=-312.70 mean_actor_loss=0.0124 mean_kl=0.0000 stage=warmup scheduler_success_rate=0.500
episodes 19700-19719: success_rate=0.500 mean_reward=-801.31 mean_actor_loss=0.0124 mean_kl=0.0000 stage=warmup scheduler_success_rate=0.167
episodes 19720-19739: success_rate=0.350 mean_reward=-523.15 mean_actor_loss=0.0125 mean_kl=0.0000 stage=warmup scheduler_success_rate=0.167
episodes 19740-19759: success_rate=0.250 mean_reward=-766.07 mean_actor_loss=0.0125 mean_kl=0.0000 stage=warmup scheduler_success_rate=0.000
episodes 19760-19779: success_rate=0.350 mean_reward=-412.68 mean_actor_loss=0.0125 mean_kl=0.0000 stage=warmup scheduler_success_rate=0.167
episodes 19780-19799: success_rate=0.200 mean_reward=-742.01 mean_actor_loss=0.0125 mean_kl=0.0000 stage=warmup scheduler_success_rate=0.167
episodes 19800-19819: success_rate=0.150 mean_reward=-563.04 mean_actor_loss=0.0125 mean_kl=0.0000 stage=warmup scheduler_success_rate=0.000
episodes 19820-19839: success_rate=0.350 mean_reward=-336.44 mean_actor_loss=0.0124 mean_kl=0.0000 stage=warmup scheduler_success_rate=0.500
episodes 19840-19859: success_rate=0.300 mean_reward=-582.15 mean_actor_loss=0.0125 mean_kl=0.0000 stage=warmup scheduler_success_rate=0.333
episodes 19860-19879: success_rate=0.250 mean_reward=-119.46 mean_actor_loss=0.0124 mean_kl=0.0000 stage=warmup scheduler_success_rate=0.000
episodes 19880-19899: success_rate=0.350 mean_reward=-647.81 mean_actor_loss=0.0125 mean_kl=0.0000 stage=warmup scheduler_success_rate=0.167
episodes 19900-19919: success_rate=0.500 mean_reward=-644.97 mean_actor_loss=0.0125 mean_kl=0.0000 stage=warmup scheduler_success_rate=0.333
episodes 19920-19939: success_rate=0.600 mean_reward=-246.59 mean_actor_loss=0.0124 mean_kl=0.0000 stage=warmup scheduler_success_rate=0.167
episodes 19940-19959: success_rate=0.350 mean_reward=-1005.86 mean_actor_loss=0.0125 mean_kl=0.0000 stage=warmup scheduler_success_rate=0.000
episodes 19960-19979: success_rate=0.350 mean_reward=-341.81 mean_actor_loss=0.0125 mean_kl=0.0000 stage=warmup scheduler_success_rate=0.000
episodes 19980-19999: success_rate=0.250 mean_reward=-806.08 mean_actor_loss=0.0125 mean_kl=0.0000 stage=warmup scheduler_success_rate=0.000
episodes 20000-20019: success_rate=0.100 mean_reward=-934.11 mean_actor_loss=0.0125 mean_kl=0.0000 stage=warmup scheduler_success_rate=0.000
episodes 20020-20039: success_rate=0.400 mean_reward=-668.53 mean_actor_loss=0.0124 mean_kl=0.0000 stage=warmup scheduler_success_rate=0.000
episodes 20040-20059: success_rate=0.350 mean_reward=-693.71 mean_actor_loss=0.0124 mean_kl=0.0000 stage=warmup scheduler_success_rate=0.167
episodes 20060-20079: success_rate=0.250 mean_reward=-540.48 mean_actor_loss=0.0125 mean_kl=0.0000 stage=warmup scheduler_success_rate=0.000
episodes 20080-20099: success_rate=0.250 mean_reward=-537.81 mean_actor_loss=0.0125 mean_kl=0.0000 stage=warmup scheduler_success_rate=0.167
episodes 20100-20119: success_rate=0.400 mean_reward=-118.23 mean_actor_loss=0.0124 mean_kl=0.0000 stage=warmup scheduler_success_rate=0.167
episodes 20120-20139: success_rate=0.350 mean_reward=-796.54 mean_actor_loss=0.0125 mean_kl=0.0000 stage=warmup scheduler_success_rate=0.167
episodes 20140-20159: success_rate=0.450 mean_reward=-514.10 mean_actor_loss=0.0124 mean_kl=0.0001 stage=warmup scheduler_success_rate=0.167
episodes 20160-20179: success_rate=0.300 mean_reward=-859.86 mean_actor_loss=0.0125 mean_kl=0.0000 stage=warmup scheduler_success_rate=0.167
episodes 20180-20199: success_rate=0.150 mean_reward=-738.91 mean_actor_loss=0.0125 mean_kl=0.0000 stage=warmup scheduler_success_rate=0.000
episodes 20200-20219: success_rate=0.350 mean_reward=-673.10 mean_actor_loss=0.0125 mean_kl=0.0000 stage=warmup scheduler_success_rate=0.000
episodes 20220-20239: success_rate=0.550 mean_reward=-729.78 mean_actor_loss=0.0124 mean_kl=0.0000 stage=warmup scheduler_success_rate=0.000
episodes 20240-20259: success_rate=0.250 mean_reward=-712.40 mean_actor_loss=0.0124 mean_kl=0.0001 stage=warmup scheduler_success_rate=0.667
episodes 20260-20279: success_rate=0.050 mean_reward=-794.12 mean_actor_loss=0.0125 mean_kl=0.0000 stage=warmup scheduler_success_rate=0.167
episodes 20280-20299: success_rate=0.400 mean_reward=-917.01 mean_actor_loss=0.0124 mean_kl=0.0000 stage=warmup scheduler_success_rate=0.000
episodes 20300-20319: success_rate=0.300 mean_reward=-602.84 mean_actor_loss=0.0124 mean_kl=0.0000 stage=warmup scheduler_success_rate=0.167
episodes 20320-20339: success_rate=0.450 mean_reward=-638.00 mean_actor_loss=0.0124 mean_kl=0.0000 stage=warmup scheduler_success_rate=0.000
episodes 20340-20359: success_rate=0.250 mean_reward=-367.18 mean_actor_loss=0.0125 mean_kl=0.0001 stage=warmup scheduler_success_rate=0.167
episodes 20360-20379: success_rate=0.350 mean_reward=-601.13 mean_actor_loss=0.0124 mean_kl=0.0000 stage=warmup scheduler_success_rate=0.000
episodes 20380-20399: success_rate=0.300 mean_reward=-553.41 mean_actor_loss=0.0125 mean_kl=0.0000 stage=warmup scheduler_success_rate=0.167
episodes 20400-20419: success_rate=0.200 mean_reward=-615.32 mean_actor_loss=0.0125 mean_kl=0.0000 stage=warmup scheduler_success_rate=0.000
episodes 20420-20439: success_rate=0.300 mean_reward=-674.43 mean_actor_loss=0.0125 mean_kl=0.0000 stage=warmup scheduler_success_rate=0.333
episodes 20440-20459: success_rate=0.350 mean_reward=-812.51 mean_actor_loss=0.0124 mean_kl=0.0000 stage=warmup scheduler_success_rate=0.000
episodes 20460-20479: success_rate=0.100 mean_reward=-355.81 mean_actor_loss=0.0125 mean_kl=0.0000 stage=warmup scheduler_success_rate=0.000
episodes 20480-20499: success_rate=0.250 mean_reward=-781.12 mean_actor_loss=0.0125 mean_kl=0.0000 stage=warmup scheduler_success_rate=0.000
episodes 20500-20519: success_rate=0.250 mean_reward=-697.36 mean_actor_loss=0.0125 mean_kl=0.0000 stage=warmup scheduler_success_rate=0.167
episodes 20520-20539: success_rate=0.300 mean_reward=4.63 mean_actor_loss=0.0124 mean_kl=0.0000 stage=warmup scheduler_success_rate=0.167
episodes 20540-20559: success_rate=0.600 mean_reward=-614.37 mean_actor_loss=0.0124 mean_kl=0.0001 stage=warmup scheduler_success_rate=0.333
episodes 20560-20579: success_rate=0.500 mean_reward=-648.78 mean_actor_loss=0.0125 mean_kl=0.0000 stage=warmup scheduler_success_rate=0.500
episodes 20580-20599: success_rate=0.250 mean_reward=-454.97 mean_actor_loss=0.0125 mean_kl=0.0000 stage=warmup scheduler_success_rate=0.167
episodes 20600-20619: success_rate=0.250 mean_reward=-385.78 mean_actor_loss=0.0124 mean_kl=0.0000 stage=warmup scheduler_success_rate=0.500
episodes 20620-20639: success_rate=0.350 mean_reward=-277.22 mean_actor_loss=0.0125 mean_kl=0.0000 stage=warmup scheduler_success_rate=0.000
episodes 20640-20659: success_rate=0.300 mean_reward=-287.99 mean_actor_loss=0.0125 mean_kl=0.0000 stage=warmup scheduler_success_rate=0.167
episodes 20660-20679: success_rate=0.350 mean_reward=-330.22 mean_actor_loss=0.0125 mean_kl=0.0000 stage=warmup scheduler_success_rate=0.500
episodes 20680-20699: success_rate=0.450 mean_reward=-689.71 mean_actor_loss=0.0124 mean_kl=0.0000 stage=warmup scheduler_success_rate=0.167
episodes 20700-20719: success_rate=0.300 mean_reward=-471.82 mean_actor_loss=0.0125 mean_kl=0.0000 stage=warmup scheduler_success_rate=0.333
episodes 20720-20739: success_rate=0.550 mean_reward=-397.10 mean_actor_loss=0.0124 mean_kl=0.0000 stage=warmup scheduler_success_rate=0.333
episodes 20740-20759: success_rate=0.400 mean_reward=-545.38 mean_actor_loss=0.0124 mean_kl=0.0000 stage=warmup scheduler_success_rate=0.167
episodes 20760-20779: success_rate=0.300 mean_reward=-825.71 mean_actor_loss=0.0125 mean_kl=0.0000 stage=warmup scheduler_success_rate=0.167
episodes 20780-20799: success_rate=0.350 mean_reward=-717.38 mean_actor_loss=0.0124 mean_kl=0.0000 stage=warmup scheduler_success_rate=0.000
episodes 20800-20819: success_rate=0.400 mean_reward=-293.73 mean_actor_loss=0.0124 mean_kl=0.0000 stage=warmup scheduler_success_rate=0.167
episodes 20820-20839: success_rate=0.250 mean_reward=-363.32 mean_actor_loss=0.0125 mean_kl=0.0000 stage=warmup scheduler_success_rate=0.333
episodes 20840-20859: success_rate=0.300 mean_reward=-1087.55 mean_actor_loss=0.0124 mean_kl=0.0000 stage=warmup scheduler_success_rate=0.000
episodes 20860-20879: success_rate=0.200 mean_reward=-872.71 mean_actor_loss=0.0125 mean_kl=0.0000 stage=warmup scheduler_success_rate=0.000
episodes 20880-20899: success_rate=0.300 mean_reward=-679.35 mean_actor_loss=0.0125 mean_kl=0.0000 stage=warmup scheduler_success_rate=0.167
episodes 20900-20919: success_rate=0.250 mean_reward=-556.24 mean_actor_loss=0.0125 mean_kl=0.0000 stage=warmup scheduler_success_rate=0.167
episodes 20920-20939: success_rate=0.300 mean_reward=-661.29 mean_actor_loss=0.0125 mean_kl=0.0000 stage=warmup scheduler_success_rate=0.167
episodes 20940-20959: success_rate=0.250 mean_reward=-800.96 mean_actor_loss=0.0125 mean_kl=0.0000 stage=warmup scheduler_success_rate=0.167
episodes 20960-20979: success_rate=0.400 mean_reward=-397.36 mean_actor_loss=0.0124 mean_kl=0.0000 stage=warmup scheduler_success_rate=0.500
episodes 20980-20999: success_rate=0.300 mean_reward=-413.44 mean_actor_loss=0.0125 mean_kl=0.0000 stage=warmup scheduler_success_rate=0.167
episodes 21000-21019: success_rate=0.400 mean_reward=-345.78 mean_actor_loss=0.0124 mean_kl=0.0000 stage=warmup scheduler_success_rate=0.167
episodes 21020-21039: success_rate=0.150 mean_reward=-785.09 mean_actor_loss=0.0125 mean_kl=0.0000 stage=warmup scheduler_success_rate=0.000
episodes 21040-21059: success_rate=0.300 mean_reward=-671.29 mean_actor_loss=0.0125 mean_kl=0.0000 stage=warmup scheduler_success_rate=0.000
episodes 21060-21079: success_rate=0.100 mean_reward=-201.57 mean_actor_loss=0.0125 mean_kl=0.0000 stage=warmup scheduler_success_rate=0.000
episodes 21080-21099: success_rate=0.250 mean_reward=-470.54 mean_actor_loss=0.0125 mean_kl=0.0000 stage=warmup scheduler_success_rate=0.167
episodes 21100-21119: success_rate=0.450 mean_reward=-124.35 mean_actor_loss=0.0124 mean_kl=0.0000 stage=warmup scheduler_success_rate=0.500
episodes 21120-21139: success_rate=0.400 mean_reward=-737.12 mean_actor_loss=0.0125 mean_kl=0.0000 stage=warmup scheduler_success_rate=0.000
episodes 21140-21159: success_rate=0.400 mean_reward=-105.25 mean_actor_loss=0.0124 mean_kl=0.0000 stage=warmup scheduler_success_rate=0.167
episodes 21160-21179: success_rate=0.300 mean_reward=-495.45 mean_actor_loss=0.0125 mean_kl=0.0000 stage=warmup scheduler_success_rate=0.333
episodes 21180-21199: success_rate=0.300 mean_reward=-536.01 mean_actor_loss=0.0125 mean_kl=0.0000 stage=warmup scheduler_success_rate=0.167
episodes 21200-21219: success_rate=0.250 mean_reward=-793.92 mean_actor_loss=0.0125 mean_kl=0.0000 stage=warmup scheduler_success_rate=0.167
episodes 21220-21239: success_rate=0.200 mean_reward=-869.35 mean_actor_loss=0.0125 mean_kl=0.0000 stage=warmup scheduler_success_rate=0.000
episodes 21240-21259: success_rate=0.150 mean_reward=-329.19 mean_actor_loss=0.0125 mean_kl=0.0000 stage=warmup scheduler_success_rate=0.000
episodes 21260-21279: success_rate=0.250 mean_reward=-610.01 mean_actor_loss=0.0125 mean_kl=0.0000 stage=warmup scheduler_success_rate=0.167
episodes 21280-21299: success_rate=0.350 mean_reward=-453.93 mean_actor_loss=0.0125 mean_kl=0.0000 stage=warmup scheduler_success_rate=0.333
episodes 21300-21319: success_rate=0.400 mean_reward=-319.25 mean_actor_loss=0.0124 mean_kl=0.0000 stage=warmup scheduler_success_rate=0.167
episodes 21320-21339: success_rate=0.350 mean_reward=-687.76 mean_actor_loss=0.0125 mean_kl=0.0000 stage=warmup scheduler_success_rate=0.333
episodes 21340-21359: success_rate=0.200 mean_reward=-702.18 mean_actor_loss=0.0125 mean_kl=0.0000 stage=warmup scheduler_success_rate=0.167
episodes 21360-21379: success_rate=0.500 mean_reward=-404.89 mean_actor_loss=0.0124 mean_kl=0.0000 stage=warmup scheduler_success_rate=0.333
episodes 21380-21399: success_rate=0.350 mean_reward=-411.30 mean_actor_loss=0.0125 mean_kl=0.0000 stage=warmup scheduler_success_rate=0.500
episodes 21400-21419: success_rate=0.300 mean_reward=-590.97 mean_actor_loss=0.0125 mean_kl=0.0000 stage=warmup scheduler_success_rate=0.000
episodes 21420-21439: success_rate=0.100 mean_reward=-806.67 mean_actor_loss=0.0125 mean_kl=0.0000 stage=warmup scheduler_success_rate=0.000
episodes 21440-21459: success_rate=0.300 mean_reward=-536.84 mean_actor_loss=0.0124 mean_kl=0.0000 stage=warmup scheduler_success_rate=0.167
episodes 21460-21479: success_rate=0.300 mean_reward=-861.31 mean_actor_loss=0.0125 mean_kl=0.0000 stage=warmup scheduler_success_rate=0.000
episodes 21480-21499: success_rate=0.650 mean_reward=-704.68 mean_actor_loss=0.0124 mean_kl=0.0000 stage=warmup scheduler_success_rate=0.333
episodes 21500-21519: success_rate=0.200 mean_reward=-336.23 mean_actor_loss=0.0125 mean_kl=0.0000 stage=warmup scheduler_success_rate=0.000
episodes 21520-21539: success_rate=0.300 mean_reward=-520.58 mean_actor_loss=0.0125 mean_kl=0.0000 stage=warmup scheduler_success_rate=0.167
episodes 21540-21559: success_rate=0.350 mean_reward=-971.22 mean_actor_loss=0.0125 mean_kl=0.0000 stage=warmup scheduler_success_rate=0.000
episodes 21560-21579: success_rate=0.400 mean_reward=-509.43 mean_actor_loss=0.0124 mean_kl=0.0000 stage=warmup scheduler_success_rate=0.333
episodes 21580-21599: success_rate=0.550 mean_reward=-599.60 mean_actor_loss=0.0124 mean_kl=0.0000 stage=warmup scheduler_success_rate=0.333
episodes 21600-21619: success_rate=0.300 mean_reward=-302.68 mean_actor_loss=0.0125 mean_kl=0.0000 stage=warmup scheduler_success_rate=0.333
episodes 21620-21639: success_rate=0.350 mean_reward=-234.06 mean_actor_loss=0.0124 mean_kl=0.0000 stage=warmup scheduler_success_rate=0.167
episodes 21640-21659: success_rate=0.350 mean_reward=-250.05 mean_actor_loss=0.0124 mean_kl=0.0000 stage=warmup scheduler_success_rate=0.167
episodes 21660-21679: success_rate=0.350 mean_reward=-704.42 mean_actor_loss=0.0125 mean_kl=0.0000 stage=warmup scheduler_success_rate=0.667
episodes 21680-21699: success_rate=0.350 mean_reward=-669.09 mean_actor_loss=0.0124 mean_kl=0.0000 stage=warmup scheduler_success_rate=0.333
episodes 21700-21719: success_rate=0.450 mean_reward=-526.36 mean_actor_loss=0.0125 mean_kl=0.0000 stage=warmup scheduler_success_rate=0.500
episodes 21720-21739: success_rate=0.450 mean_reward=-246.22 mean_actor_loss=0.0125 mean_kl=0.0001 stage=warmup scheduler_success_rate=0.167
episodes 21740-21759: success_rate=0.500 mean_reward=-666.75 mean_actor_loss=0.0124 mean_kl=0.0000 stage=warmup scheduler_success_rate=0.333
episodes 21760-21779: success_rate=0.300 mean_reward=-480.58 mean_actor_loss=0.0125 mean_kl=0.0000 stage=warmup scheduler_success_rate=0.167
episodes 21780-21799: success_rate=0.200 mean_reward=-469.82 mean_actor_loss=0.0125 mean_kl=0.0000 stage=warmup scheduler_success_rate=0.000
episodes 21800-21819: success_rate=0.500 mean_reward=-329.20 mean_actor_loss=0.0124 mean_kl=0.0000 stage=warmup scheduler_success_rate=0.167
episodes 21820-21839: success_rate=0.250 mean_reward=-767.89 mean_actor_loss=0.0125 mean_kl=0.0000 stage=warmup scheduler_success_rate=0.333
episodes 21840-21859: success_rate=0.050 mean_reward=-867.19 mean_actor_loss=0.0125 mean_kl=0.0000 stage=warmup scheduler_success_rate=0.000
episodes 21860-21879: success_rate=0.500 mean_reward=-454.39 mean_actor_loss=0.0124 mean_kl=0.0000 stage=warmup scheduler_success_rate=0.167
episodes 21880-21899: success_rate=0.200 mean_reward=-1054.93 mean_actor_loss=0.0125 mean_kl=0.0000 stage=warmup scheduler_success_rate=0.000
episodes 21900-21919: success_rate=0.300 mean_reward=-714.25 mean_actor_loss=0.0125 mean_kl=0.0000 stage=warmup scheduler_success_rate=0.167
episodes 21920-21939: success_rate=0.400 mean_reward=-581.91 mean_actor_loss=0.0125 mean_kl=0.0000 stage=warmup scheduler_success_rate=0.167
episodes 21940-21959: success_rate=0.300 mean_reward=-384.64 mean_actor_loss=0.0125 mean_kl=0.0000 stage=warmup scheduler_success_rate=0.000
episodes 21960-21979: success_rate=0.350 mean_reward=-843.71 mean_actor_loss=0.0124 mean_kl=0.0000 stage=warmup scheduler_success_rate=0.167
episodes 21980-21999: success_rate=0.350 mean_reward=-545.52 mean_actor_loss=0.0124 mean_kl=0.0000 stage=warmup scheduler_success_rate=0.167
episodes 22000-22019: success_rate=0.150 mean_reward=-498.74 mean_actor_loss=0.0125 mean_kl=0.0000 stage=warmup scheduler_success_rate=0.167
episodes 22020-22039: success_rate=0.250 mean_reward=-1076.10 mean_actor_loss=0.0125 mean_kl=0.0000 stage=warmup scheduler_success_rate=0.167
episodes 22040-22059: success_rate=0.300 mean_reward=-363.49 mean_actor_loss=0.0125 mean_kl=0.0000 stage=warmup scheduler_success_rate=0.333
episodes 22060-22079: success_rate=0.200 mean_reward=-1007.17 mean_actor_loss=0.0125 mean_kl=0.0000 stage=warmup scheduler_success_rate=0.000
episodes 22080-22099: success_rate=0.250 mean_reward=-1290.79 mean_actor_loss=0.0125 mean_kl=0.0000 stage=warmup scheduler_success_rate=0.167
episodes 22100-22119: success_rate=0.450 mean_reward=-398.42 mean_actor_loss=0.0124 mean_kl=0.0000 stage=warmup scheduler_success_rate=0.333
episodes 22120-22139: success_rate=0.300 mean_reward=-623.07 mean_actor_loss=0.0125 mean_kl=0.0000 stage=warmup scheduler_success_rate=0.333
episodes 22140-22159: success_rate=0.400 mean_reward=-236.08 mean_actor_loss=0.0124 mean_kl=0.0000 stage=warmup scheduler_success_rate=0.500
episodes 22160-22179: success_rate=0.450 mean_reward=-362.83 mean_actor_loss=0.0125 mean_kl=0.0000 stage=warmup scheduler_success_rate=0.167
episodes 22180-22199: success_rate=0.250 mean_reward=-744.77 mean_actor_loss=0.0125 mean_kl=0.0000 stage=warmup scheduler_success_rate=0.000
episodes 22200-22219: success_rate=0.400 mean_reward=-623.82 mean_actor_loss=0.0125 mean_kl=0.0000 stage=warmup scheduler_success_rate=0.167
episodes 22220-22239: success_rate=0.300 mean_reward=-701.71 mean_actor_loss=0.0125 mean_kl=0.0000 stage=warmup scheduler_success_rate=0.000
episodes 22240-22259: success_rate=0.300 mean_reward=-238.10 mean_actor_loss=0.0125 mean_kl=0.0000 stage=warmup scheduler_success_rate=0.500
episodes 22260-22279: success_rate=0.200 mean_reward=-831.33 mean_actor_loss=0.0124 mean_kl=0.0000 stage=warmup scheduler_success_rate=0.000
episodes 22280-22299: success_rate=0.350 mean_reward=-794.28 mean_actor_loss=0.0124 mean_kl=0.0000 stage=warmup scheduler_success_rate=0.167
episodes 22300-22319: success_rate=0.250 mean_reward=-625.63 mean_actor_loss=0.0124 mean_kl=0.0001 stage=warmup scheduler_success_rate=0.167
episodes 22320-22339: success_rate=0.150 mean_reward=-805.13 mean_actor_loss=0.0125 mean_kl=0.0000 stage=warmup scheduler_success_rate=0.000
episodes 22340-22359: success_rate=0.500 mean_reward=-138.97 mean_actor_loss=0.0124 mean_kl=0.0001 stage=warmup scheduler_success_rate=0.500
episodes 22360-22379: success_rate=0.550 mean_reward=-129.44 mean_actor_loss=0.0124 mean_kl=0.0000 stage=warmup scheduler_success_rate=0.167
episodes 22380-22399: success_rate=0.250 mean_reward=-345.28 mean_actor_loss=0.0125 mean_kl=0.0000 stage=warmup scheduler_success_rate=0.000
episodes 22400-22419: success_rate=0.500 mean_reward=-559.93 mean_actor_loss=0.0124 mean_kl=0.0000 stage=warmup scheduler_success_rate=0.333
episodes 22420-22439: success_rate=0.250 mean_reward=-580.22 mean_actor_loss=0.0125 mean_kl=0.0000 stage=warmup scheduler_success_rate=0.333
episodes 22440-22459: success_rate=0.100 mean_reward=-330.77 mean_actor_loss=0.0125 mean_kl=0.0000 stage=warmup scheduler_success_rate=0.000
episodes 22460-22479: success_rate=0.450 mean_reward=-321.61 mean_actor_loss=0.0124 mean_kl=0.0000 stage=warmup scheduler_success_rate=0.167
episodes 22480-22499: success_rate=0.400 mean_reward=-601.31 mean_actor_loss=0.0124 mean_kl=0.0000 stage=warmup scheduler_success_rate=0.167
episodes 22500-22519: success_rate=0.350 mean_reward=-1148.78 mean_actor_loss=0.0125 mean_kl=0.0000 stage=warmup scheduler_success_rate=0.167
episodes 22520-22539: success_rate=0.250 mean_reward=-495.89 mean_actor_loss=0.0125 mean_kl=0.0000 stage=warmup scheduler_success_rate=0.000
episodes 22540-22559: success_rate=0.300 mean_reward=-412.23 mean_actor_loss=0.0125 mean_kl=0.0000 stage=warmup scheduler_success_rate=0.167
episodes 22560-22579: success_rate=0.400 mean_reward=-518.44 mean_actor_loss=0.0125 mean_kl=0.0000 stage=warmup scheduler_success_rate=0.167
episodes 22580-22599: success_rate=0.200 mean_reward=-638.08 mean_actor_loss=0.0125 mean_kl=0.0000 stage=warmup scheduler_success_rate=0.167
episodes 22600-22619: success_rate=0.250 mean_reward=-653.87 mean_actor_loss=0.0125 mean_kl=0.0000 stage=warmup scheduler_success_rate=0.000
episodes 22620-22639: success_rate=0.200 mean_reward=-590.29 mean_actor_loss=0.0125 mean_kl=0.0000 stage=warmup scheduler_success_rate=0.000
episodes 22640-22659: success_rate=0.400 mean_reward=-233.52 mean_actor_loss=0.0125 mean_kl=0.0000 stage=warmup scheduler_success_rate=0.167
episodes 22660-22679: success_rate=0.350 mean_reward=-477.34 mean_actor_loss=0.0125 mean_kl=0.0000 stage=warmup scheduler_success_rate=0.333
episodes 22680-22699: success_rate=0.400 mean_reward=-318.54 mean_actor_loss=0.0125 mean_kl=0.0000 stage=warmup scheduler_success_rate=0.500
episodes 22700-22719: success_rate=0.350 mean_reward=-142.56 mean_actor_loss=0.0125 mean_kl=0.0000 stage=warmup scheduler_success_rate=0.167
episodes 22720-22739: success_rate=0.250 mean_reward=-208.21 mean_actor_loss=0.0125 mean_kl=0.0000 stage=warmup scheduler_success_rate=0.333
episodes 22740-22759: success_rate=0.300 mean_reward=-437.03 mean_actor_loss=0.0125 mean_kl=0.0000 stage=warmup scheduler_success_rate=0.500
episodes 22760-22779: success_rate=0.450 mean_reward=-438.21 mean_actor_loss=0.0124 mean_kl=0.0000 stage=warmup scheduler_success_rate=0.167
episodes 22780-22799: success_rate=0.300 mean_reward=-655.62 mean_actor_loss=0.0125 mean_kl=0.0000 stage=warmup scheduler_success_rate=0.167
episodes 22800-22819: success_rate=0.400 mean_reward=-202.48 mean_actor_loss=0.0124 mean_kl=0.0000 stage=warmup scheduler_success_rate=0.167
episodes 22820-22839: success_rate=0.600 mean_reward=-431.79 mean_actor_loss=0.0125 mean_kl=0.0000 stage=warmup scheduler_success_rate=0.333
episodes 22840-22859: success_rate=0.200 mean_reward=-768.46 mean_actor_loss=0.0125 mean_kl=0.0000 stage=warmup scheduler_success_rate=0.000
episodes 22860-22879: success_rate=0.300 mean_reward=-843.69 mean_actor_loss=0.0125 mean_kl=0.0000 stage=warmup scheduler_success_rate=0.500
episodes 22880-22899: success_rate=0.800 mean_reward=-274.76 mean_actor_loss=0.0123 mean_kl=0.0000 stage=warmup scheduler_success_rate=0.333
episodes 22900-22919: success_rate=0.400 mean_reward=-631.17 mean_actor_loss=0.0124 mean_kl=0.0000 stage=warmup scheduler_success_rate=0.167
episodes 22920-22939: success_rate=0.500 mean_reward=-806.59 mean_actor_loss=0.0124 mean_kl=0.0000 stage=warmup scheduler_success_rate=0.333
episodes 22940-22959: success_rate=0.200 mean_reward=-541.11 mean_actor_loss=0.0125 mean_kl=0.0000 stage=warmup scheduler_success_rate=0.000
episodes 22960-22979: success_rate=0.250 mean_reward=-390.99 mean_actor_loss=0.0124 mean_kl=0.0000 stage=warmup scheduler_success_rate=0.000
episodes 22980-22999: success_rate=0.200 mean_reward=-452.34 mean_actor_loss=0.0125 mean_kl=0.0000 stage=warmup scheduler_success_rate=0.167
episodes 23000-23019: success_rate=0.600 mean_reward=-409.47 mean_actor_loss=0.0125 mean_kl=0.0000 stage=warmup scheduler_success_rate=0.500
episodes 23020-23039: success_rate=0.350 mean_reward=-498.53 mean_actor_loss=0.0125 mean_kl=0.0000 stage=warmup scheduler_success_rate=0.333
episodes 23040-23059: success_rate=0.550 mean_reward=-551.55 mean_actor_loss=0.0124 mean_kl=0.0000 stage=warmup scheduler_success_rate=0.000
episodes 23060-23079: success_rate=0.500 mean_reward=-705.87 mean_actor_loss=0.0124 mean_kl=0.0000 stage=warmup scheduler_success_rate=0.000
episodes 23080-23099: success_rate=0.100 mean_reward=-252.26 mean_actor_loss=0.0125 mean_kl=0.0000 stage=warmup scheduler_success_rate=0.167
episodes 23100-23119: success_rate=0.550 mean_reward=-441.43 mean_actor_loss=0.0124 mean_kl=0.0000 stage=warmup scheduler_success_rate=0.000
episodes 23120-23139: success_rate=0.300 mean_reward=-735.20 mean_actor_loss=0.0125 mean_kl=0.0000 stage=warmup scheduler_success_rate=0.000
episodes 23140-23159: success_rate=0.150 mean_reward=-776.06 mean_actor_loss=0.0125 mean_kl=0.0000 stage=warmup scheduler_success_rate=0.167
episodes 23160-23179: success_rate=0.150 mean_reward=-622.28 mean_actor_loss=0.0125 mean_kl=0.0000 stage=warmup scheduler_success_rate=0.000
episodes 23180-23199: success_rate=0.250 mean_reward=-716.16 mean_actor_loss=0.0125 mean_kl=0.0000 stage=warmup scheduler_success_rate=0.167
episodes 23200-23219: success_rate=0.300 mean_reward=-302.71 mean_actor_loss=0.0124 mean_kl=0.0000 stage=warmup scheduler_success_rate=0.167
episodes 23220-23239: success_rate=0.250 mean_reward=-605.16 mean_actor_loss=0.0125 mean_kl=0.0000 stage=warmup scheduler_success_rate=0.333
episodes 23240-23259: success_rate=0.450 mean_reward=-968.42 mean_actor_loss=0.0124 mean_kl=0.0000 stage=warmup scheduler_success_rate=0.167
episodes 23260-23279: success_rate=0.350 mean_reward=-855.52 mean_actor_loss=0.0125 mean_kl=0.0000 stage=warmup scheduler_success_rate=0.167
episodes 23280-23299: success_rate=0.300 mean_reward=-604.11 mean_actor_loss=0.0125 mean_kl=0.0000 stage=warmup scheduler_success_rate=0.167
episodes 23300-23319: success_rate=0.450 mean_reward=-765.94 mean_actor_loss=0.0125 mean_kl=0.0000 stage=warmup scheduler_success_rate=0.167
episodes 23320-23339: success_rate=0.250 mean_reward=-748.16 mean_actor_loss=0.0125 mean_kl=0.0001 stage=warmup scheduler_success_rate=0.167
episodes 23340-23359: success_rate=0.100 mean_reward=-505.29 mean_actor_loss=0.0125 mean_kl=0.0000 stage=warmup scheduler_success_rate=0.000
episodes 23360-23379: success_rate=0.200 mean_reward=-807.01 mean_actor_loss=0.0125 mean_kl=0.0000 stage=warmup scheduler_success_rate=0.167
episodes 23380-23399: success_rate=0.550 mean_reward=-499.91 mean_actor_loss=0.0124 mean_kl=0.0000 stage=warmup scheduler_success_rate=0.333
episodes 23400-23419: success_rate=0.500 mean_reward=-341.70 mean_actor_loss=0.0124 mean_kl=0.0000 stage=warmup scheduler_success_rate=0.167
episodes 23420-23439: success_rate=0.250 mean_reward=-504.03 mean_actor_loss=0.0125 mean_kl=0.0000 stage=warmup scheduler_success_rate=0.167
episodes 23440-23459: success_rate=0.250 mean_reward=-348.91 mean_actor_loss=0.0125 mean_kl=0.0000 stage=warmup scheduler_success_rate=0.333
episodes 23460-23479: success_rate=0.550 mean_reward=-297.85 mean_actor_loss=0.0124 mean_kl=0.0000 stage=warmup scheduler_success_rate=0.667
episodes 23480-23499: success_rate=0.250 mean_reward=-592.91 mean_actor_loss=0.0125 mean_kl=0.0000 stage=warmup scheduler_success_rate=0.333
episodes 23500-23519: success_rate=0.300 mean_reward=-667.17 mean_actor_loss=0.0125 mean_kl=0.0000 stage=warmup scheduler_success_rate=0.167
episodes 23520-23539: success_rate=0.300 mean_reward=-301.21 mean_actor_loss=0.0124 mean_kl=0.0000 stage=warmup scheduler_success_rate=0.500
episodes 23540-23559: success_rate=0.450 mean_reward=-689.65 mean_actor_loss=0.0124 mean_kl=0.0000 stage=warmup scheduler_success_rate=0.000
episodes 23560-23579: success_rate=0.200 mean_reward=-626.30 mean_actor_loss=0.0125 mean_kl=0.0000 stage=warmup scheduler_success_rate=0.000
episodes 23580-23599: success_rate=0.400 mean_reward=-396.95 mean_actor_loss=0.0125 mean_kl=0.0001 stage=warmup scheduler_success_rate=0.167
episodes 23600-23619: success_rate=0.400 mean_reward=-569.33 mean_actor_loss=0.0125 mean_kl=0.0000 stage=warmup scheduler_success_rate=0.000
episodes 23620-23639: success_rate=0.300 mean_reward=-483.67 mean_actor_loss=0.0125 mean_kl=0.0000 stage=warmup scheduler_success_rate=0.000
episodes 23640-23659: success_rate=0.550 mean_reward=-503.51 mean_actor_loss=0.0124 mean_kl=0.0000 stage=intermediate scheduler_success_rate=1.000
episodes 23660-23679: success_rate=0.450 mean_reward=-355.87 mean_actor_loss=0.0124 mean_kl=0.0000 stage=warmup scheduler_success_rate=0.333
episodes 23680-23699: success_rate=0.400 mean_reward=-578.11 mean_actor_loss=0.0125 mean_kl=0.0000 stage=warmup scheduler_success_rate=0.167
episodes 23700-23719: success_rate=0.250 mean_reward=-566.03 mean_actor_loss=0.0125 mean_kl=0.0000 stage=warmup scheduler_success_rate=0.167
episodes 23720-23739: success_rate=0.200 mean_reward=-557.22 mean_actor_loss=0.0125 mean_kl=0.0000 stage=warmup scheduler_success_rate=0.333
episodes 23740-23759: success_rate=0.200 mean_reward=-685.20 mean_actor_loss=0.0125 mean_kl=0.0000 stage=warmup scheduler_success_rate=0.167
episodes 23760-23779: success_rate=0.250 mean_reward=-498.22 mean_actor_loss=0.0125 mean_kl=0.0000 stage=warmup scheduler_success_rate=0.000
episodes 23780-23799: success_rate=0.200 mean_reward=-750.39 mean_actor_loss=0.0125 mean_kl=0.0000 stage=warmup scheduler_success_rate=0.167
episodes 23800-23819: success_rate=0.400 mean_reward=-582.71 mean_actor_loss=0.0125 mean_kl=0.0000 stage=warmup scheduler_success_rate=0.167
episodes 23820-23839: success_rate=0.150 mean_reward=-899.45 mean_actor_loss=0.0125 mean_kl=0.0000 stage=warmup scheduler_success_rate=0.167
episodes 23840-23859: success_rate=0.250 mean_reward=-697.90 mean_actor_loss=0.0125 mean_kl=0.0000 stage=warmup scheduler_success_rate=0.000
episodes 23860-23879: success_rate=0.100 mean_reward=-814.08 mean_actor_loss=0.0125 mean_kl=0.0001 stage=warmup scheduler_success_rate=0.167
episodes 23880-23899: success_rate=0.200 mean_reward=-533.35 mean_actor_loss=0.0125 mean_kl=0.0000 stage=warmup scheduler_success_rate=0.000
episodes 23900-23919: success_rate=0.350 mean_reward=-384.27 mean_actor_loss=0.0125 mean_kl=0.0000 stage=warmup scheduler_success_rate=0.333
episodes 23920-23939: success_rate=0.450 mean_reward=-347.15 mean_actor_loss=0.0124 mean_kl=0.0000 stage=warmup scheduler_success_rate=0.000
episodes 23940-23959: success_rate=0.300 mean_reward=-724.16 mean_actor_loss=0.0125 mean_kl=0.0000 stage=warmup scheduler_success_rate=0.000
episodes 23960-23979: success_rate=0.550 mean_reward=-654.58 mean_actor_loss=0.0124 mean_kl=0.0000 stage=warmup scheduler_success_rate=0.333
episodes 23980-23999: success_rate=0.650 mean_reward=-256.67 mean_actor_loss=0.0124 mean_kl=0.0000 stage=warmup scheduler_success_rate=0.333
episodes 24000-24019: success_rate=0.150 mean_reward=-874.89 mean_actor_loss=0.0125 mean_kl=0.0000 stage=warmup scheduler_success_rate=0.000
episodes 24020-24039: success_rate=0.450 mean_reward=-617.60 mean_actor_loss=0.0125 mean_kl=0.0000 stage=warmup scheduler_success_rate=0.167
episodes 24040-24059: success_rate=0.450 mean_reward=-575.15 mean_actor_loss=0.0125 mean_kl=0.0000 stage=warmup scheduler_success_rate=0.333
episodes 24060-24079: success_rate=0.400 mean_reward=-184.32 mean_actor_loss=0.0124 mean_kl=0.0000 stage=warmup scheduler_success_rate=0.000
episodes 24080-24099: success_rate=0.500 mean_reward=-540.63 mean_actor_loss=0.0124 mean_kl=0.0000 stage=warmup scheduler_success_rate=0.167
episodes 24100-24119: success_rate=0.300 mean_reward=-608.20 mean_actor_loss=0.0125 mean_kl=0.0000 stage=warmup scheduler_success_rate=0.000
episodes 24120-24139: success_rate=0.450 mean_reward=-716.46 mean_actor_loss=0.0125 mean_kl=0.0000 stage=warmup scheduler_success_rate=0.333
episodes 24140-24159: success_rate=0.300 mean_reward=-497.07 mean_actor_loss=0.0124 mean_kl=0.0000 stage=warmup scheduler_success_rate=0.167
episodes 24160-24179: success_rate=0.300 mean_reward=-221.40 mean_actor_loss=0.0125 mean_kl=0.0000 stage=warmup scheduler_success_rate=0.333
episodes 24180-24199: success_rate=0.200 mean_reward=-686.82 mean_actor_loss=0.0125 mean_kl=0.0000 stage=warmup scheduler_success_rate=0.167
episodes 24200-24219: success_rate=0.300 mean_reward=-697.71 mean_actor_loss=0.0125 mean_kl=0.0000 stage=warmup scheduler_success_rate=0.167
episodes 24220-24239: success_rate=0.350 mean_reward=-54.70 mean_actor_loss=0.0125 mean_kl=0.0000 stage=warmup scheduler_success_rate=0.167
episodes 24240-24259: success_rate=0.350 mean_reward=-608.49 mean_actor_loss=0.0125 mean_kl=0.0000 stage=warmup scheduler_success_rate=0.333
episodes 24260-24279: success_rate=0.300 mean_reward=-516.36 mean_actor_loss=0.0125 mean_kl=0.0000 stage=warmup scheduler_success_rate=0.000
episodes 24280-24299: success_rate=0.350 mean_reward=-484.40 mean_actor_loss=0.0125 mean_kl=0.0000 stage=warmup scheduler_success_rate=0.000
episodes 24300-24319: success_rate=0.300 mean_reward=-735.68 mean_actor_loss=0.0125 mean_kl=0.0000 stage=warmup scheduler_success_rate=0.000
episodes 24320-24339: success_rate=0.300 mean_reward=-502.30 mean_actor_loss=0.0124 mean_kl=0.0000 stage=warmup scheduler_success_rate=0.500
episodes 24340-24359: success_rate=0.400 mean_reward=-424.30 mean_actor_loss=0.0125 mean_kl=0.0000 stage=warmup scheduler_success_rate=0.333
episodes 24360-24379: success_rate=0.350 mean_reward=-690.05 mean_actor_loss=0.0125 mean_kl=0.0000 stage=warmup scheduler_success_rate=0.167
episodes 24380-24399: success_rate=0.250 mean_reward=-643.64 mean_actor_loss=0.0125 mean_kl=0.0000 stage=warmup scheduler_success_rate=0.167
episodes 24400-24419: success_rate=0.200 mean_reward=-957.15 mean_actor_loss=0.0125 mean_kl=0.0000 stage=warmup scheduler_success_rate=0.000
episodes 24420-24439: success_rate=0.450 mean_reward=-617.96 mean_actor_loss=0.0125 mean_kl=0.0000 stage=warmup scheduler_success_rate=0.000
episodes 24440-24459: success_rate=0.200 mean_reward=-641.79 mean_actor_loss=0.0125 mean_kl=0.0001 stage=warmup scheduler_success_rate=0.167
episodes 24460-24479: success_rate=0.300 mean_reward=-834.93 mean_actor_loss=0.0124 mean_kl=0.0000 stage=warmup scheduler_success_rate=0.167
episodes 24480-24499: success_rate=0.400 mean_reward=-228.38 mean_actor_loss=0.0124 mean_kl=0.0000 stage=warmup scheduler_success_rate=0.167
episodes 24500-24519: success_rate=0.450 mean_reward=-693.87 mean_actor_loss=0.0124 mean_kl=0.0000 stage=warmup scheduler_success_rate=0.167
episodes 24520-24539: success_rate=0.200 mean_reward=-813.97 mean_actor_loss=0.0125 mean_kl=0.0000 stage=warmup scheduler_success_rate=0.000
episodes 24540-24559: success_rate=0.350 mean_reward=-987.10 mean_actor_loss=0.0125 mean_kl=0.0001 stage=warmup scheduler_success_rate=0.000
episodes 24560-24579: success_rate=0.300 mean_reward=-445.88 mean_actor_loss=0.0124 mean_kl=0.0000 stage=warmup scheduler_success_rate=0.167
episodes 24580-24599: success_rate=0.400 mean_reward=-526.14 mean_actor_loss=0.0124 mean_kl=0.0000 stage=warmup scheduler_success_rate=0.000
episodes 24600-24619: success_rate=0.300 mean_reward=-569.96 mean_actor_loss=0.0125 mean_kl=0.0000 stage=warmup scheduler_success_rate=0.333
episodes 24620-24639: success_rate=0.250 mean_reward=-370.99 mean_actor_loss=0.0125 mean_kl=0.0000 stage=warmup scheduler_success_rate=0.167
episodes 24640-24659: success_rate=0.450 mean_reward=-724.65 mean_actor_loss=0.0125 mean_kl=0.0000 stage=warmup scheduler_success_rate=0.167
episodes 24660-24679: success_rate=0.300 mean_reward=-879.31 mean_actor_loss=0.0125 mean_kl=0.0000 stage=warmup scheduler_success_rate=0.167
episodes 24680-24699: success_rate=0.300 mean_reward=-160.72 mean_actor_loss=0.0125 mean_kl=0.0000 stage=warmup scheduler_success_rate=0.167
episodes 24700-24719: success_rate=0.300 mean_reward=-392.00 mean_actor_loss=0.0125 mean_kl=0.0000 stage=warmup scheduler_success_rate=0.000
episodes 24720-24739: success_rate=0.250 mean_reward=-554.67 mean_actor_loss=0.0124 mean_kl=0.0000 stage=warmup scheduler_success_rate=0.167
episodes 24740-24759: success_rate=0.000 mean_reward=-780.50 mean_actor_loss=0.0125 mean_kl=0.0000 stage=warmup scheduler_success_rate=0.000
episodes 24760-24779: success_rate=0.400 mean_reward=-508.85 mean_actor_loss=0.0125 mean_kl=0.0000 stage=warmup scheduler_success_rate=0.000
episodes 24780-24799: success_rate=0.250 mean_reward=-383.48 mean_actor_loss=0.0125 mean_kl=0.0000 stage=warmup scheduler_success_rate=0.167
episodes 24800-24819: success_rate=0.150 mean_reward=-1136.60 mean_actor_loss=0.0125 mean_kl=0.0000 stage=warmup scheduler_success_rate=0.167
episodes 24820-24839: success_rate=0.550 mean_reward=-562.89 mean_actor_loss=0.0124 mean_kl=0.0000 stage=warmup scheduler_success_rate=0.000
episodes 24840-24859: success_rate=0.250 mean_reward=-489.83 mean_actor_loss=0.0125 mean_kl=0.0000 stage=warmup scheduler_success_rate=0.167
episodes 24860-24879: success_rate=0.150 mean_reward=-887.04 mean_actor_loss=0.0125 mean_kl=0.0000 stage=warmup scheduler_success_rate=0.000
episodes 24880-24899: success_rate=0.250 mean_reward=-199.78 mean_actor_loss=0.0125 mean_kl=0.0000 stage=warmup scheduler_success_rate=0.333
episodes 24900-24919: success_rate=0.300 mean_reward=-101.32 mean_actor_loss=0.0125 mean_kl=0.0000 stage=warmup scheduler_success_rate=0.167
episodes 24920-24939: success_rate=0.250 mean_reward=-1008.87 mean_actor_loss=0.0125 mean_kl=0.0000 stage=warmup scheduler_success_rate=0.000
episodes 24940-24959: success_rate=0.200 mean_reward=-711.20 mean_actor_loss=0.0125 mean_kl=0.0000 stage=warmup scheduler_success_rate=0.000
episodes 24960-24979: success_rate=0.300 mean_reward=-519.42 mean_actor_loss=0.0125 mean_kl=0.0000 stage=warmup scheduler_success_rate=0.000
episodes 24980-24999: success_rate=0.300 mean_reward=-642.95 mean_actor_loss=0.0125 mean_kl=0.0000 stage=warmup scheduler_success_rate=0.000
episodes 25000-25019: success_rate=0.650 mean_reward=-82.24 mean_actor_loss=0.0124 mean_kl=0.0000 stage=warmup scheduler_success_rate=0.500
episodes 25020-25039: success_rate=0.650 mean_reward=-286.75 mean_actor_loss=0.0124 mean_kl=0.0000 stage=warmup scheduler_success_rate=0.333
episodes 25040-25059: success_rate=0.650 mean_reward=36.51 mean_actor_loss=0.0124 mean_kl=0.0000 stage=warmup scheduler_success_rate=0.000
episodes 25060-25079: success_rate=0.300 mean_reward=-928.11 mean_actor_loss=0.0125 mean_kl=0.0001 stage=warmup scheduler_success_rate=0.000
episodes 25080-25099: success_rate=0.150 mean_reward=-715.28 mean_actor_loss=0.0125 mean_kl=0.0000 stage=warmup scheduler_success_rate=0.000
episodes 25100-25119: success_rate=0.200 mean_reward=-663.70 mean_actor_loss=0.0125 mean_kl=0.0000 stage=warmup scheduler_success_rate=0.000
episodes 25120-25139: success_rate=0.350 mean_reward=-376.48 mean_actor_loss=0.0124 mean_kl=0.0000 stage=warmup scheduler_success_rate=0.000
episodes 25140-25159: success_rate=0.450 mean_reward=-658.12 mean_actor_loss=0.0124 mean_kl=0.0000 stage=warmup scheduler_success_rate=0.167
episodes 25160-25179: success_rate=0.250 mean_reward=-999.98 mean_actor_loss=0.0125 mean_kl=0.0000 stage=warmup scheduler_success_rate=0.000
episodes 25180-25199: success_rate=0.400 mean_reward=-479.86 mean_actor_loss=0.0124 mean_kl=0.0000 stage=warmup scheduler_success_rate=0.000
episodes 25200-25219: success_rate=0.250 mean_reward=-312.01 mean_actor_loss=0.0125 mean_kl=0.0001 stage=warmup scheduler_success_rate=0.000
episodes 25220-25239: success_rate=0.250 mean_reward=-595.74 mean_actor_loss=0.0125 mean_kl=0.0000 stage=warmup scheduler_success_rate=0.167
episodes 25240-25259: success_rate=0.350 mean_reward=-322.24 mean_actor_loss=0.0125 mean_kl=0.0000 stage=warmup scheduler_success_rate=0.167
episodes 25260-25279: success_rate=0.350 mean_reward=-746.33 mean_actor_loss=0.0125 mean_kl=0.0001 stage=warmup scheduler_success_rate=0.167
episodes 25280-25299: success_rate=0.200 mean_reward=-809.36 mean_actor_loss=0.0125 mean_kl=0.0000 stage=warmup scheduler_success_rate=0.167
episodes 25300-25319: success_rate=0.300 mean_reward=-78.51 mean_actor_loss=0.0125 mean_kl=0.0000 stage=warmup scheduler_success_rate=0.333
episodes 25320-25339: success_rate=0.550 mean_reward=-303.16 mean_actor_loss=0.0124 mean_kl=0.0000 stage=warmup scheduler_success_rate=0.500
episodes 25340-25359: success_rate=0.350 mean_reward=-704.74 mean_actor_loss=0.0125 mean_kl=0.0000 stage=warmup scheduler_success_rate=0.500
episodes 25360-25379: success_rate=0.300 mean_reward=-805.10 mean_actor_loss=0.0125 mean_kl=0.0000 stage=warmup scheduler_success_rate=0.000
episodes 25380-25399: success_rate=0.200 mean_reward=-279.14 mean_actor_loss=0.0125 mean_kl=0.0000 stage=warmup scheduler_success_rate=0.167
episodes 25400-25419: success_rate=0.450 mean_reward=-442.60 mean_actor_loss=0.0124 mean_kl=0.0000 stage=warmup scheduler_success_rate=0.167
episodes 25420-25439: success_rate=0.550 mean_reward=-346.95 mean_actor_loss=0.0124 mean_kl=0.0000 stage=warmup scheduler_success_rate=0.000
episodes 25440-25459: success_rate=0.350 mean_reward=-616.23 mean_actor_loss=0.0125 mean_kl=0.0000 stage=warmup scheduler_success_rate=0.167
episodes 25460-25479: success_rate=0.000 mean_reward=-1140.61 mean_actor_loss=0.0125 mean_kl=0.0000 stage=warmup scheduler_success_rate=0.000
episodes 25480-25499: success_rate=0.450 mean_reward=-303.63 mean_actor_loss=0.0124 mean_kl=0.0000 stage=warmup scheduler_success_rate=0.500
episodes 25500-25519: success_rate=0.400 mean_reward=-253.15 mean_actor_loss=0.0125 mean_kl=0.0000 stage=warmup scheduler_success_rate=0.167
episodes 25520-25539: success_rate=0.300 mean_reward=-408.47 mean_actor_loss=0.0124 mean_kl=0.0000 stage=warmup scheduler_success_rate=0.333
episodes 25540-25559: success_rate=0.500 mean_reward=-331.76 mean_actor_loss=0.0124 mean_kl=0.0000 stage=warmup scheduler_success_rate=0.500
episodes 25560-25579: success_rate=0.250 mean_reward=-277.87 mean_actor_loss=0.0125 mean_kl=0.0000 stage=warmup scheduler_success_rate=0.333
episodes 25580-25599: success_rate=0.350 mean_reward=-191.76 mean_actor_loss=0.0124 mean_kl=0.0000 stage=warmup scheduler_success_rate=0.167
episodes 25600-25619: success_rate=0.200 mean_reward=-508.44 mean_actor_loss=0.0125 mean_kl=0.0000 stage=warmup scheduler_success_rate=0.167
episodes 25620-25639: success_rate=0.150 mean_reward=-312.25 mean_actor_loss=0.0125 mean_kl=0.0000 stage=warmup scheduler_success_rate=0.167
episodes 25640-25659: success_rate=0.150 mean_reward=-594.66 mean_actor_loss=0.0125 mean_kl=0.0000 stage=warmup scheduler_success_rate=0.000
episodes 25660-25679: success_rate=0.300 mean_reward=-956.19 mean_actor_loss=0.0125 mean_kl=0.0000 stage=warmup scheduler_success_rate=0.000
episodes 25680-25699: success_rate=0.250 mean_reward=-991.36 mean_actor_loss=0.0125 mean_kl=0.0000 stage=warmup scheduler_success_rate=0.000
episodes 25700-25719: success_rate=0.450 mean_reward=-437.43 mean_actor_loss=0.0124 mean_kl=0.0000 stage=warmup scheduler_success_rate=0.167
episodes 25720-25739: success_rate=0.400 mean_reward=-631.97 mean_actor_loss=0.0125 mean_kl=0.0000 stage=warmup scheduler_success_rate=0.167
episodes 25740-25759: success_rate=0.300 mean_reward=-819.46 mean_actor_loss=0.0124 mean_kl=0.0000 stage=warmup scheduler_success_rate=0.500
episodes 25760-25779: success_rate=0.450 mean_reward=-275.09 mean_actor_loss=0.0124 mean_kl=0.0000 stage=warmup scheduler_success_rate=0.167
episodes 25780-25799: success_rate=0.450 mean_reward=-77.36 mean_actor_loss=0.0125 mean_kl=0.0000 stage=warmup scheduler_success_rate=0.167
episodes 25800-25819: success_rate=0.500 mean_reward=-816.26 mean_actor_loss=0.0125 mean_kl=0.0000 stage=warmup scheduler_success_rate=0.167
episodes 25820-25839: success_rate=0.450 mean_reward=-580.36 mean_actor_loss=0.0125 mean_kl=0.0000 stage=warmup scheduler_success_rate=0.500
episodes 25840-25859: success_rate=0.500 mean_reward=-473.33 mean_actor_loss=0.0124 mean_kl=0.0001 stage=warmup scheduler_success_rate=0.667
episodes 25860-25879: success_rate=0.350 mean_reward=-531.91 mean_actor_loss=0.0125 mean_kl=0.0000 stage=warmup scheduler_success_rate=0.000
episodes 25880-25899: success_rate=0.450 mean_reward=-282.73 mean_actor_loss=0.0125 mean_kl=0.0000 stage=warmup scheduler_success_rate=0.333
episodes 25900-25919: success_rate=0.400 mean_reward=-266.12 mean_actor_loss=0.0124 mean_kl=0.0000 stage=warmup scheduler_success_rate=0.167
episodes 25920-25939: success_rate=0.450 mean_reward=-38.76 mean_actor_loss=0.0124 mean_kl=0.0000 stage=warmup scheduler_success_rate=0.333
episodes 25940-25959: success_rate=0.300 mean_reward=-465.04 mean_actor_loss=0.0125 mean_kl=0.0000 stage=warmup scheduler_success_rate=0.333
episodes 25960-25979: success_rate=0.350 mean_reward=-242.08 mean_actor_loss=0.0125 mean_kl=0.0000 stage=warmup scheduler_success_rate=0.333
episodes 25980-25999: success_rate=0.350 mean_reward=-190.49 mean_actor_loss=0.0124 mean_kl=0.0000 stage=warmup scheduler_success_rate=0.167
episodes 26000-26019: success_rate=0.300 mean_reward=-413.57 mean_actor_loss=0.0125 mean_kl=0.0000 stage=warmup scheduler_success_rate=0.333
episodes 26020-26039: success_rate=0.400 mean_reward=-701.50 mean_actor_loss=0.0125 mean_kl=0.0000 stage=warmup scheduler_success_rate=0.000
episodes 26040-26059: success_rate=0.150 mean_reward=-819.63 mean_actor_loss=0.0125 mean_kl=0.0000 stage=warmup scheduler_success_rate=0.000
episodes 26060-26079: success_rate=0.400 mean_reward=-727.33 mean_actor_loss=0.0125 mean_kl=0.0001 stage=warmup scheduler_success_rate=0.000
episodes 26080-26099: success_rate=0.250 mean_reward=-688.18 mean_actor_loss=0.0125 mean_kl=0.0001 stage=warmup scheduler_success_rate=0.000
episodes 26100-26119: success_rate=0.250 mean_reward=-249.48 mean_actor_loss=0.0125 mean_kl=0.0000 stage=warmup scheduler_success_rate=0.167
episodes 26120-26139: success_rate=0.400 mean_reward=-760.60 mean_actor_loss=0.0124 mean_kl=0.0000 stage=warmup scheduler_success_rate=0.000
episodes 26140-26159: success_rate=0.150 mean_reward=-796.59 mean_actor_loss=0.0125 mean_kl=0.0000 stage=warmup scheduler_success_rate=0.000
episodes 26160-26179: success_rate=0.350 mean_reward=-449.04 mean_actor_loss=0.0125 mean_kl=0.0001 stage=warmup scheduler_success_rate=0.000
episodes 26180-26199: success_rate=0.400 mean_reward=-711.96 mean_actor_loss=0.0124 mean_kl=0.0001 stage=warmup scheduler_success_rate=0.167
episodes 26200-26219: success_rate=0.350 mean_reward=-736.16 mean_actor_loss=0.0124 mean_kl=0.0000 stage=warmup scheduler_success_rate=0.167
episodes 26220-26239: success_rate=0.250 mean_reward=-351.34 mean_actor_loss=0.0125 mean_kl=0.0000 stage=warmup scheduler_success_rate=0.000
episodes 26240-26259: success_rate=0.450 mean_reward=-180.04 mean_actor_loss=0.0124 mean_kl=0.0000 stage=warmup scheduler_success_rate=0.333
episodes 26260-26279: success_rate=0.300 mean_reward=-700.25 mean_actor_loss=0.0125 mean_kl=0.0000 stage=warmup scheduler_success_rate=0.000
episodes 26280-26299: success_rate=0.400 mean_reward=-163.71 mean_actor_loss=0.0125 mean_kl=0.0000 stage=warmup scheduler_success_rate=0.500
episodes 26300-26319: success_rate=0.550 mean_reward=-296.61 mean_actor_loss=0.0125 mean_kl=0.0001 stage=warmup scheduler_success_rate=0.333
episodes 26320-26339: success_rate=0.150 mean_reward=-521.79 mean_actor_loss=0.0125 mean_kl=0.0000 stage=warmup scheduler_success_rate=0.167
episodes 26340-26359: success_rate=0.200 mean_reward=-489.69 mean_actor_loss=0.0125 mean_kl=0.0000 stage=warmup scheduler_success_rate=0.167
episodes 26360-26379: success_rate=0.300 mean_reward=-604.03 mean_actor_loss=0.0125 mean_kl=0.0001 stage=warmup scheduler_success_rate=0.167
episodes 26380-26399: success_rate=0.300 mean_reward=-609.04 mean_actor_loss=0.0125 mean_kl=0.0000 stage=warmup scheduler_success_rate=0.333
episodes 26400-26419: success_rate=0.350 mean_reward=-857.76 mean_actor_loss=0.0125 mean_kl=0.0000 stage=warmup scheduler_success_rate=0.167
episodes 26420-26439: success_rate=0.300 mean_reward=-887.88 mean_actor_loss=0.0125 mean_kl=0.0000 stage=warmup scheduler_success_rate=0.167
episodes 26440-26459: success_rate=0.200 mean_reward=-767.50 mean_actor_loss=0.0125 mean_kl=0.0000 stage=warmup scheduler_success_rate=0.000
episodes 26460-26479: success_rate=0.450 mean_reward=-552.27 mean_actor_loss=0.0125 mean_kl=0.0000 stage=warmup scheduler_success_rate=0.000
episodes 26480-26499: success_rate=0.500 mean_reward=-435.55 mean_actor_loss=0.0125 mean_kl=0.0000 stage=warmup scheduler_success_rate=0.167
episodes 26500-26519: success_rate=0.200 mean_reward=-996.85 mean_actor_loss=0.0125 mean_kl=0.0000 stage=warmup scheduler_success_rate=0.000
episodes 26520-26539: success_rate=0.600 mean_reward=-468.97 mean_actor_loss=0.0124 mean_kl=0.0000 stage=intermediate scheduler_success_rate=0.333
episodes 26540-26559: success_rate=0.400 mean_reward=-405.94 mean_actor_loss=0.0124 mean_kl=0.0000 stage=warmup scheduler_success_rate=0.500
episodes 26560-26579: success_rate=0.250 mean_reward=-340.14 mean_actor_loss=0.0125 mean_kl=0.0000 stage=warmup scheduler_success_rate=0.000
episodes 26580-26599: success_rate=0.250 mean_reward=-723.14 mean_actor_loss=0.0125 mean_kl=0.0000 stage=warmup scheduler_success_rate=0.000
episodes 26600-26619: success_rate=0.300 mean_reward=-372.57 mean_actor_loss=0.0125 mean_kl=0.0000 stage=warmup scheduler_success_rate=0.000
episodes 26620-26639: success_rate=0.400 mean_reward=-809.61 mean_actor_loss=0.0124 mean_kl=0.0000 stage=warmup scheduler_success_rate=0.167
episodes 26640-26659: success_rate=0.400 mean_reward=-271.74 mean_actor_loss=0.0124 mean_kl=0.0000 stage=warmup scheduler_success_rate=0.333
episodes 26660-26679: success_rate=0.250 mean_reward=-716.09 mean_actor_loss=0.0125 mean_kl=0.0000 stage=warmup scheduler_success_rate=0.000
episodes 26680-26699: success_rate=0.250 mean_reward=-511.26 mean_actor_loss=0.0125 mean_kl=0.0000 stage=warmup scheduler_success_rate=0.500
episodes 26700-26719: success_rate=0.250 mean_reward=-552.83 mean_actor_loss=0.0125 mean_kl=0.0001 stage=warmup scheduler_success_rate=0.000
episodes 26720-26739: success_rate=0.400 mean_reward=-439.59 mean_actor_loss=0.0124 mean_kl=0.0000 stage=warmup scheduler_success_rate=0.167
episodes 26740-26759: success_rate=0.500 mean_reward=-519.25 mean_actor_loss=0.0124 mean_kl=0.0000 stage=warmup scheduler_success_rate=0.667
episodes 26760-26779: success_rate=0.350 mean_reward=-653.31 mean_actor_loss=0.0125 mean_kl=0.0000 stage=warmup scheduler_success_rate=0.333
episodes 26780-26799: success_rate=0.500 mean_reward=-440.94 mean_actor_loss=0.0124 mean_kl=0.0000 stage=warmup scheduler_success_rate=0.500
episodes 26800-26819: success_rate=0.400 mean_reward=-656.89 mean_actor_loss=0.0125 mean_kl=0.0000 stage=warmup scheduler_success_rate=0.333
episodes 26820-26839: success_rate=0.450 mean_reward=-286.58 mean_actor_loss=0.0125 mean_kl=0.0000 stage=warmup scheduler_success_rate=0.333
episodes 26840-26859: success_rate=0.350 mean_reward=-59.13 mean_actor_loss=0.0124 mean_kl=0.0000 stage=warmup scheduler_success_rate=0.667
episodes 26860-26879: success_rate=0.350 mean_reward=-476.53 mean_actor_loss=0.0125 mean_kl=0.0000 stage=warmup scheduler_success_rate=0.333
episodes 26880-26899: success_rate=0.300 mean_reward=-356.69 mean_actor_loss=0.0124 mean_kl=0.0000 stage=warmup scheduler_success_rate=0.167
episodes 26900-26919: success_rate=0.250 mean_reward=-413.34 mean_actor_loss=0.0124 mean_kl=0.0000 stage=warmup scheduler_success_rate=0.167
episodes 26920-26939: success_rate=0.250 mean_reward=-697.93 mean_actor_loss=0.0124 mean_kl=0.0000 stage=warmup scheduler_success_rate=0.167
episodes 26940-26959: success_rate=0.350 mean_reward=-299.16 mean_actor_loss=0.0124 mean_kl=0.0000 stage=warmup scheduler_success_rate=0.333
episodes 26960-26979: success_rate=0.100 mean_reward=-834.66 mean_actor_loss=0.0125 mean_kl=0.0000 stage=warmup scheduler_success_rate=0.000
episodes 26980-26999: success_rate=0.300 mean_reward=-307.72 mean_actor_loss=0.0124 mean_kl=0.0000 stage=warmup scheduler_success_rate=0.167
episodes 27000-27019: success_rate=0.500 mean_reward=-240.05 mean_actor_loss=0.0124 mean_kl=0.0000 stage=warmup scheduler_success_rate=0.167
episodes 27020-27039: success_rate=0.350 mean_reward=-264.67 mean_actor_loss=0.0125 mean_kl=0.0000 stage=warmup scheduler_success_rate=0.167
episodes 27040-27059: success_rate=0.200 mean_reward=-666.76 mean_actor_loss=0.0125 mean_kl=0.0000 stage=warmup scheduler_success_rate=0.167
episodes 27060-27079: success_rate=0.150 mean_reward=-789.73 mean_actor_loss=0.0125 mean_kl=0.0000 stage=warmup scheduler_success_rate=0.167
episodes 27080-27099: success_rate=0.250 mean_reward=-450.61 mean_actor_loss=0.0125 mean_kl=0.0000 stage=warmup scheduler_success_rate=0.167
episodes 27100-27119: success_rate=0.350 mean_reward=-930.89 mean_actor_loss=0.0124 mean_kl=0.0000 stage=warmup scheduler_success_rate=0.000
episodes 27120-27139: success_rate=0.250 mean_reward=-813.43 mean_actor_loss=0.0125 mean_kl=0.0000 stage=warmup scheduler_success_rate=0.000
episodes 27140-27159: success_rate=0.350 mean_reward=-1072.95 mean_actor_loss=0.0125 mean_kl=0.0000 stage=warmup scheduler_success_rate=0.000
episodes 27160-27179: success_rate=0.200 mean_reward=-653.79 mean_actor_loss=0.0125 mean_kl=0.0000 stage=warmup scheduler_success_rate=0.000
episodes 27180-27199: success_rate=0.400 mean_reward=-1044.41 mean_actor_loss=0.0125 mean_kl=0.0000 stage=warmup scheduler_success_rate=0.167
episodes 27200-27219: success_rate=0.200 mean_reward=-659.98 mean_actor_loss=0.0125 mean_kl=0.0000 stage=warmup scheduler_success_rate=0.000
episodes 27220-27239: success_rate=0.500 mean_reward=-1220.01 mean_actor_loss=0.0125 mean_kl=0.0000 stage=warmup scheduler_success_rate=0.167
episodes 27240-27259: success_rate=0.550 mean_reward=-151.79 mean_actor_loss=0.0124 mean_kl=0.0000 stage=warmup scheduler_success_rate=0.000
episodes 27260-27279: success_rate=0.450 mean_reward=-465.86 mean_actor_loss=0.0125 mean_kl=0.0000 stage=warmup scheduler_success_rate=0.167
episodes 27280-27299: success_rate=0.400 mean_reward=-412.45 mean_actor_loss=0.0124 mean_kl=0.0000 stage=warmup scheduler_success_rate=0.167
episodes 27300-27319: success_rate=0.200 mean_reward=-622.45 mean_actor_loss=0.0125 mean_kl=0.0001 stage=warmup scheduler_success_rate=0.000
episodes 27320-27339: success_rate=0.250 mean_reward=-831.90 mean_actor_loss=0.0125 mean_kl=0.0000 stage=warmup scheduler_success_rate=0.167
episodes 27340-27359: success_rate=0.150 mean_reward=-739.78 mean_actor_loss=0.0125 mean_kl=0.0000 stage=warmup scheduler_success_rate=0.000
episodes 27360-27379: success_rate=0.250 mean_reward=-805.59 mean_actor_loss=0.0125 mean_kl=0.0000 stage=warmup scheduler_success_rate=0.000
episodes 27380-27399: success_rate=0.250 mean_reward=-706.45 mean_actor_loss=0.0125 mean_kl=0.0000 stage=warmup scheduler_success_rate=0.167
episodes 27400-27419: success_rate=0.250 mean_reward=-519.64 mean_actor_loss=0.0125 mean_kl=0.0000 stage=warmup scheduler_success_rate=0.333
episodes 27420-27439: success_rate=0.200 mean_reward=-901.82 mean_actor_loss=0.0124 mean_kl=0.0000 stage=warmup scheduler_success_rate=0.000
episodes 27440-27459: success_rate=0.200 mean_reward=-1192.05 mean_actor_loss=0.0125 mean_kl=0.0000 stage=warmup scheduler_success_rate=0.000
episodes 27460-27479: success_rate=0.300 mean_reward=-721.68 mean_actor_loss=0.0125 mean_kl=0.0000 stage=warmup scheduler_success_rate=0.000
episodes 27480-27499: success_rate=0.550 mean_reward=-667.38 mean_actor_loss=0.0124 mean_kl=0.0000 stage=warmup scheduler_success_rate=0.167
episodes 27500-27519: success_rate=0.300 mean_reward=-425.10 mean_actor_loss=0.0124 mean_kl=0.0000 stage=warmup scheduler_success_rate=0.333
episodes 27520-27539: success_rate=0.350 mean_reward=-375.03 mean_actor_loss=0.0125 mean_kl=0.0001 stage=warmup scheduler_success_rate=0.500
episodes 27540-27559: success_rate=0.400 mean_reward=-608.50 mean_actor_loss=0.0125 mean_kl=0.0000 stage=warmup scheduler_success_rate=0.333
episodes 27560-27579: success_rate=0.600 mean_reward=-201.94 mean_actor_loss=0.0124 mean_kl=0.0000 stage=warmup scheduler_success_rate=0.333
episodes 27580-27599: success_rate=0.450 mean_reward=-311.81 mean_actor_loss=0.0124 mean_kl=0.0000 stage=warmup scheduler_success_rate=0.167
episodes 27600-27619: success_rate=0.500 mean_reward=-77.36 mean_actor_loss=0.0124 mean_kl=0.0000 stage=warmup scheduler_success_rate=0.500
episodes 27620-27639: success_rate=0.100 mean_reward=-847.96 mean_actor_loss=0.0125 mean_kl=0.0000 stage=warmup scheduler_success_rate=0.000
episodes 27640-27659: success_rate=0.400 mean_reward=-845.10 mean_actor_loss=0.0124 mean_kl=0.0000 stage=warmup scheduler_success_rate=0.000
episodes 27660-27679: success_rate=0.300 mean_reward=-396.93 mean_actor_loss=0.0125 mean_kl=0.0000 stage=warmup scheduler_success_rate=0.167
episodes 27680-27699: success_rate=0.550 mean_reward=-688.14 mean_actor_loss=0.0124 mean_kl=0.0000 stage=warmup scheduler_success_rate=0.167
episodes 27700-27719: success_rate=0.350 mean_reward=-330.93 mean_actor_loss=0.0125 mean_kl=0.0000 stage=warmup scheduler_success_rate=0.000
episodes 27720-27739: success_rate=0.500 mean_reward=-458.77 mean_actor_loss=0.0124 mean_kl=0.0000 stage=warmup scheduler_success_rate=0.500
episodes 27740-27759: success_rate=0.450 mean_reward=-545.26 mean_actor_loss=0.0124 mean_kl=0.0000 stage=warmup scheduler_success_rate=0.000
episodes 27760-27779: success_rate=0.650 mean_reward=-381.49 mean_actor_loss=0.0124 mean_kl=0.0000 stage=warmup scheduler_success_rate=0.167
episodes 27780-27799: success_rate=0.200 mean_reward=-832.14 mean_actor_loss=0.0125 mean_kl=0.0000 stage=warmup scheduler_success_rate=0.000
episodes 27800-27819: success_rate=0.200 mean_reward=-577.23 mean_actor_loss=0.0125 mean_kl=0.0000 stage=warmup scheduler_success_rate=0.333
episodes 27820-27839: success_rate=0.350 mean_reward=-328.56 mean_actor_loss=0.0125 mean_kl=0.0000 stage=warmup scheduler_success_rate=0.167
episodes 27840-27859: success_rate=0.500 mean_reward=-279.86 mean_actor_loss=0.0125 mean_kl=0.0000 stage=warmup scheduler_success_rate=0.500
episodes 27860-27879: success_rate=0.250 mean_reward=-961.63 mean_actor_loss=0.0125 mean_kl=0.0000 stage=warmup scheduler_success_rate=0.000
episodes 27880-27899: success_rate=0.250 mean_reward=-601.70 mean_actor_loss=0.0125 mean_kl=0.0001 stage=warmup scheduler_success_rate=0.000
episodes 27900-27919: success_rate=0.350 mean_reward=-511.92 mean_actor_loss=0.0124 mean_kl=0.0000 stage=warmup scheduler_success_rate=0.333
episodes 27920-27939: success_rate=0.300 mean_reward=-725.85 mean_actor_loss=0.0125 mean_kl=0.0000 stage=warmup scheduler_success_rate=0.333
episodes 27940-27959: success_rate=0.300 mean_reward=-169.96 mean_actor_loss=0.0125 mean_kl=0.0000 stage=warmup scheduler_success_rate=0.000
episodes 27960-27979: success_rate=0.400 mean_reward=-634.69 mean_actor_loss=0.0125 mean_kl=0.0000 stage=warmup scheduler_success_rate=0.167
episodes 27980-27999: success_rate=0.100 mean_reward=-553.79 mean_actor_loss=0.0125 mean_kl=0.0000 stage=warmup scheduler_success_rate=0.000
episodes 28000-28019: success_rate=0.150 mean_reward=-1070.47 mean_actor_loss=0.0125 mean_kl=0.0000 stage=warmup scheduler_success_rate=0.167
episodes 28020-28039: success_rate=0.300 mean_reward=-954.89 mean_actor_loss=0.0125 mean_kl=0.0000 stage=warmup scheduler_success_rate=0.167
episodes 28040-28059: success_rate=0.400 mean_reward=-282.73 mean_actor_loss=0.0124 mean_kl=0.0000 stage=warmup scheduler_success_rate=0.000
episodes 28060-28079: success_rate=0.500 mean_reward=-340.70 mean_actor_loss=0.0124 mean_kl=0.0000 stage=warmup scheduler_success_rate=0.333
episodes 28080-28099: success_rate=0.750 mean_reward=-330.74 mean_actor_loss=0.0124 mean_kl=0.0000 stage=warmup scheduler_success_rate=0.000
episodes 28100-28119: success_rate=0.250 mean_reward=-695.07 mean_actor_loss=0.0125 mean_kl=0.0000 stage=warmup scheduler_success_rate=0.000
episodes 28120-28139: success_rate=0.400 mean_reward=-216.59 mean_actor_loss=0.0124 mean_kl=0.0000 stage=warmup scheduler_success_rate=0.167
episodes 28140-28159: success_rate=0.300 mean_reward=-582.78 mean_actor_loss=0.0124 mean_kl=0.0000 stage=warmup scheduler_success_rate=0.000
episodes 28160-28179: success_rate=0.250 mean_reward=-158.42 mean_actor_loss=0.0125 mean_kl=0.0000 stage=warmup scheduler_success_rate=0.333
episodes 28180-28199: success_rate=0.550 mean_reward=-296.46 mean_actor_loss=0.0125 mean_kl=0.0000 stage=warmup scheduler_success_rate=0.667
episodes 28200-28219: success_rate=0.300 mean_reward=-535.72 mean_actor_loss=0.0125 mean_kl=0.0000 stage=warmup scheduler_success_rate=0.000
episodes 28220-28239: success_rate=0.450 mean_reward=-546.55 mean_actor_loss=0.0124 mean_kl=0.0000 stage=warmup scheduler_success_rate=0.500
episodes 28240-28259: success_rate=0.350 mean_reward=-861.70 mean_actor_loss=0.0124 mean_kl=0.0000 stage=warmup scheduler_success_rate=0.000
episodes 28260-28279: success_rate=0.300 mean_reward=-490.64 mean_actor_loss=0.0124 mean_kl=0.0000 stage=warmup scheduler_success_rate=0.167
episodes 28280-28299: success_rate=0.250 mean_reward=-569.61 mean_actor_loss=0.0125 mean_kl=0.0000 stage=warmup scheduler_success_rate=0.000
episodes 28300-28319: success_rate=0.350 mean_reward=-291.60 mean_actor_loss=0.0124 mean_kl=0.0000 stage=warmup scheduler_success_rate=0.000
episodes 28320-28339: success_rate=0.350 mean_reward=-830.45 mean_actor_loss=0.0124 mean_kl=0.0000 stage=intermediate scheduler_success_rate=0.000
episodes 28340-28359: success_rate=0.300 mean_reward=-765.36 mean_actor_loss=0.0125 mean_kl=0.0000 stage=warmup scheduler_success_rate=0.333
episodes 28360-28379: success_rate=0.200 mean_reward=-607.68 mean_actor_loss=0.0125 mean_kl=0.0000 stage=warmup scheduler_success_rate=0.000
episodes 28380-28399: success_rate=0.300 mean_reward=-412.94 mean_actor_loss=0.0125 mean_kl=0.0000 stage=warmup scheduler_success_rate=0.333
episodes 28400-28419: success_rate=0.500 mean_reward=-699.40 mean_actor_loss=0.0124 mean_kl=0.0000 stage=warmup scheduler_success_rate=0.333
episodes 28420-28439: success_rate=0.600 mean_reward=-128.37 mean_actor_loss=0.0124 mean_kl=0.0000 stage=warmup scheduler_success_rate=0.333
episodes 28440-28459: success_rate=0.400 mean_reward=-414.07 mean_actor_loss=0.0124 mean_kl=0.0000 stage=warmup scheduler_success_rate=0.167
episodes 28460-28479: success_rate=0.250 mean_reward=-615.88 mean_actor_loss=0.0125 mean_kl=0.0000 stage=warmup scheduler_success_rate=0.167
episodes 28480-28499: success_rate=0.250 mean_reward=-814.11 mean_actor_loss=0.0125 mean_kl=0.0000 stage=warmup scheduler_success_rate=0.000
episodes 28500-28519: success_rate=0.300 mean_reward=-93.79 mean_actor_loss=0.0124 mean_kl=0.0000 stage=warmup scheduler_success_rate=0.000
episodes 28520-28539: success_rate=0.250 mean_reward=-658.68 mean_actor_loss=0.0124 mean_kl=0.0000 stage=warmup scheduler_success_rate=0.333
episodes 28540-28559: success_rate=0.400 mean_reward=-551.43 mean_actor_loss=0.0124 mean_kl=0.0000 stage=warmup scheduler_success_rate=0.167
episodes 28560-28579: success_rate=0.100 mean_reward=-1240.22 mean_actor_loss=0.0125 mean_kl=0.0000 stage=warmup scheduler_success_rate=0.167
episodes 28580-28599: success_rate=0.150 mean_reward=-804.99 mean_actor_loss=0.0125 mean_kl=0.0000 stage=warmup scheduler_success_rate=0.000
episodes 28600-28619: success_rate=0.300 mean_reward=-754.32 mean_actor_loss=0.0125 mean_kl=0.0000 stage=warmup scheduler_success_rate=0.000
episodes 28620-28639: success_rate=0.150 mean_reward=-766.48 mean_actor_loss=0.0125 mean_kl=0.0000 stage=warmup scheduler_success_rate=0.000
episodes 28640-28659: success_rate=0.450 mean_reward=-209.61 mean_actor_loss=0.0124 mean_kl=0.0000 stage=warmup scheduler_success_rate=0.333
episodes 28660-28679: success_rate=0.250 mean_reward=-729.84 mean_actor_loss=0.0125 mean_kl=0.0001 stage=warmup scheduler_success_rate=0.167
episodes 28680-28699: success_rate=0.350 mean_reward=-217.53 mean_actor_loss=0.0125 mean_kl=0.0000 stage=warmup scheduler_success_rate=0.500
episodes 28700-28719: success_rate=0.250 mean_reward=-639.14 mean_actor_loss=0.0125 mean_kl=0.0000 stage=warmup scheduler_success_rate=0.167
episodes 28720-28739: success_rate=0.250 mean_reward=-545.69 mean_actor_loss=0.0125 mean_kl=0.0000 stage=warmup scheduler_success_rate=0.000
episodes 28740-28759: success_rate=0.450 mean_reward=-830.46 mean_actor_loss=0.0124 mean_kl=0.0001 stage=warmup scheduler_success_rate=0.167
episodes 28760-28779: success_rate=0.450 mean_reward=-605.95 mean_actor_loss=0.0124 mean_kl=0.0000 stage=warmup scheduler_success_rate=0.000
episodes 28780-28799: success_rate=0.450 mean_reward=-589.78 mean_actor_loss=0.0124 mean_kl=0.0000 stage=warmup scheduler_success_rate=0.333
episodes 28800-28819: success_rate=0.600 mean_reward=-289.19 mean_actor_loss=0.0124 mean_kl=0.0000 stage=warmup scheduler_success_rate=0.500
episodes 28820-28839: success_rate=0.400 mean_reward=-633.43 mean_actor_loss=0.0124 mean_kl=0.0000 stage=warmup scheduler_success_rate=0.167
episodes 28840-28859: success_rate=0.150 mean_reward=-779.98 mean_actor_loss=0.0125 mean_kl=0.0000 stage=warmup scheduler_success_rate=0.167
episodes 28860-28879: success_rate=0.450 mean_reward=-350.06 mean_actor_loss=0.0124 mean_kl=0.0000 stage=warmup scheduler_success_rate=0.167
episodes 28880-28899: success_rate=0.300 mean_reward=-612.97 mean_actor_loss=0.0124 mean_kl=0.0000 stage=warmup scheduler_success_rate=0.333
episodes 28900-28919: success_rate=0.250 mean_reward=-406.38 mean_actor_loss=0.0125 mean_kl=0.0001 stage=warmup scheduler_success_rate=0.000
episodes 28920-28939: success_rate=0.400 mean_reward=-294.75 mean_actor_loss=0.0124 mean_kl=0.0001 stage=warmup scheduler_success_rate=0.167
episodes 28940-28959: success_rate=0.500 mean_reward=-373.37 mean_actor_loss=0.0124 mean_kl=0.0000 stage=warmup scheduler_success_rate=0.167
episodes 28960-28979: success_rate=0.400 mean_reward=-955.49 mean_actor_loss=0.0124 mean_kl=0.0000 stage=warmup scheduler_success_rate=0.167
episodes 28980-28999: success_rate=0.350 mean_reward=-310.76 mean_actor_loss=0.0124 mean_kl=0.0001 stage=warmup scheduler_success_rate=0.000
episodes 29000-29019: success_rate=0.450 mean_reward=-692.03 mean_actor_loss=0.0124 mean_kl=0.0000 stage=warmup scheduler_success_rate=0.167
episodes 29020-29039: success_rate=0.450 mean_reward=-818.00 mean_actor_loss=0.0125 mean_kl=0.0000 stage=warmup scheduler_success_rate=0.000
episodes 29040-29059: success_rate=0.450 mean_reward=-439.06 mean_actor_loss=0.0124 mean_kl=0.0001 stage=warmup scheduler_success_rate=0.000
episodes 29060-29079: success_rate=0.400 mean_reward=-573.56 mean_actor_loss=0.0124 mean_kl=0.0000 stage=warmup scheduler_success_rate=0.167
episodes 29080-29099: success_rate=0.200 mean_reward=-603.87 mean_actor_loss=0.0125 mean_kl=0.0000 stage=warmup scheduler_success_rate=0.167
episodes 29100-29119: success_rate=0.500 mean_reward=-452.48 mean_actor_loss=0.0124 mean_kl=0.0000 stage=warmup scheduler_success_rate=0.167
episodes 29120-29139: success_rate=0.300 mean_reward=-502.85 mean_actor_loss=0.0125 mean_kl=0.0000 stage=warmup scheduler_success_rate=0.333
episodes 29140-29159: success_rate=0.450 mean_reward=-380.36 mean_actor_loss=0.0125 mean_kl=0.0000 stage=warmup scheduler_success_rate=0.333
episodes 29160-29179: success_rate=0.150 mean_reward=-758.65 mean_actor_loss=0.0125 mean_kl=0.0000 stage=warmup scheduler_success_rate=0.167
episodes 29180-29199: success_rate=0.500 mean_reward=-522.02 mean_actor_loss=0.0124 mean_kl=0.0000 stage=warmup scheduler_success_rate=0.333
episodes 29200-29219: success_rate=0.300 mean_reward=-619.77 mean_actor_loss=0.0125 mean_kl=0.0000 stage=warmup scheduler_success_rate=0.167
episodes 29220-29239: success_rate=0.350 mean_reward=-444.06 mean_actor_loss=0.0124 mean_kl=0.0000 stage=warmup scheduler_success_rate=0.333
episodes 29240-29259: success_rate=0.350 mean_reward=-624.83 mean_actor_loss=0.0125 mean_kl=0.0000 stage=warmup scheduler_success_rate=0.167
episodes 29260-29279: success_rate=0.400 mean_reward=-656.10 mean_actor_loss=0.0125 mean_kl=0.0000 stage=warmup scheduler_success_rate=0.333
episodes 29280-29299: success_rate=0.300 mean_reward=-688.54 mean_actor_loss=0.0125 mean_kl=0.0000 stage=warmup scheduler_success_rate=0.000
episodes 29300-29319: success_rate=0.450 mean_reward=-146.22 mean_actor_loss=0.0124 mean_kl=0.0000 stage=warmup scheduler_success_rate=0.000
episodes 29320-29339: success_rate=0.500 mean_reward=-153.37 mean_actor_loss=0.0124 mean_kl=0.0000 stage=intermediate scheduler_success_rate=0.000
episodes 29340-29359: success_rate=0.300 mean_reward=-270.43 mean_actor_loss=0.0125 mean_kl=0.0000 stage=warmup scheduler_success_rate=0.167
episodes 29360-29379: success_rate=0.500 mean_reward=-356.58 mean_actor_loss=0.0124 mean_kl=0.0000 stage=warmup scheduler_success_rate=0.333
episodes 29380-29399: success_rate=0.600 mean_reward=-648.93 mean_actor_loss=0.0125 mean_kl=0.0000 stage=warmup scheduler_success_rate=0.167
episodes 29400-29419: success_rate=0.400 mean_reward=-572.50 mean_actor_loss=0.0125 mean_kl=0.0000 stage=warmup scheduler_success_rate=0.000
episodes 29420-29439: success_rate=0.200 mean_reward=-517.37 mean_actor_loss=0.0125 mean_kl=0.0000 stage=warmup scheduler_success_rate=0.000
episodes 29440-29459: success_rate=0.400 mean_reward=-576.21 mean_actor_loss=0.0125 mean_kl=0.0000 stage=warmup scheduler_success_rate=0.167
episodes 29460-29479: success_rate=0.500 mean_reward=-54.03 mean_actor_loss=0.0124 mean_kl=0.0001 stage=warmup scheduler_success_rate=0.667
episodes 29480-29499: success_rate=0.550 mean_reward=-542.84 mean_actor_loss=0.0124 mean_kl=0.0000 stage=warmup scheduler_success_rate=0.000
episodes 29500-29519: success_rate=0.350 mean_reward=-406.21 mean_actor_loss=0.0125 mean_kl=0.0000 stage=warmup scheduler_success_rate=0.500
episodes 29520-29539: success_rate=0.400 mean_reward=-665.14 mean_actor_loss=0.0125 mean_kl=0.0000 stage=warmup scheduler_success_rate=0.167
episodes 29540-29559: success_rate=0.350 mean_reward=-895.33 mean_actor_loss=0.0125 mean_kl=0.0000 stage=warmup scheduler_success_rate=0.000
episodes 29560-29579: success_rate=0.250 mean_reward=-539.26 mean_actor_loss=0.0125 mean_kl=0.0000 stage=warmup scheduler_success_rate=0.333
episodes 29580-29599: success_rate=0.250 mean_reward=-544.86 mean_actor_loss=0.0125 mean_kl=0.0000 stage=warmup scheduler_success_rate=0.167
episodes 29600-29619: success_rate=0.300 mean_reward=-285.48 mean_actor_loss=0.0125 mean_kl=0.0000 stage=warmup scheduler_success_rate=0.167
episodes 29620-29639: success_rate=0.300 mean_reward=-445.52 mean_actor_loss=0.0125 mean_kl=0.0000 stage=warmup scheduler_success_rate=0.000
episodes 29640-29659: success_rate=0.700 mean_reward=-563.90 mean_actor_loss=0.0124 mean_kl=0.0000 stage=warmup scheduler_success_rate=0.167
episodes 29660-29679: success_rate=0.450 mean_reward=-545.71 mean_actor_loss=0.0124 mean_kl=0.0000 stage=warmup scheduler_success_rate=0.000
episodes 29680-29699: success_rate=0.250 mean_reward=-592.41 mean_actor_loss=0.0125 mean_kl=0.0000 stage=warmup scheduler_success_rate=0.000
episodes 29700-29719: success_rate=0.300 mean_reward=-27.11 mean_actor_loss=0.0124 mean_kl=0.0000 stage=warmup scheduler_success_rate=0.167
episodes 29720-29739: success_rate=0.600 mean_reward=-348.93 mean_actor_loss=0.0124 mean_kl=0.0000 stage=warmup scheduler_success_rate=0.167
episodes 29740-29759: success_rate=0.400 mean_reward=-466.18 mean_actor_loss=0.0124 mean_kl=0.0001 stage=warmup scheduler_success_rate=0.000
episodes 29760-29779: success_rate=0.450 mean_reward=20.68 mean_actor_loss=0.0124 mean_kl=0.0000 stage=warmup scheduler_success_rate=0.000
episodes 29780-29799: success_rate=0.300 mean_reward=-574.41 mean_actor_loss=0.0125 mean_kl=0.0000 stage=warmup scheduler_success_rate=0.000
episodes 29800-29819: success_rate=0.700 mean_reward=-302.88 mean_actor_loss=0.0124 mean_kl=0.0000 stage=warmup scheduler_success_rate=0.000
episodes 29820-29839: success_rate=0.400 mean_reward=-642.30 mean_actor_loss=0.0124 mean_kl=0.0000 stage=warmup scheduler_success_rate=0.500
episodes 29840-29859: success_rate=0.350 mean_reward=-752.17 mean_actor_loss=0.0125 mean_kl=0.0000 stage=warmup scheduler_success_rate=0.333
episodes 29860-29879: success_rate=0.450 mean_reward=-332.76 mean_actor_loss=0.0124 mean_kl=0.0000 stage=warmup scheduler_success_rate=0.333
episodes 29880-29899: success_rate=0.650 mean_reward=-399.59 mean_actor_loss=0.0124 mean_kl=0.0000 stage=warmup scheduler_success_rate=0.333
episodes 29900-29919: success_rate=0.350 mean_reward=-599.30 mean_actor_loss=0.0125 mean_kl=0.0000 stage=warmup scheduler_success_rate=0.333
episodes 29920-29939: success_rate=0.500 mean_reward=-792.38 mean_actor_loss=0.0124 mean_kl=0.0000 stage=warmup scheduler_success_rate=0.167
episodes 29940-29959: success_rate=0.300 mean_reward=-471.02 mean_actor_loss=0.0125 mean_kl=0.0000 stage=warmup scheduler_success_rate=0.167
episodes 29960-29979: success_rate=0.250 mean_reward=-657.57 mean_actor_loss=0.0125 mean_kl=0.0000 stage=warmup scheduler_success_rate=0.333
episodes 29980-29999: success_rate=0.550 mean_reward=-205.06 mean_actor_loss=0.0124 mean_kl=0.0000 stage=warmup scheduler_success_rate=0.000
episodes 30000-30019: success_rate=0.400 mean_reward=-522.04 mean_actor_loss=0.0124 mean_kl=0.0000 stage=warmup scheduler_success_rate=0.167
episodes 30020-30039: success_rate=0.250 mean_reward=-579.81 mean_actor_loss=0.0125 mean_kl=0.0000 stage=warmup scheduler_success_rate=0.333
episodes 30040-30059: success_rate=0.350 mean_reward=-544.28 mean_actor_loss=0.0124 mean_kl=0.0000 stage=warmup scheduler_success_rate=0.167
episodes 30060-30079: success_rate=0.300 mean_reward=-602.72 mean_actor_loss=0.0125 mean_kl=0.0000 stage=warmup scheduler_success_rate=0.167
episodes 30080-30099: success_rate=0.150 mean_reward=-762.14 mean_actor_loss=0.0125 mean_kl=0.0000 stage=warmup scheduler_success_rate=0.167
episodes 30100-30119: success_rate=0.400 mean_reward=-332.70 mean_actor_loss=0.0124 mean_kl=0.0000 stage=warmup scheduler_success_rate=0.333
episodes 30120-30139: success_rate=0.400 mean_reward=-379.68 mean_actor_loss=0.0124 mean_kl=0.0000 stage=warmup scheduler_success_rate=0.000
episodes 30140-30159: success_rate=0.300 mean_reward=-183.94 mean_actor_loss=0.0124 mean_kl=0.0000 stage=warmup scheduler_success_rate=0.500
episodes 30160-30179: success_rate=0.400 mean_reward=-503.29 mean_actor_loss=0.0125 mean_kl=0.0000 stage=warmup scheduler_success_rate=0.167
episodes 30180-30199: success_rate=0.400 mean_reward=-514.81 mean_actor_loss=0.0125 mean_kl=0.0000 stage=warmup scheduler_success_rate=0.167
episodes 30200-30219: success_rate=0.300 mean_reward=-763.94 mean_actor_loss=0.0125 mean_kl=0.0000 stage=warmup scheduler_success_rate=0.000
episodes 30220-30239: success_rate=0.350 mean_reward=-462.44 mean_actor_loss=0.0124 mean_kl=0.0001 stage=warmup scheduler_success_rate=0.167
episodes 30240-30259: success_rate=0.250 mean_reward=-554.57 mean_actor_loss=0.0125 mean_kl=0.0000 stage=warmup scheduler_success_rate=0.167
episodes 30260-30279: success_rate=0.250 mean_reward=-509.28 mean_actor_loss=0.0125 mean_kl=0.0000 stage=warmup scheduler_success_rate=0.167
episodes 30280-30299: success_rate=0.450 mean_reward=-532.34 mean_actor_loss=0.0124 mean_kl=0.0000 stage=warmup scheduler_success_rate=0.000
episodes 30300-30319: success_rate=0.350 mean_reward=-223.28 mean_actor_loss=0.0125 mean_kl=0.0000 stage=warmup scheduler_success_rate=0.333
episodes 30320-30339: success_rate=0.300 mean_reward=-652.60 mean_actor_loss=0.0125 mean_kl=0.0000 stage=warmup scheduler_success_rate=0.167
episodes 30340-30359: success_rate=0.450 mean_reward=-701.55 mean_actor_loss=0.0125 mean_kl=0.0000 stage=warmup scheduler_success_rate=0.167
episodes 30360-30379: success_rate=0.250 mean_reward=-595.84 mean_actor_loss=0.0125 mean_kl=0.0000 stage=warmup scheduler_success_rate=0.333
episodes 30380-30399: success_rate=0.350 mean_reward=-956.15 mean_actor_loss=0.0125 mean_kl=0.0000 stage=warmup scheduler_success_rate=0.167
episodes 30400-30419: success_rate=0.400 mean_reward=-710.96 mean_actor_loss=0.0125 mean_kl=0.0000 stage=warmup scheduler_success_rate=0.000
episodes 30420-30439: success_rate=0.300 mean_reward=-684.68 mean_actor_loss=0.0125 mean_kl=0.0000 stage=warmup scheduler_success_rate=0.000
episodes 30440-30459: success_rate=0.450 mean_reward=-509.53 mean_actor_loss=0.0124 mean_kl=0.0000 stage=warmup scheduler_success_rate=0.500
episodes 30460-30479: success_rate=0.350 mean_reward=-734.93 mean_actor_loss=0.0125 mean_kl=0.0000 stage=warmup scheduler_success_rate=0.167
episodes 30480-30499: success_rate=0.300 mean_reward=-820.25 mean_actor_loss=0.0125 mean_kl=0.0000 stage=warmup scheduler_success_rate=0.167
episodes 30500-30519: success_rate=0.450 mean_reward=-374.83 mean_actor_loss=0.0124 mean_kl=0.0000 stage=warmup scheduler_success_rate=0.500
episodes 30520-30539: success_rate=0.550 mean_reward=-313.35 mean_actor_loss=0.0124 mean_kl=0.0000 stage=warmup scheduler_success_rate=0.667
episodes 30540-30559: success_rate=0.400 mean_reward=-437.15 mean_actor_loss=0.0125 mean_kl=0.0000 stage=warmup scheduler_success_rate=0.333
episodes 30560-30579: success_rate=0.450 mean_reward=-331.13 mean_actor_loss=0.0125 mean_kl=0.0000 stage=warmup scheduler_success_rate=0.333
episodes 30580-30599: success_rate=0.350 mean_reward=-487.17 mean_actor_loss=0.0125 mean_kl=0.0000 stage=warmup scheduler_success_rate=0.167
episodes 30600-30619: success_rate=0.350 mean_reward=-767.66 mean_actor_loss=0.0125 mean_kl=0.0000 stage=warmup scheduler_success_rate=0.000
episodes 30620-30639: success_rate=0.500 mean_reward=-722.79 mean_actor_loss=0.0124 mean_kl=0.0000 stage=warmup scheduler_success_rate=0.000
episodes 30640-30659: success_rate=0.400 mean_reward=-578.14 mean_actor_loss=0.0124 mean_kl=0.0000 stage=warmup scheduler_success_rate=0.167
episodes 30660-30679: success_rate=0.400 mean_reward=-757.52 mean_actor_loss=0.0125 mean_kl=0.0000 stage=warmup scheduler_success_rate=0.500
episodes 30680-30699: success_rate=0.350 mean_reward=-388.87 mean_actor_loss=0.0125 mean_kl=0.0000 stage=warmup scheduler_success_rate=0.167
episodes 30700-30719: success_rate=0.350 mean_reward=-766.72 mean_actor_loss=0.0124 mean_kl=0.0000 stage=warmup scheduler_success_rate=0.000
episodes 30720-30739: success_rate=0.400 mean_reward=-655.23 mean_actor_loss=0.0124 mean_kl=0.0000 stage=warmup scheduler_success_rate=0.333
episodes 30740-30759: success_rate=0.550 mean_reward=-630.90 mean_actor_loss=0.0124 mean_kl=0.0000 stage=warmup scheduler_success_rate=0.500
episodes 30760-30779: success_rate=0.650 mean_reward=-327.94 mean_actor_loss=0.0124 mean_kl=0.0000 stage=warmup scheduler_success_rate=0.000
episodes 30780-30799: success_rate=0.350 mean_reward=-356.73 mean_actor_loss=0.0125 mean_kl=0.0000 stage=warmup scheduler_success_rate=0.333
episodes 30800-30819: success_rate=0.400 mean_reward=-319.92 mean_actor_loss=0.0125 mean_kl=0.0000 stage=warmup scheduler_success_rate=0.167
episodes 30820-30839: success_rate=0.250 mean_reward=-575.10 mean_actor_loss=0.0125 mean_kl=0.0000 stage=warmup scheduler_success_rate=0.333
episodes 30840-30859: success_rate=0.350 mean_reward=-743.39 mean_actor_loss=0.0125 mean_kl=0.0000 stage=warmup scheduler_success_rate=0.167
episodes 30860-30879: success_rate=0.300 mean_reward=-875.95 mean_actor_loss=0.0125 mean_kl=0.0001 stage=warmup scheduler_success_rate=0.167
episodes 30880-30899: success_rate=0.100 mean_reward=-682.31 mean_actor_loss=0.0125 mean_kl=0.0000 stage=warmup scheduler_success_rate=0.000
episodes 30900-30919: success_rate=0.350 mean_reward=-249.12 mean_actor_loss=0.0125 mean_kl=0.0001 stage=warmup scheduler_success_rate=0.333
episodes 30920-30939: success_rate=0.400 mean_reward=-449.99 mean_actor_loss=0.0125 mean_kl=0.0000 stage=warmup scheduler_success_rate=0.333
episodes 30940-30959: success_rate=0.450 mean_reward=-599.49 mean_actor_loss=0.0124 mean_kl=0.0000 stage=warmup scheduler_success_rate=0.333
episodes 30960-30979: success_rate=0.400 mean_reward=-266.24 mean_actor_loss=0.0124 mean_kl=0.0000 stage=warmup scheduler_success_rate=0.333
episodes 30980-30999: success_rate=0.400 mean_reward=-513.71 mean_actor_loss=0.0124 mean_kl=0.0000 stage=warmup scheduler_success_rate=0.333
episodes 31000-31019: success_rate=0.200 mean_reward=-445.80 mean_actor_loss=0.0125 mean_kl=0.0000 stage=warmup scheduler_success_rate=0.167
episodes 31020-31039: success_rate=0.500 mean_reward=-796.56 mean_actor_loss=0.0124 mean_kl=0.0001 stage=warmup scheduler_success_rate=0.000
episodes 31040-31059: success_rate=0.350 mean_reward=-605.67 mean_actor_loss=0.0125 mean_kl=0.0000 stage=warmup scheduler_success_rate=0.000
episodes 31060-31079: success_rate=0.350 mean_reward=-884.90 mean_actor_loss=0.0125 mean_kl=0.0000 stage=warmup scheduler_success_rate=0.000
episodes 31080-31099: success_rate=0.500 mean_reward=-695.64 mean_actor_loss=0.0124 mean_kl=0.0000 stage=warmup scheduler_success_rate=0.167
episodes 31100-31119: success_rate=0.400 mean_reward=-620.09 mean_actor_loss=0.0124 mean_kl=0.0000 stage=warmup scheduler_success_rate=0.000
episodes 31120-31139: success_rate=0.300 mean_reward=-530.01 mean_actor_loss=0.0125 mean_kl=0.0000 stage=warmup scheduler_success_rate=0.167
episodes 31140-31159: success_rate=0.200 mean_reward=-881.07 mean_actor_loss=0.0125 mean_kl=0.0000 stage=warmup scheduler_success_rate=0.000
episodes 31160-31179: success_rate=0.300 mean_reward=-739.81 mean_actor_loss=0.0125 mean_kl=0.0000 stage=warmup scheduler_success_rate=0.000
episodes 31180-31199: success_rate=0.450 mean_reward=-470.21 mean_actor_loss=0.0124 mean_kl=0.0000 stage=warmup scheduler_success_rate=0.333
episodes 31200-31219: success_rate=0.250 mean_reward=-553.44 mean_actor_loss=0.0125 mean_kl=0.0000 stage=warmup scheduler_success_rate=0.000
episodes 31220-31239: success_rate=0.250 mean_reward=-341.34 mean_actor_loss=0.0125 mean_kl=0.0000 stage=warmup scheduler_success_rate=0.167
episodes 31240-31259: success_rate=0.350 mean_reward=-453.71 mean_actor_loss=0.0125 mean_kl=0.0000 stage=warmup scheduler_success_rate=0.167
episodes 31260-31279: success_rate=0.300 mean_reward=-635.97 mean_actor_loss=0.0125 mean_kl=0.0000 stage=warmup scheduler_success_rate=0.167
episodes 31280-31299: success_rate=0.350 mean_reward=-767.61 mean_actor_loss=0.0124 mean_kl=0.0000 stage=warmup scheduler_success_rate=0.167
episodes 31300-31319: success_rate=0.400 mean_reward=-484.79 mean_actor_loss=0.0124 mean_kl=0.0000 stage=warmup scheduler_success_rate=0.167
episodes 31320-31339: success_rate=0.400 mean_reward=-589.08 mean_actor_loss=0.0124 mean_kl=0.0000 stage=warmup scheduler_success_rate=0.167
episodes 31340-31359: success_rate=0.550 mean_reward=-229.39 mean_actor_loss=0.0124 mean_kl=0.0000 stage=warmup scheduler_success_rate=0.333
episodes 31360-31379: success_rate=0.550 mean_reward=-618.54 mean_actor_loss=0.0125 mean_kl=0.0000 stage=warmup scheduler_success_rate=0.167
episodes 31380-31399: success_rate=0.200 mean_reward=-471.48 mean_actor_loss=0.0125 mean_kl=0.0000 stage=warmup scheduler_success_rate=0.000
episodes 31400-31419: success_rate=0.300 mean_reward=-411.55 mean_actor_loss=0.0125 mean_kl=0.0000 stage=warmup scheduler_success_rate=0.167
episodes 31420-31439: success_rate=0.300 mean_reward=-912.08 mean_actor_loss=0.0125 mean_kl=0.0000 stage=warmup scheduler_success_rate=0.167
episodes 31440-31459: success_rate=0.350 mean_reward=-770.61 mean_actor_loss=0.0125 mean_kl=0.0000 stage=warmup scheduler_success_rate=0.167
episodes 31460-31479: success_rate=0.300 mean_reward=-879.54 mean_actor_loss=0.0124 mean_kl=0.0000 stage=warmup scheduler_success_rate=0.167
episodes 31480-31499: success_rate=0.400 mean_reward=-1021.74 mean_actor_loss=0.0125 mean_kl=0.0000 stage=warmup scheduler_success_rate=0.167
episodes 31500-31519: success_rate=0.400 mean_reward=-439.53 mean_actor_loss=0.0124 mean_kl=0.0000 stage=warmup scheduler_success_rate=0.333
episodes 31520-31539: success_rate=0.150 mean_reward=-412.68 mean_actor_loss=0.0125 mean_kl=0.0001 stage=warmup scheduler_success_rate=0.000
episodes 31540-31559: success_rate=0.400 mean_reward=-588.05 mean_actor_loss=0.0125 mean_kl=0.0000 stage=warmup scheduler_success_rate=0.333
episodes 31560-31579: success_rate=0.200 mean_reward=-1237.59 mean_actor_loss=0.0125 mean_kl=0.0000 stage=warmup scheduler_success_rate=0.000
episodes 31580-31599: success_rate=0.400 mean_reward=-229.27 mean_actor_loss=0.0124 mean_kl=0.0000 stage=warmup scheduler_success_rate=0.333
episodes 31600-31619: success_rate=0.250 mean_reward=-632.36 mean_actor_loss=0.0124 mean_kl=0.0000 stage=warmup scheduler_success_rate=0.167
episodes 31620-31639: success_rate=0.450 mean_reward=-711.51 mean_actor_loss=0.0124 mean_kl=0.0000 stage=warmup scheduler_success_rate=0.333
episodes 31640-31659: success_rate=0.350 mean_reward=-700.81 mean_actor_loss=0.0124 mean_kl=0.0000 stage=warmup scheduler_success_rate=0.667
episodes 31660-31679: success_rate=0.500 mean_reward=-767.55 mean_actor_loss=0.0125 mean_kl=0.0000 stage=warmup scheduler_success_rate=0.000
episodes 31680-31699: success_rate=0.400 mean_reward=-791.73 mean_actor_loss=0.0125 mean_kl=0.0000 stage=warmup scheduler_success_rate=0.000
episodes 31700-31719: success_rate=0.350 mean_reward=-748.81 mean_actor_loss=0.0124 mean_kl=0.0000 stage=warmup scheduler_success_rate=0.333
episodes 31720-31739: success_rate=0.300 mean_reward=-856.21 mean_actor_loss=0.0124 mean_kl=0.0000 stage=warmup scheduler_success_rate=0.167
episodes 31740-31759: success_rate=0.500 mean_reward=-758.21 mean_actor_loss=0.0124 mean_kl=0.0001 stage=warmup scheduler_success_rate=0.167
episodes 31760-31779: success_rate=0.400 mean_reward=-635.21 mean_actor_loss=0.0125 mean_kl=0.0000 stage=warmup scheduler_success_rate=0.167
episodes 31780-31799: success_rate=0.300 mean_reward=-325.71 mean_actor_loss=0.0125 mean_kl=0.0000 stage=warmup scheduler_success_rate=0.167
episodes 31800-31819: success_rate=0.300 mean_reward=-679.18 mean_actor_loss=0.0125 mean_kl=0.0000 stage=warmup scheduler_success_rate=0.333
episodes 31820-31839: success_rate=0.300 mean_reward=-202.34 mean_actor_loss=0.0124 mean_kl=0.0000 stage=warmup scheduler_success_rate=0.167
episodes 31840-31859: success_rate=0.200 mean_reward=-821.23 mean_actor_loss=0.0125 mean_kl=0.0000 stage=warmup scheduler_success_rate=0.167
episodes 31860-31879: success_rate=0.400 mean_reward=-541.93 mean_actor_loss=0.0124 mean_kl=0.0001 stage=warmup scheduler_success_rate=0.167
episodes 31880-31899: success_rate=0.350 mean_reward=-491.23 mean_actor_loss=0.0125 mean_kl=0.0000 stage=warmup scheduler_success_rate=0.333
episodes 31900-31919: success_rate=0.250 mean_reward=-730.34 mean_actor_loss=0.0125 mean_kl=0.0000 stage=warmup scheduler_success_rate=0.000
episodes 31920-31939: success_rate=0.200 mean_reward=-279.94 mean_actor_loss=0.0125 mean_kl=0.0000 stage=warmup scheduler_success_rate=0.167
episodes 31940-31959: success_rate=0.250 mean_reward=-683.56 mean_actor_loss=0.0125 mean_kl=0.0000 stage=warmup scheduler_success_rate=0.000
episodes 31960-31979: success_rate=0.200 mean_reward=-518.84 mean_actor_loss=0.0125 mean_kl=0.0000 stage=warmup scheduler_success_rate=0.167
episodes 31980-31999: success_rate=0.600 mean_reward=-140.44 mean_actor_loss=0.0124 mean_kl=0.0000 stage=warmup scheduler_success_rate=0.333
episodes 32000-32019: success_rate=0.250 mean_reward=-517.83 mean_actor_loss=0.0125 mean_kl=0.0000 stage=warmup scheduler_success_rate=0.000
episodes 32020-32039: success_rate=0.300 mean_reward=-609.06 mean_actor_loss=0.0124 mean_kl=0.0000 stage=warmup scheduler_success_rate=0.167
episodes 32040-32059: success_rate=0.200 mean_reward=-315.61 mean_actor_loss=0.0125 mean_kl=0.0000 stage=warmup scheduler_success_rate=0.167
episodes 32060-32079: success_rate=0.150 mean_reward=-456.69 mean_actor_loss=0.0125 mean_kl=0.0000 stage=warmup scheduler_success_rate=0.167
episodes 32080-32099: success_rate=0.500 mean_reward=-573.92 mean_actor_loss=0.0124 mean_kl=0.0000 stage=warmup scheduler_success_rate=0.167
episodes 32100-32119: success_rate=0.700 mean_reward=-116.26 mean_actor_loss=0.0124 mean_kl=0.0000 stage=warmup scheduler_success_rate=0.667
episodes 32120-32139: success_rate=0.450 mean_reward=-392.66 mean_actor_loss=0.0125 mean_kl=0.0000 stage=warmup scheduler_success_rate=0.500
episodes 32140-32159: success_rate=0.200 mean_reward=-795.49 mean_actor_loss=0.0125 mean_kl=0.0000 stage=warmup scheduler_success_rate=0.000
episodes 32160-32179: success_rate=0.250 mean_reward=-962.12 mean_actor_loss=0.0125 mean_kl=0.0000 stage=warmup scheduler_success_rate=0.167
episodes 32180-32199: success_rate=0.300 mean_reward=-601.90 mean_actor_loss=0.0125 mean_kl=0.0000 stage=warmup scheduler_success_rate=0.167
episodes 32200-32219: success_rate=0.250 mean_reward=-950.13 mean_actor_loss=0.0125 mean_kl=0.0000 stage=warmup scheduler_success_rate=0.167
episodes 32220-32239: success_rate=0.400 mean_reward=-216.19 mean_actor_loss=0.0124 mean_kl=0.0000 stage=warmup scheduler_success_rate=0.167
episodes 32240-32259: success_rate=0.350 mean_reward=-595.00 mean_actor_loss=0.0124 mean_kl=0.0000 stage=warmup scheduler_success_rate=0.500
episodes 32260-32279: success_rate=0.450 mean_reward=-547.29 mean_actor_loss=0.0124 mean_kl=0.0000 stage=warmup scheduler_success_rate=0.000
episodes 32280-32299: success_rate=0.250 mean_reward=-453.12 mean_actor_loss=0.0125 mean_kl=0.0000 stage=warmup scheduler_success_rate=0.333
episodes 32300-32319: success_rate=0.350 mean_reward=-682.40 mean_actor_loss=0.0124 mean_kl=0.0000 stage=warmup scheduler_success_rate=0.167
episodes 32320-32339: success_rate=0.350 mean_reward=-928.22 mean_actor_loss=0.0125 mean_kl=0.0000 stage=warmup scheduler_success_rate=0.333
episodes 32340-32359: success_rate=0.350 mean_reward=-172.00 mean_actor_loss=0.0124 mean_kl=0.0000 stage=warmup scheduler_success_rate=0.333
episodes 32360-32379: success_rate=0.400 mean_reward=-534.81 mean_actor_loss=0.0125 mean_kl=0.0000 stage=warmup scheduler_success_rate=0.167
episodes 32380-32399: success_rate=0.450 mean_reward=-31.51 mean_actor_loss=0.0124 mean_kl=0.0000 stage=warmup scheduler_success_rate=0.667
episodes 32400-32419: success_rate=0.250 mean_reward=-809.82 mean_actor_loss=0.0125 mean_kl=0.0000 stage=warmup scheduler_success_rate=0.167
episodes 32420-32439: success_rate=0.300 mean_reward=-514.62 mean_actor_loss=0.0125 mean_kl=0.0000 stage=warmup scheduler_success_rate=0.167
episodes 32440-32459: success_rate=0.350 mean_reward=-599.89 mean_actor_loss=0.0124 mean_kl=0.0000 stage=warmup scheduler_success_rate=0.167
episodes 32460-32479: success_rate=0.400 mean_reward=-737.49 mean_actor_loss=0.0125 mean_kl=0.0000 stage=warmup scheduler_success_rate=0.167
episodes 32480-32499: success_rate=0.400 mean_reward=-296.37 mean_actor_loss=0.0125 mean_kl=0.0000 stage=warmup scheduler_success_rate=0.167
episodes 32500-32519: success_rate=0.350 mean_reward=-633.47 mean_actor_loss=0.0125 mean_kl=0.0000 stage=warmup scheduler_success_rate=0.333
episodes 32520-32539: success_rate=0.300 mean_reward=-267.56 mean_actor_loss=0.0124 mean_kl=0.0000 stage=warmup scheduler_success_rate=0.000
episodes 32540-32559: success_rate=0.300 mean_reward=-513.86 mean_actor_loss=0.0125 mean_kl=0.0001 stage=warmup scheduler_success_rate=0.000
episodes 32560-32579: success_rate=0.150 mean_reward=-1248.77 mean_actor_loss=0.0125 mean_kl=0.0000 stage=warmup scheduler_success_rate=0.000
episodes 32580-32599: success_rate=0.450 mean_reward=-800.84 mean_actor_loss=0.0125 mean_kl=0.0000 stage=warmup scheduler_success_rate=0.500
episodes 32600-32619: success_rate=0.400 mean_reward=-231.66 mean_actor_loss=0.0124 mean_kl=0.0000 stage=warmup scheduler_success_rate=0.333
episodes 32620-32639: success_rate=0.300 mean_reward=-382.65 mean_actor_loss=0.0125 mean_kl=0.0000 stage=warmup scheduler_success_rate=0.500
episodes 32640-32659: success_rate=0.150 mean_reward=-739.96 mean_actor_loss=0.0125 mean_kl=0.0000 stage=warmup scheduler_success_rate=0.167
episodes 32660-32679: success_rate=0.400 mean_reward=-332.68 mean_actor_loss=0.0124 mean_kl=0.0000 stage=warmup scheduler_success_rate=0.167
episodes 32680-32699: success_rate=0.400 mean_reward=-456.82 mean_actor_loss=0.0125 mean_kl=0.0000 stage=warmup scheduler_success_rate=0.500
episodes 32700-32719: success_rate=0.250 mean_reward=-512.65 mean_actor_loss=0.0125 mean_kl=0.0000 stage=warmup scheduler_success_rate=0.000
episodes 32720-32739: success_rate=0.450 mean_reward=-480.74 mean_actor_loss=0.0124 mean_kl=0.0000 stage=warmup scheduler_success_rate=0.167
episodes 32740-32759: success_rate=0.400 mean_reward=-759.88 mean_actor_loss=0.0125 mean_kl=0.0000 stage=warmup scheduler_success_rate=0.167
episodes 32760-32779: success_rate=0.200 mean_reward=-528.89 mean_actor_loss=0.0125 mean_kl=0.0000 stage=warmup scheduler_success_rate=0.000
episodes 32780-32799: success_rate=0.300 mean_reward=-495.73 mean_actor_loss=0.0125 mean_kl=0.0000 stage=warmup scheduler_success_rate=0.500
episodes 32800-32819: success_rate=0.350 mean_reward=-627.14 mean_actor_loss=0.0125 mean_kl=0.0000 stage=warmup scheduler_success_rate=0.000
episodes 32820-32839: success_rate=0.400 mean_reward=-626.78 mean_actor_loss=0.0125 mean_kl=0.0000 stage=warmup scheduler_success_rate=0.333
episodes 32840-32859: success_rate=0.400 mean_reward=-929.42 mean_actor_loss=0.0125 mean_kl=0.0000 stage=warmup scheduler_success_rate=0.167
episodes 32860-32879: success_rate=0.550 mean_reward=-412.71 mean_actor_loss=0.0124 mean_kl=0.0000 stage=warmup scheduler_success_rate=0.500
episodes 32880-32899: success_rate=0.500 mean_reward=-631.12 mean_actor_loss=0.0125 mean_kl=0.0000 stage=warmup scheduler_success_rate=0.500
episodes 32900-32919: success_rate=0.650 mean_reward=-207.29 mean_actor_loss=0.0124 mean_kl=0.0000 stage=warmup scheduler_success_rate=0.167
episodes 32920-32939: success_rate=0.350 mean_reward=-761.92 mean_actor_loss=0.0124 mean_kl=0.0000 stage=warmup scheduler_success_rate=0.333
episodes 32940-32959: success_rate=0.200 mean_reward=-1043.09 mean_actor_loss=0.0125 mean_kl=0.0000 stage=warmup scheduler_success_rate=0.000
episodes 32960-32979: success_rate=0.200 mean_reward=-465.84 mean_actor_loss=0.0125 mean_kl=0.0000 stage=warmup scheduler_success_rate=0.000
episodes 32980-32999: success_rate=0.400 mean_reward=-235.71 mean_actor_loss=0.0124 mean_kl=0.0001 stage=warmup scheduler_success_rate=0.333
episodes 33000-33019: success_rate=0.300 mean_reward=-545.74 mean_actor_loss=0.0125 mean_kl=0.0000 stage=warmup scheduler_success_rate=0.167
episodes 33020-33039: success_rate=0.300 mean_reward=-488.03 mean_actor_loss=0.0125 mean_kl=0.0000 stage=warmup scheduler_success_rate=0.333
episodes 33040-33059: success_rate=0.350 mean_reward=-816.87 mean_actor_loss=0.0124 mean_kl=0.0000 stage=warmup scheduler_success_rate=0.167
episodes 33060-33079: success_rate=0.400 mean_reward=-287.21 mean_actor_loss=0.0125 mean_kl=0.0000 stage=warmup scheduler_success_rate=0.000
episodes 33080-33099: success_rate=0.150 mean_reward=-523.61 mean_actor_loss=0.0125 mean_kl=0.0000 stage=warmup scheduler_success_rate=0.167
episodes 33100-33119: success_rate=0.350 mean_reward=-388.74 mean_actor_loss=0.0124 mean_kl=0.0000 stage=warmup scheduler_success_rate=0.000
episodes 33120-33139: success_rate=0.550 mean_reward=-563.91 mean_actor_loss=0.0124 mean_kl=0.0001 stage=warmup scheduler_success_rate=0.000
episodes 33140-33159: success_rate=0.300 mean_reward=-473.36 mean_actor_loss=0.0125 mean_kl=0.0000 stage=warmup scheduler_success_rate=0.000
episodes 33160-33179: success_rate=0.500 mean_reward=-297.52 mean_actor_loss=0.0125 mean_kl=0.0000 stage=warmup scheduler_success_rate=0.167
episodes 33180-33199: success_rate=0.250 mean_reward=-695.06 mean_actor_loss=0.0125 mean_kl=0.0000 stage=warmup scheduler_success_rate=0.167
episodes 33200-33219: success_rate=0.550 mean_reward=-243.54 mean_actor_loss=0.0124 mean_kl=0.0001 stage=warmup scheduler_success_rate=0.167
episodes 33220-33239: success_rate=0.350 mean_reward=-818.71 mean_actor_loss=0.0125 mean_kl=0.0000 stage=warmup scheduler_success_rate=0.167
episodes 33240-33259: success_rate=0.450 mean_reward=-640.66 mean_actor_loss=0.0125 mean_kl=0.0000 stage=warmup scheduler_success_rate=0.167
episodes 33260-33279: success_rate=0.350 mean_reward=-449.12 mean_actor_loss=0.0125 mean_kl=0.0001 stage=warmup scheduler_success_rate=0.333
episodes 33280-33299: success_rate=0.550 mean_reward=-339.83 mean_actor_loss=0.0125 mean_kl=0.0001 stage=warmup scheduler_success_rate=0.500
episodes 33300-33319: success_rate=0.150 mean_reward=-518.04 mean_actor_loss=0.0125 mean_kl=0.0000 stage=warmup scheduler_success_rate=0.000
episodes 33320-33339: success_rate=0.150 mean_reward=-850.70 mean_actor_loss=0.0125 mean_kl=0.0000 stage=warmup scheduler_success_rate=0.000
episodes 33340-33359: success_rate=0.250 mean_reward=-597.74 mean_actor_loss=0.0124 mean_kl=0.0000 stage=warmup scheduler_success_rate=0.000
episodes 33360-33379: success_rate=0.400 mean_reward=-821.06 mean_actor_loss=0.0124 mean_kl=0.0000 stage=warmup scheduler_success_rate=0.167
episodes 33380-33399: success_rate=0.200 mean_reward=-735.60 mean_actor_loss=0.0125 mean_kl=0.0000 stage=warmup scheduler_success_rate=0.000
episodes 33400-33419: success_rate=0.250 mean_reward=-623.11 mean_actor_loss=0.0125 mean_kl=0.0000 stage=warmup scheduler_success_rate=0.167
episodes 33420-33439: success_rate=0.600 mean_reward=65.24 mean_actor_loss=0.0124 mean_kl=0.0000 stage=intermediate scheduler_success_rate=0.000
episodes 33440-33459: success_rate=0.500 mean_reward=-564.72 mean_actor_loss=0.0124 mean_kl=0.0000 stage=warmup scheduler_success_rate=0.333
episodes 33460-33479: success_rate=0.350 mean_reward=-722.73 mean_actor_loss=0.0125 mean_kl=0.0000 stage=warmup scheduler_success_rate=0.000
episodes 33480-33499: success_rate=0.150 mean_reward=-1137.77 mean_actor_loss=0.0125 mean_kl=0.0000 stage=warmup scheduler_success_rate=0.000
episodes 33500-33519: success_rate=0.300 mean_reward=-740.23 mean_actor_loss=0.0125 mean_kl=0.0000 stage=warmup scheduler_success_rate=0.000
episodes 33520-33539: success_rate=0.350 mean_reward=-605.02 mean_actor_loss=0.0125 mean_kl=0.0001 stage=warmup scheduler_success_rate=0.333
episodes 33540-33559: success_rate=0.400 mean_reward=-946.34 mean_actor_loss=0.0125 mean_kl=0.0000 stage=warmup scheduler_success_rate=0.000
episodes 33560-33579: success_rate=0.350 mean_reward=-563.83 mean_actor_loss=0.0124 mean_kl=0.0000 stage=warmup scheduler_success_rate=0.167
episodes 33580-33599: success_rate=0.350 mean_reward=-711.83 mean_actor_loss=0.0125 mean_kl=0.0000 stage=warmup scheduler_success_rate=0.167
episodes 33600-33619: success_rate=0.350 mean_reward=-472.98 mean_actor_loss=0.0125 mean_kl=0.0000 stage=warmup scheduler_success_rate=0.167
episodes 33620-33639: success_rate=0.350 mean_reward=-518.59 mean_actor_loss=0.0125 mean_kl=0.0000 stage=warmup scheduler_success_rate=0.167
episodes 33640-33659: success_rate=0.050 mean_reward=-472.59 mean_actor_loss=0.0125 mean_kl=0.0000 stage=warmup scheduler_success_rate=0.000
episodes 33660-33679: success_rate=0.100 mean_reward=-978.03 mean_actor_loss=0.0125 mean_kl=0.0000 stage=warmup scheduler_success_rate=0.000
episodes 33680-33699: success_rate=0.200 mean_reward=-867.66 mean_actor_loss=0.0125 mean_kl=0.0000 stage=warmup scheduler_success_rate=0.167
episodes 33700-33719: success_rate=0.350 mean_reward=-888.99 mean_actor_loss=0.0125 mean_kl=0.0000 stage=warmup scheduler_success_rate=0.167
episodes 33720-33739: success_rate=0.550 mean_reward=-448.66 mean_actor_loss=0.0124 mean_kl=0.0001 stage=warmup scheduler_success_rate=0.167
episodes 33740-33759: success_rate=0.350 mean_reward=-578.19 mean_actor_loss=0.0124 mean_kl=0.0000 stage=warmup scheduler_success_rate=0.167
episodes 33760-33779: success_rate=0.150 mean_reward=-502.87 mean_actor_loss=0.0125 mean_kl=0.0000 stage=warmup scheduler_success_rate=0.000
episodes 33780-33799: success_rate=0.200 mean_reward=-503.58 mean_actor_loss=0.0125 mean_kl=0.0000 stage=warmup scheduler_success_rate=0.000
episodes 33800-33819: success_rate=0.250 mean_reward=-375.04 mean_actor_loss=0.0125 mean_kl=0.0000 stage=warmup scheduler_success_rate=0.167
episodes 33820-33839: success_rate=0.300 mean_reward=-571.28 mean_actor_loss=0.0125 mean_kl=0.0000 stage=warmup scheduler_success_rate=0.333
episodes 33840-33859: success_rate=0.550 mean_reward=-400.27 mean_actor_loss=0.0124 mean_kl=0.0000 stage=warmup scheduler_success_rate=0.667
episodes 33860-33879: success_rate=0.350 mean_reward=-611.52 mean_actor_loss=0.0124 mean_kl=0.0000 stage=warmup scheduler_success_rate=0.167
episodes 33880-33899: success_rate=0.250 mean_reward=-618.85 mean_actor_loss=0.0125 mean_kl=0.0000 stage=warmup scheduler_success_rate=0.000
episodes 33900-33919: success_rate=0.250 mean_reward=-787.36 mean_actor_loss=0.0125 mean_kl=0.0000 stage=warmup scheduler_success_rate=0.333
episodes 33920-33939: success_rate=0.500 mean_reward=-36.41 mean_actor_loss=0.0124 mean_kl=0.0000 stage=warmup scheduler_success_rate=0.500
episodes 33940-33959: success_rate=0.350 mean_reward=-738.02 mean_actor_loss=0.0124 mean_kl=0.0000 stage=warmup scheduler_success_rate=0.167
episodes 33960-33979: success_rate=0.350 mean_reward=-532.27 mean_actor_loss=0.0125 mean_kl=0.0000 stage=warmup scheduler_success_rate=0.167
episodes 33980-33999: success_rate=0.400 mean_reward=-519.39 mean_actor_loss=0.0125 mean_kl=0.0000 stage=warmup scheduler_success_rate=0.167
episodes 34000-34019: success_rate=0.350 mean_reward=-554.68 mean_actor_loss=0.0125 mean_kl=0.0000 stage=warmup scheduler_success_rate=0.167
episodes 34020-34039: success_rate=0.300 mean_reward=-568.54 mean_actor_loss=0.0124 mean_kl=0.0000 stage=warmup scheduler_success_rate=0.167
episodes 34040-34059: success_rate=0.400 mean_reward=-367.59 mean_actor_loss=0.0125 mean_kl=0.0000 stage=warmup scheduler_success_rate=0.167
episodes 34060-34079: success_rate=0.200 mean_reward=-312.06 mean_actor_loss=0.0125 mean_kl=0.0000 stage=warmup scheduler_success_rate=0.167
episodes 34080-34099: success_rate=0.650 mean_reward=-122.91 mean_actor_loss=0.0124 mean_kl=0.0000 stage=warmup scheduler_success_rate=0.500
episodes 34100-34119: success_rate=0.400 mean_reward=-800.68 mean_actor_loss=0.0124 mean_kl=0.0001 stage=warmup scheduler_success_rate=0.167
episodes 34120-34139: success_rate=0.150 mean_reward=-821.24 mean_actor_loss=0.0125 mean_kl=0.0000 stage=warmup scheduler_success_rate=0.000
episodes 34140-34159: success_rate=0.200 mean_reward=-432.06 mean_actor_loss=0.0125 mean_kl=0.0000 stage=warmup scheduler_success_rate=0.000
episodes 34160-34179: success_rate=0.450 mean_reward=-791.28 mean_actor_loss=0.0124 mean_kl=0.0000 stage=warmup scheduler_success_rate=0.167
episodes 34180-34199: success_rate=0.350 mean_reward=-590.98 mean_actor_loss=0.0125 mean_kl=0.0001 stage=warmup scheduler_success_rate=0.333
episodes 34200-34219: success_rate=0.350 mean_reward=-555.78 mean_actor_loss=0.0125 mean_kl=0.0000 stage=warmup scheduler_success_rate=0.333
episodes 34220-34239: success_rate=0.250 mean_reward=-603.38 mean_actor_loss=0.0124 mean_kl=0.0000 stage=warmup scheduler_success_rate=0.000
episodes 34240-34259: success_rate=0.450 mean_reward=-335.20 mean_actor_loss=0.0124 mean_kl=0.0000 stage=full scheduler_success_rate=0.000
episodes 34260-34279: success_rate=0.400 mean_reward=-288.02 mean_actor_loss=0.0125 mean_kl=0.0000 stage=warmup scheduler_success_rate=0.000
episodes 34280-34299: success_rate=0.250 mean_reward=-417.25 mean_actor_loss=0.0125 mean_kl=0.0000 stage=warmup scheduler_success_rate=0.167
episodes 34300-34319: success_rate=0.300 mean_reward=-277.94 mean_actor_loss=0.0124 mean_kl=0.0001 stage=warmup scheduler_success_rate=0.167
episodes 34320-34339: success_rate=0.300 mean_reward=-695.07 mean_actor_loss=0.0125 mean_kl=0.0000 stage=warmup scheduler_success_rate=0.167
episodes 34340-34359: success_rate=0.300 mean_reward=-503.39 mean_actor_loss=0.0125 mean_kl=0.0000 stage=warmup scheduler_success_rate=0.167
episodes 34360-34379: success_rate=0.150 mean_reward=-146.99 mean_actor_loss=0.0125 mean_kl=0.0000 stage=warmup scheduler_success_rate=0.000
episodes 34380-34399: success_rate=0.200 mean_reward=-1033.92 mean_actor_loss=0.0125 mean_kl=0.0000 stage=warmup scheduler_success_rate=0.000
episodes 34400-34419: success_rate=0.450 mean_reward=-1174.46 mean_actor_loss=0.0125 mean_kl=0.0000 stage=warmup scheduler_success_rate=0.167
episodes 34420-34439: success_rate=0.250 mean_reward=-614.47 mean_actor_loss=0.0125 mean_kl=0.0000 stage=warmup scheduler_success_rate=0.167
episodes 34440-34459: success_rate=0.350 mean_reward=-640.33 mean_actor_loss=0.0124 mean_kl=0.0000 stage=warmup scheduler_success_rate=0.167
episodes 34460-34479: success_rate=0.300 mean_reward=-386.84 mean_actor_loss=0.0125 mean_kl=0.0000 stage=warmup scheduler_success_rate=0.333
episodes 34480-34499: success_rate=0.150 mean_reward=-687.97 mean_actor_loss=0.0125 mean_kl=0.0000 stage=warmup scheduler_success_rate=0.167
episodes 34500-34519: success_rate=0.350 mean_reward=-466.21 mean_actor_loss=0.0125 mean_kl=0.0000 stage=warmup scheduler_success_rate=0.000
episodes 34520-34539: success_rate=0.350 mean_reward=-1062.86 mean_actor_loss=0.0124 mean_kl=0.0000 stage=warmup scheduler_success_rate=0.000
episodes 34540-34559: success_rate=0.300 mean_reward=-456.16 mean_actor_loss=0.0125 mean_kl=0.0001 stage=warmup scheduler_success_rate=0.167
episodes 34560-34579: success_rate=0.550 mean_reward=-132.64 mean_actor_loss=0.0124 mean_kl=0.0000 stage=warmup scheduler_success_rate=0.333
episodes 34580-34599: success_rate=0.300 mean_reward=-482.09 mean_actor_loss=0.0125 mean_kl=0.0000 stage=warmup scheduler_success_rate=0.000
episodes 34600-34619: success_rate=0.300 mean_reward=-611.54 mean_actor_loss=0.0125 mean_kl=0.0000 stage=warmup scheduler_success_rate=0.167
episodes 34620-34639: success_rate=0.300 mean_reward=-623.49 mean_actor_loss=0.0124 mean_kl=0.0000 stage=warmup scheduler_success_rate=0.000
episodes 34640-34659: success_rate=0.300 mean_reward=-229.10 mean_actor_loss=0.0124 mean_kl=0.0000 stage=warmup scheduler_success_rate=0.500
episodes 34660-34679: success_rate=0.250 mean_reward=-567.96 mean_actor_loss=0.0125 mean_kl=0.0000 stage=warmup scheduler_success_rate=0.167
episodes 34680-34699: success_rate=0.650 mean_reward=-125.09 mean_actor_loss=0.0124 mean_kl=0.0000 stage=warmup scheduler_success_rate=0.667
episodes 34700-34719: success_rate=0.400 mean_reward=-658.64 mean_actor_loss=0.0124 mean_kl=0.0000 stage=warmup scheduler_success_rate=0.167
episodes 34720-34739: success_rate=0.150 mean_reward=-562.79 mean_actor_loss=0.0125 mean_kl=0.0000 stage=warmup scheduler_success_rate=0.167
episodes 34740-34759: success_rate=0.350 mean_reward=-441.79 mean_actor_loss=0.0125 mean_kl=0.0000 stage=warmup scheduler_success_rate=0.000
episodes 34760-34779: success_rate=0.350 mean_reward=-994.06 mean_actor_loss=0.0125 mean_kl=0.0000 stage=warmup scheduler_success_rate=0.000
episodes 34780-34799: success_rate=0.350 mean_reward=-401.02 mean_actor_loss=0.0125 mean_kl=0.0000 stage=warmup scheduler_success_rate=0.167
episodes 34800-34819: success_rate=0.500 mean_reward=-501.70 mean_actor_loss=0.0124 mean_kl=0.0000 stage=warmup scheduler_success_rate=0.333
episodes 34820-34839: success_rate=0.400 mean_reward=-626.47 mean_actor_loss=0.0125 mean_kl=0.0000 stage=warmup scheduler_success_rate=0.167
episodes 34840-34859: success_rate=0.250 mean_reward=-582.31 mean_actor_loss=0.0124 mean_kl=0.0000 stage=warmup scheduler_success_rate=0.167
episodes 34860-34879: success_rate=0.400 mean_reward=-310.03 mean_actor_loss=0.0124 mean_kl=0.0000 stage=warmup scheduler_success_rate=0.500
episodes 34880-34899: success_rate=0.250 mean_reward=-521.02 mean_actor_loss=0.0125 mean_kl=0.0000 stage=warmup scheduler_success_rate=0.333
episodes 34900-34919: success_rate=0.250 mean_reward=-1000.50 mean_actor_loss=0.0125 mean_kl=0.0000 stage=warmup scheduler_success_rate=0.167
episodes 34920-34939: success_rate=0.300 mean_reward=-953.46 mean_actor_loss=0.0125 mean_kl=0.0000 stage=warmup scheduler_success_rate=0.000
episodes 34940-34959: success_rate=0.150 mean_reward=-733.49 mean_actor_loss=0.0125 mean_kl=0.0000 stage=warmup scheduler_success_rate=0.000
episodes 34960-34979: success_rate=0.300 mean_reward=-978.14 mean_actor_loss=0.0125 mean_kl=0.0000 stage=warmup scheduler_success_rate=0.000
episodes 34980-34999: success_rate=0.350 mean_reward=-878.88 mean_actor_loss=0.0125 mean_kl=0.0000 stage=warmup scheduler_success_rate=0.333
episodes 35000-35019: success_rate=0.250 mean_reward=-775.03 mean_actor_loss=0.0125 mean_kl=0.0000 stage=warmup scheduler_success_rate=0.167
episodes 35020-35039: success_rate=0.300 mean_reward=-433.60 mean_actor_loss=0.0125 mean_kl=0.0000 stage=warmup scheduler_success_rate=0.167
episodes 35040-35059: success_rate=0.300 mean_reward=-973.35 mean_actor_loss=0.0125 mean_kl=0.0000 stage=warmup scheduler_success_rate=0.167
episodes 35060-35079: success_rate=0.300 mean_reward=-898.96 mean_actor_loss=0.0124 mean_kl=0.0000 stage=warmup scheduler_success_rate=0.333
episodes 35080-35099: success_rate=0.450 mean_reward=-353.30 mean_actor_loss=0.0125 mean_kl=0.0000 stage=warmup scheduler_success_rate=0.167
episodes 35100-35119: success_rate=0.500 mean_reward=-267.69 mean_actor_loss=0.0124 mean_kl=0.0000 stage=warmup scheduler_success_rate=0.333
episodes 35120-35139: success_rate=0.500 mean_reward=-702.33 mean_actor_loss=0.0124 mean_kl=0.0000 stage=warmup scheduler_success_rate=0.333
episodes 35140-35159: success_rate=0.200 mean_reward=-1043.82 mean_actor_loss=0.0125 mean_kl=0.0000 stage=warmup scheduler_success_rate=0.000
episodes 35160-35179: success_rate=0.300 mean_reward=-661.97 mean_actor_loss=0.0125 mean_kl=0.0000 stage=warmup scheduler_success_rate=0.167
episodes 35180-35199: success_rate=0.100 mean_reward=-512.71 mean_actor_loss=0.0125 mean_kl=0.0000 stage=warmup scheduler_success_rate=0.167
episodes 35200-35219: success_rate=0.250 mean_reward=-408.67 mean_actor_loss=0.0125 mean_kl=0.0000 stage=warmup scheduler_success_rate=0.000
episodes 35220-35239: success_rate=0.350 mean_reward=-381.10 mean_actor_loss=0.0125 mean_kl=0.0000 stage=warmup scheduler_success_rate=0.333
episodes 35240-35259: success_rate=0.300 mean_reward=-767.19 mean_actor_loss=0.0125 mean_kl=0.0000 stage=warmup scheduler_success_rate=0.000
episodes 35260-35279: success_rate=0.350 mean_reward=-584.02 mean_actor_loss=0.0125 mean_kl=0.0000 stage=warmup scheduler_success_rate=0.500
episodes 35280-35299: success_rate=0.450 mean_reward=-713.19 mean_actor_loss=0.0124 mean_kl=0.0000 stage=warmup scheduler_success_rate=0.000
episodes 35300-35319: success_rate=0.500 mean_reward=-635.86 mean_actor_loss=0.0125 mean_kl=0.0000 stage=warmup scheduler_success_rate=0.500
episodes 35320-35339: success_rate=0.450 mean_reward=-388.82 mean_actor_loss=0.0124 mean_kl=0.0000 stage=warmup scheduler_success_rate=0.167
episodes 35340-35359: success_rate=0.450 mean_reward=-645.07 mean_actor_loss=0.0125 mean_kl=0.0000 stage=warmup scheduler_success_rate=0.333
episodes 35360-35379: success_rate=0.500 mean_reward=-365.09 mean_actor_loss=0.0124 mean_kl=0.0000 stage=warmup scheduler_success_rate=0.500
episodes 35380-35399: success_rate=0.400 mean_reward=-412.62 mean_actor_loss=0.0124 mean_kl=0.0000 stage=warmup scheduler_success_rate=0.167
episodes 35400-35419: success_rate=0.150 mean_reward=-657.98 mean_actor_loss=0.0125 mean_kl=0.0000 stage=warmup scheduler_success_rate=0.000
episodes 35420-35439: success_rate=0.350 mean_reward=-772.42 mean_actor_loss=0.0124 mean_kl=0.0000 stage=warmup scheduler_success_rate=0.167
episodes 35440-35459: success_rate=0.100 mean_reward=-735.83 mean_actor_loss=0.0116 mean_kl=0.0001 stage=warmup scheduler_success_rate=0.000
episodes 35460-35479: success_rate=0.000 mean_reward=-1230.98 mean_actor_loss=0.0113 mean_kl=0.0001 stage=warmup scheduler_success_rate=0.000
episodes 35480-35499: success_rate=0.000 mean_reward=-1430.83 mean_actor_loss=0.0119 mean_kl=0.0000 stage=warmup scheduler_success_rate=0.000
episodes 35500-35519: success_rate=0.000 mean_reward=-1605.26 mean_actor_loss=0.0125 mean_kl=0.0000 stage=warmup scheduler_success_rate=0.000
episodes 35520-35539: success_rate=0.000 mean_reward=-1824.20 mean_actor_loss=0.0125 mean_kl=0.0000 stage=warmup scheduler_success_rate=0.000
episodes 35540-35559: success_rate=0.000 mean_reward=-1722.01 mean_actor_loss=0.0125 mean_kl=0.0000 stage=warmup scheduler_success_rate=0.000
episodes 35560-35579: success_rate=0.000 mean_reward=-1905.71 mean_actor_loss=0.0125 mean_kl=0.0000 stage=warmup scheduler_success_rate=0.000
episodes 35580-35599: success_rate=0.000 mean_reward=-1418.04 mean_actor_loss=0.0125 mean_kl=0.0000 stage=warmup scheduler_success_rate=0.000
episodes 35600-35619: success_rate=0.000 mean_reward=-1507.06 mean_actor_loss=0.0125 mean_kl=0.0000 stage=warmup scheduler_success_rate=0.000
episodes 35620-35639: success_rate=0.000 mean_reward=-1917.79 mean_actor_loss=0.0125 mean_kl=0.0000 stage=warmup scheduler_success_rate=0.000
episodes 35640-35659: success_rate=0.000 mean_reward=-1820.42 mean_actor_loss=0.0125 mean_kl=0.0000 stage=warmup scheduler_success_rate=0.000
episodes 35660-35679: success_rate=0.000 mean_reward=-1814.38 mean_actor_loss=0.0124 mean_kl=0.0000 stage=warmup scheduler_success_rate=0.000
episodes 35680-35699: success_rate=0.000 mean_reward=-152.40 mean_actor_loss=0.0114 mean_kl=0.0002 stage=warmup scheduler_success_rate=0.000
Traceback (most recent call last):
  File "/tmp/train_degraded_prior.py", line 18, in <module>
    run_curriculum_box_catch(cfg)
  File "/home/seohy/colcon_ws/src/Adaptive_Cost_MPC/acmpc/main_acmpc_box_catch_curriculum.py", line 196, in run_curriculum_box_catch
    squeeze=squeeze,
  File "/home/seohy/colcon_ws/src/Adaptive_Cost_MPC/acmpc/main_acmpc_box_catch.py", line 403, in run_box_catch
    rng = np.random.default_rng(cfg.random_seed)
ValueError: Error: geom 'left_squeeze_pad' not found in collision 0
Element name 'dynamic_left_pad_box', id 0, line 21
