condition,seed,phase,cost,horizon,weight_mean
D0,7,intercept,object,0,30.7889097661861
D0,7,intercept,object,1,30.671949070066947
D0,7,intercept,object,2,30.61728510710811
D0,7,intercept,object,3,30.57673847453166
D0,7,intercept,object,4,30.533057845485445
D0,7,intercept,object,5,30.480256790876837
D0,7,intercept,object,6,30.416036520924358
D0,7,intercept,object,7,30.33967099177967
D0,7,intercept,grasp,0,252.5981683591385
D0,7,intercept,grasp,1,252.63888511002511
D0,7,intercept,grasp,2,252.63257204015684
D0,7,intercept,grasp,3,252.61931184738
D0,7,intercept,grasp,4,252.60920425765318
D0,7,intercept,grasp,5,252.6025190922093
D0,7,intercept,grasp,6,252.59851956843508
D0,7,intercept,grasp,7,252.59658273481742
D0,7,intercept,compression,0,0.050141544758307274
D0,7,intercept,compression,1,0.05014273626364697
D0,7,intercept,compression,2,0.050141608651605905
D0,7,intercept,compression,3,0.05013904539596811
D0,7,intercept,compression,4,0.050136195835657385
D0,7,intercept,compression,5,0.05013368533887355
D0,7,intercept,compression,6,0.05013170164784414
D0,7,intercept,compression,7,0.05013011205075706
D0,7,intercept,velocity,0,3.919307912424511
D0,7,intercept,velocity,1,3.9544823822395028
D0,7,intercept,velocity,2,4.028911760705938
D0,7,intercept,velocity,3,4.04218558479957
D0,7,intercept,velocity,4,4.0404165426660645
D0,7,intercept,velocity,5,4.038783771782971
D0,7,intercept,velocity,6,4.037109445415021
D0,7,intercept,velocity,7,4.032389124910898
D0,7,intercept,smoothness,0,0.3962668988877651
D0,7,intercept,smoothness,1,0.39803373691787186
D0,7,intercept,smoothness,2,0.39837723384176554
D0,7,intercept,smoothness,3,0.39954402151858376
D0,7,intercept,smoothness,4,0.4015861571088669
D0,7,intercept,smoothness,5,0.40287104019788755
D0,7,intercept,smoothness,6,0.40257696698099793
D0,7,intercept,smoothness,7,0.4027861595750254
D0,7,pre_impact,object,0,30.638495336771403
D0,7,pre_impact,object,1,30.541129199564736
D0,7,pre_impact,object,2,30.496206009282133
D0,7,pre_impact,object,3,30.463072323488902
D0,7,pre_impact,object,4,30.427317417718818
D0,7,pre_impact,object,5,30.383916672145915
D0,7,pre_impact,object,6,30.33085678688109
D0,7,pre_impact,object,7,30.267430120804256
D0,7,pre_impact,grasp,0,250.38199317200434
D0,7,pre_impact,grasp,1,250.55964901462096
D0,7,pre_impact,grasp,2,250.60322885158993
D0,7,pre_impact,grasp,3,250.6041979793985
D0,7,pre_impact,grasp,4,250.5961609378489
D0,7,pre_impact,grasp,5,250.5877102471541
D0,7,pre_impact,grasp,6,250.57984295819074
D0,7,pre_impact,grasp,7,250.5696936053012
D0,7,pre_impact,compression,0,0.9493005081582198
D0,7,pre_impact,compression,1,0.949380510214736
D0,7,pre_impact,compression,2,0.9493681995267899
D0,7,pre_impact,compression,3,0.9493023308134968
D0,7,pre_impact,compression,4,0.9492213238923093
D0,7,pre_impact,compression,5,0.9491473272304155
D0,7,pre_impact,compression,6,0.9490877546656631
D0,7,pre_impact,compression,7,0.9490392409972621
D0,7,pre_impact,velocity,0,3.348530725209845
D0,7,pre_impact,velocity,1,3.3496274366434164
D0,7,pre_impact,velocity,2,3.3862863556131644
D0,7,pre_impact,velocity,3,3.394969207343502
D0,7,pre_impact,velocity,4,3.395275344013567
D0,7,pre_impact,velocity,5,3.3949205457439104
D0,7,pre_impact,velocity,6,3.3949322417234624
D0,7,pre_impact,velocity,7,3.395644470602037
D0,7,pre_impact,smoothness,0,0.4552950607034485
D0,7,pre_impact,smoothness,1,0.4627261788630599
D0,7,pre_impact,smoothness,2,0.4606239424597054
D0,7,pre_impact,smoothness,3,0.4611499395456367
D0,7,pre_impact,smoothness,4,0.4631887864260655
D0,7,pre_impact,smoothness,5,0.4643075970664336
D0,7,pre_impact,smoothness,6,0.4638835381257225
D0,7,pre_impact,smoothness,7,0.46393305692937986
D0,7,capture,object,0,26.210988648434178
D0,7,capture,object,1,26.165503276527183
D0,7,capture,object,2,26.144719566326568
D0,7,capture,object,3,26.129161208056484
D0,7,capture,object,4,26.11211264504736
D0,7,capture,object,5,26.091246102299795
D0,7,capture,object,6,26.065599611949448
D0,7,capture,object,7,26.0347755181942
D0,7,capture,grasp,0,187.58080368007847
D0,7,capture,grasp,1,187.73286807478374
D0,7,capture,grasp,2,187.7671219831902
D0,7,capture,grasp,3,187.76578031075036
D0,7,capture,grasp,4,187.7568688070069
D0,7,capture,grasp,5,187.74782701090857
D0,7,capture,grasp,6,187.73968395170772
D0,7,capture,grasp,7,187.72971171425766
D0,7,capture,compression,0,17.343244921018986
D0,7,capture,compression,1,17.345214215188296
D0,7,capture,compression,2,17.345489318339858
D0,7,capture,compression,3,17.34482941386845
D0,7,capture,compression,4,17.34387480684514
D0,7,capture,compression,5,17.34297840855336
D0,7,capture,compression,6,17.342246254482536
D0,7,capture,compression,7,17.34163383840594
D0,7,capture,velocity,0,2.5461763789638194
D0,7,capture,velocity,1,2.5400311010937835
D0,7,capture,velocity,2,2.5565047039394124
D0,7,capture,velocity,3,2.5610648396152906
D0,7,capture,velocity,4,2.561375887445485
D0,7,capture,velocity,5,2.5611853152240136
D0,7,capture,velocity,6,2.561263412924045
D0,7,capture,velocity,7,2.5620553191306334
D0,7,capture,smoothness,0,0.6431534809031891
D0,7,capture,smoothness,1,0.6504722557441946
D0,7,capture,smoothness,2,0.6485505604257819
D0,7,capture,smoothness,3,0.6491620804556685
D0,7,capture,smoothness,4,0.6512815534423724
D0,7,capture,smoothness,5,0.6510629291518646
D0,7,capture,smoothness,6,0.6503348815361588
D0,7,capture,smoothness,7,0.65043149965673
D0,7,hold,object,0,60.10481564589035
D0,7,hold,object,1,60.03793208427494
D0,7,hold,object,2,60.00643478694493
D0,7,hold,object,3,59.98193090751128
D0,7,hold,object,4,59.95473510577728
D0,7,hold,object,5,59.92167105085338
D0,7,hold,object,6,59.881652264226055
D0,7,hold,object,7,59.83439405320906
D0,7,hold,grasp,0,20.927399538866144
D0,7,hold,grasp,1,20.93540322425568
D0,7,hold,grasp,2,20.936908204844688
D0,7,hold,grasp,3,20.936420454042274
D0,7,hold,grasp,4,20.93557409317016
D0,7,hold,grasp,5,20.93480326258288
D0,7,hold,grasp,6,20.93416512199067
D0,7,hold,grasp,7,20.933490795633087
D0,7,hold,compression,0,64.72038888299853
D0,7,hold,compression,1,64.72744850444117
D0,7,hold,compression,2,64.72963288499922
D0,7,hold,compression,3,64.72887156650202
D0,7,hold,compression,4,64.72701171066255
D0,7,hold,compression,5,64.72508671332596
D0,7,hold,compression,6,64.72343435018443
D0,7,hold,compression,7,64.72196583662085
D0,7,hold,velocity,0,1.9983738912541973
D0,7,hold,velocity,1,1.992491198004032
D0,7,hold,velocity,2,1.9945523675844412
D0,7,hold,velocity,3,1.9974765725940515
D0,7,hold,velocity,4,1.998370563494905
D0,7,hold,velocity,5,1.9986307559173146
D0,7,hold,velocity,6,1.9989131861495657
D0,7,hold,velocity,7,1.9998560309466322
D0,7,hold,smoothness,0,1.4832052150582709
D0,7,hold,smoothness,1,1.496699977068818
D0,7,hold,smoothness,2,1.4921764654644627
D0,7,hold,smoothness,3,1.4915600929220971
D0,7,hold,smoothness,4,1.491788479906736
D0,7,hold,smoothness,5,1.4931815587342705
D0,7,hold,smoothness,6,1.4933102736512611
D0,7,hold,smoothness,7,1.4934786218966913
D0,17,intercept,object,0,31.27257650936784
D0,17,intercept,object,1,31.111692246593197
D0,17,intercept,object,2,31.039816716200583
D0,17,intercept,object,3,30.98988214804672
D0,17,intercept,object,4,30.938393867501738
D0,17,intercept,object,5,30.87723407248981
D0,17,intercept,object,6,30.80372402285876
D0,17,intercept,object,7,30.716929861214556
D0,17,intercept,grasp,0,255.36808649061015
D0,17,intercept,grasp,1,255.0504321266057
D0,17,intercept,grasp,2,254.90491586313604
D0,17,intercept,grasp,3,254.84678112452863
D0,17,intercept,grasp,4,254.8248345920603
D0,17,intercept,grasp,5,254.81742248490372
D0,17,intercept,grasp,6,254.8193443773518
D0,17,intercept,grasp,7,254.83475240983284
D0,17,intercept,compression,0,0.04989355554206236
D0,17,intercept,compression,1,0.04989725920365537
D0,17,intercept,compression,2,0.049900889376553834
D0,17,intercept,compression,3,0.04990380766681883
D0,17,intercept,compression,4,0.0499060215112742
D0,17,intercept,compression,5,0.04990768267823105
D0,17,intercept,compression,6,0.049908852222370965
D0,17,intercept,compression,7,0.04990962471312338
D0,17,intercept,velocity,0,3.843141485070825
D0,17,intercept,velocity,1,3.943113677293399
D0,17,intercept,velocity,2,4.043526980504276
D0,17,intercept,velocity,3,4.059855459416005
D0,17,intercept,velocity,4,4.056316320051466
D0,17,intercept,velocity,5,4.053451264007109
D0,17,intercept,velocity,6,4.048677499615428
D0,17,intercept,velocity,7,4.031853743731535
D0,17,intercept,smoothness,0,0.40145369561351674
D0,17,intercept,smoothness,1,0.39091563395207013
D0,17,intercept,smoothness,2,0.3975331107244402
D0,17,intercept,smoothness,3,0.39918560399657
D0,17,intercept,smoothness,4,0.3997507227701816
D0,17,intercept,smoothness,5,0.40014751873183685
D0,17,intercept,smoothness,6,0.4004161889240504
D0,17,intercept,smoothness,7,0.40116313685236227
D0,17,pre_impact,object,0,31.04666514069621
D0,17,pre_impact,object,1,30.91233319694782
D0,17,pre_impact,object,2,30.850390348828167
D0,17,pre_impact,object,3,30.806098705095398
D0,17,pre_impact,object,4,30.7599323420109
D0,17,pre_impact,object,5,30.70517342585533
D0,17,pre_impact,object,6,30.63957537557608
D0,17,pre_impact,object,7,30.562242334456705
D0,17,pre_impact,grasp,0,253.83506443636153
D0,17,pre_impact,grasp,1,253.6946695627411
D0,17,pre_impact,grasp,2,253.5966654845059
D0,17,pre_impact,grasp,3,253.5367110018996
D0,17,pre_impact,grasp,4,253.4989519408699
D0,17,pre_impact,grasp,5,253.4743064791606
D0,17,pre_impact,grasp,6,253.46048683989508
D0,17,pre_impact,grasp,7,253.4585890864475
D0,17,pre_impact,compression,0,0.9496798481315225
D0,17,pre_impact,compression,1,0.9497541404309848
D0,17,pre_impact,compression,2,0.9498219188224856
D0,17,pre_impact,compression,3,0.9498762232307633
D0,17,pre_impact,compression,4,0.949917524943426
D0,17,pre_impact,compression,5,0.9499479655210362
D0,17,pre_impact,compression,6,0.9499689260489265
D0,17,pre_impact,compression,7,0.9499823345072764
D0,17,pre_impact,velocity,0,3.2750889077598093
D0,17,pre_impact,velocity,1,3.332186776528962
D0,17,pre_impact,velocity,2,3.405006859537471
D0,17,pre_impact,velocity,3,3.4255225481159015
D0,17,pre_impact,velocity,4,3.4247526120781733
D0,17,pre_impact,velocity,5,3.423172120567009
D0,17,pre_impact,velocity,6,3.4205814329603674
D0,17,pre_impact,velocity,7,3.411574168248876
D0,17,pre_impact,smoothness,0,0.4632201705484361
D0,17,pre_impact,smoothness,1,0.45217707209598296
D0,17,pre_impact,smoothness,2,0.4576565291937838
D0,17,pre_impact,smoothness,3,0.4591856939002281
D0,17,pre_impact,smoothness,4,0.4608644307259476
D0,17,pre_impact,smoothness,5,0.46356108723809814
D0,17,pre_impact,smoothness,6,0.4638279481773256
D0,17,pre_impact,smoothness,7,0.46444383527468647
D0,17,capture,object,0,26.19414501385087
D0,17,capture,object,1,26.129704194785603
D0,17,capture,object,2,26.09911979669105
D0,17,capture,object,3,26.076836723198205
D0,17,capture,object,4,26.053476137382592
D0,17,capture,object,5,26.025805364003805
D0,17,capture,object,6,25.99253041779751
D0,17,capture,object,7,25.95247761189256
D0,17,capture,grasp,0,186.2613894103199
D0,17,capture,grasp,1,186.20171661416384
D0,17,capture,grasp,2,186.14149710524512
D0,17,capture,grasp,3,186.09442495956728
D0,17,capture,grasp,4,186.0590915790652
D0,17,capture,grasp,5,186.0331897332403
D0,17,capture,grasp,6,186.0162081986167
D0,17,capture,grasp,7,186.00797615884872
D0,17,capture,compression,0,18.211292712088692
D0,17,capture,compression,1,18.21383441847466
D0,17,capture,compression,2,18.21622893684321
D0,17,capture,compression,3,18.218247664527212
D0,17,capture,compression,4,18.219858040638055
D0,17,capture,compression,5,18.221087435123902
D0,17,capture,compression,6,18.221966725798527
D0,17,capture,compression,7,18.222566489354392
D0,17,capture,velocity,0,2.4884033881698158
D0,17,capture,velocity,1,2.513418317871962
D0,17,capture,velocity,2,2.551388711335571
D0,17,capture,velocity,3,2.5592745579700042
D0,17,capture,velocity,4,2.557105652698708
D0,17,capture,velocity,5,2.555636166652493
D0,17,capture,velocity,6,2.554262040412467
D0,17,capture,velocity,7,2.550570002985232
D0,17,capture,smoothness,0,0.6604638907126448
D0,17,capture,smoothness,1,0.6495786201473435
D0,17,capture,smoothness,2,0.6546838103624775
D0,17,capture,smoothness,3,0.6557508971211075
D0,17,capture,smoothness,4,0.6583779859270799
D0,17,capture,smoothness,5,0.6598209432740756
D0,17,capture,smoothness,6,0.6590909357315572
D0,17,capture,smoothness,7,0.6593436047790838
D0,17,hold,object,0,60.774785906299805
D0,17,hold,object,1,60.62134373851131
D0,17,hold,object,2,60.5509707155002
D0,17,hold,object,3,60.50140142617379
D0,17,hold,object,4,60.44986979133131
D0,17,hold,object,5,60.38915738821285
D0,17,hold,object,6,60.31609763304828
D0,17,hold,object,7,60.22855708243062
D0,17,hold,grasp,0,21.13639002677561
D0,17,hold,grasp,1,21.1237391567623
D0,17,hold,grasp,2,21.11615349884667
D0,17,hold,grasp,3,21.111640537137767
D0,17,hold,grasp,4,21.108755656525858
D0,17,hold,grasp,5,21.106831298016107
D0,17,hold,grasp,6,21.105720563902548
D0,17,hold,grasp,7,21.1055125207581
D0,17,hold,compression,0,64.73181040301816
D0,17,hold,compression,1,64.73756965196516
D0,17,hold,compression,2,64.74271065417696
D0,17,hold,compression,3,64.74714903695026
D0,17,hold,compression,4,64.75076475707822
D0,17,hold,compression,5,64.75353570145585
D0,17,hold,compression,6,64.75551295230599
D0,17,hold,compression,7,64.75684337369934
D0,17,hold,velocity,0,1.9600643089570238
D0,17,hold,velocity,1,1.9791355790445189
D0,17,hold,velocity,2,2.0026791506004566
D0,17,hold,velocity,3,2.010163682553514
D0,17,hold,velocity,4,2.010311247799543
D0,17,hold,velocity,5,2.0099048882832173
D0,17,hold,velocity,6,2.009019633132343
D0,17,hold,velocity,7,2.0058594173337783
D0,17,hold,smoothness,0,1.494890431844584
D0,17,hold,smoothness,1,1.4741552522180685
D0,17,hold,smoothness,2,1.4839585482299822
D0,17,hold,smoothness,3,1.4855803419680416
D0,17,hold,smoothness,4,1.487931769366284
D0,17,hold,smoothness,5,1.492256984596334
D0,17,hold,smoothness,6,1.4933040048645163
D0,17,hold,smoothness,7,1.494597454747096
D0,27,intercept,object,0,31.43558844244366
D0,27,intercept,object,1,31.228234202463103
D0,27,intercept,object,2,31.1305549503791
D0,27,intercept,object,3,31.057073186258453
D0,27,intercept,object,4,30.977414529357503
D0,27,intercept,object,5,30.88050018139248
D0,27,intercept,object,6,30.76080891455588
D0,27,intercept,object,7,30.6169546853083
D0,27,intercept,grasp,0,256.0560798846987
D0,27,intercept,grasp,1,255.82859369346895
D0,27,intercept,grasp,2,255.76188482835067
D0,27,intercept,grasp,3,255.75961813515087
D0,27,intercept,grasp,4,255.7787591149974
D0,27,intercept,grasp,5,255.8019965310463
D0,27,intercept,grasp,6,255.82490409667494
D0,27,intercept,grasp,7,255.85289192798177
D0,27,intercept,compression,0,0.04982156663970628
D0,27,intercept,compression,1,0.04982001577105682
D0,27,intercept,compression,2,0.04981933101947998
D0,27,intercept,compression,3,0.04981891681809257
D0,27,intercept,compression,4,0.0498186867585246
D0,27,intercept,compression,5,0.049818532457332816
D0,27,intercept,compression,6,0.04981841461388173
D0,27,intercept,compression,7,0.04981832761979424
D0,27,intercept,velocity,0,3.848612209407455
D0,27,intercept,velocity,1,3.957901197725968
D0,27,intercept,velocity,2,4.074530068341014
D0,27,intercept,velocity,3,4.076238701357751
D0,27,intercept,velocity,4,4.065788009924255
D0,27,intercept,velocity,5,4.06037460221012
D0,27,intercept,velocity,6,4.05418390924682
D0,27,intercept,velocity,7,4.034317854159707
D0,27,intercept,smoothness,0,0.3949839017116043
D0,27,intercept,smoothness,1,0.39774488023293486
D0,27,intercept,smoothness,2,0.40071307054438493
D0,27,intercept,smoothness,3,0.40158942456331154
D0,27,intercept,smoothness,4,0.403046836075759
D0,27,intercept,smoothness,5,0.4013861038080716
D0,27,intercept,smoothness,6,0.40049885181484357
D0,27,intercept,smoothness,7,0.40105608904530526
D0,27,pre_impact,object,0,30.766706055621057
D0,27,pre_impact,object,1,30.638478333757657
D0,27,pre_impact,object,2,30.577035646061354
D0,27,pre_impact,object,3,30.529148387191317
D0,27,pre_impact,object,4,30.47618410199001
D0,27,pre_impact,object,5,30.411299670654554
D0,27,pre_impact,object,6,30.33087798667317
D0,27,pre_impact,object,7,30.233518314959728
D0,27,pre_impact,grasp,0,252.74950042227766
D0,27,pre_impact,grasp,1,252.77902017623381
D0,27,pre_impact,grasp,2,252.79739502315698
D0,27,pre_impact,grasp,3,252.8183232753485
D0,27,pre_impact,grasp,4,252.84054201987544
D0,27,pre_impact,grasp,5,252.8604415437764
D0,27,pre_impact,grasp,6,252.8763347083955
D0,27,pre_impact,grasp,7,252.88921940241974
D0,27,pre_impact,compression,0,0.9438644844117675
D0,27,pre_impact,compression,1,0.9436961581160247
D0,27,pre_impact,compression,2,0.9435742111452872
D0,27,pre_impact,compression,3,0.9434759203375387
D0,27,pre_impact,compression,4,0.9433945570416276
D0,27,pre_impact,compression,5,0.9433297133682444
D0,27,pre_impact,compression,6,0.9432825368491261
D0,27,pre_impact,compression,7,0.9432509337471738
D0,27,pre_impact,velocity,0,3.3187252741528117
D0,27,pre_impact,velocity,1,3.362580507237768
D0,27,pre_impact,velocity,2,3.41388226019952
D0,27,pre_impact,velocity,3,3.4143351122336627
D0,27,pre_impact,velocity,4,3.4095881701976714
D0,27,pre_impact,velocity,5,3.407154626530388
D0,27,pre_impact,velocity,6,3.40465011349737
D0,27,pre_impact,velocity,7,3.3972059747242556
D0,27,pre_impact,smoothness,0,0.45786618653716205
D0,27,pre_impact,smoothness,1,0.4610510365792711
D0,27,pre_impact,smoothness,2,0.4623173075602699
D0,27,pre_impact,smoothness,3,0.4626589104694493
D0,27,pre_impact,smoothness,4,0.464499987935343
D0,27,pre_impact,smoothness,5,0.4633882415306141
D0,27,pre_impact,smoothness,6,0.46261402510965366
D0,27,pre_impact,smoothness,7,0.46284215520708116
D0,27,capture,object,0,26.149767111648597
D0,27,capture,object,1,26.13015638260731
D0,27,capture,object,2,26.119299819575787
D0,27,capture,object,3,26.108837857070892
D0,27,capture,object,4,26.096058213652856
D0,27,capture,object,5,26.07995194565618
D0,27,capture,object,6,26.059886159582465
D0,27,capture,object,7,26.03513980298495
D0,27,capture,grasp,0,189.7692615025483
D0,27,capture,grasp,1,189.92455695923397
D0,27,capture,grasp,2,189.98442558156023
D0,27,capture,grasp,3,190.01291360354512
D0,27,capture,grasp,4,190.03085786167443
D0,27,capture,grasp,5,190.04330059506995
D0,27,capture,grasp,6,190.05062980337988
D0,27,capture,grasp,7,190.05110145416631
D0,27,capture,compression,0,16.79962326568887
D0,27,capture,compression,1,16.7968282957302
D0,27,capture,compression,2,16.794358218594816
D0,27,capture,compression,3,16.792166926214094
D0,27,capture,compression,4,16.790282872714982
D0,27,capture,compression,5,16.788760444061033
D0,27,capture,compression,6,16.787644071709085
D0,27,capture,compression,7,16.786879852152996
D0,27,capture,velocity,0,2.5700324028478536
D0,27,capture,velocity,1,2.564564355429327
D0,27,capture,velocity,2,2.568134698275126
D0,27,capture,velocity,3,2.571135781108065
D0,27,capture,velocity,4,2.5724866107622453
D0,27,capture,velocity,5,2.57293466771657
D0,27,capture,velocity,6,2.573321286656471
D0,27,capture,velocity,7,2.5745970860621212
D0,27,capture,smoothness,0,0.6419781212979151
D0,27,capture,smoothness,1,0.643900637739393
D0,27,capture,smoothness,2,0.6431803934648972
D0,27,capture,smoothness,3,0.6433976119317524
D0,27,capture,smoothness,4,0.6452637878112774
D0,27,capture,smoothness,5,0.6456895264803383
D0,27,capture,smoothness,6,0.6456098641902968
D0,27,capture,smoothness,7,0.6456344305990446
D0,27,hold,object,0,59.97630977936375
D0,27,hold,object,1,59.90392003668365
D0,27,hold,object,2,59.86979005664325
D0,27,hold,object,3,59.843476179403396
D0,27,hold,object,4,59.81471085127497
D0,27,hold,object,5,59.77991713656191
D0,27,hold,object,6,59.73727662249967
D0,27,hold,object,7,59.68619098937554
D0,27,hold,grasp,0,21.040342349786098
D0,27,hold,grasp,1,21.044300452211804
D0,27,hold,grasp,2,21.04643689893719
D0,27,hold,grasp,3,21.04802627296432
D0,27,hold,grasp,4,21.049350793603328
D0,27,hold,grasp,5,21.050409670290392
D0,27,hold,grasp,6,21.05117158766345
D0,27,hold,grasp,7,21.051645828913532
D0,27,hold,compression,0,64.66279790981557
D0,27,hold,compression,1,64.65795652668304
D0,27,hold,compression,2,64.65329319116962
D0,27,hold,compression,3,64.64897752838586
D0,27,hold,compression,4,64.64526265990412
D0,27,hold,compression,5,64.64224634640684
D0,27,hold,compression,6,64.64001692590776
D0,27,hold,compression,7,64.63846309267375
D0,27,hold,velocity,0,1.9835741185442235
D0,27,hold,velocity,1,1.9922709345163814
D0,27,hold,velocity,2,2.0067415548759384
D0,27,hold,velocity,3,2.009169486167727
D0,27,hold,velocity,4,2.0088235933140863
D0,27,hold,velocity,5,2.008558675854475
D0,27,hold,velocity,6,2.008172399668887
D0,27,hold,velocity,7,2.0068148067999343
D0,27,hold,smoothness,0,1.488204779090866
D0,27,hold,smoothness,1,1.4878642825792425
D0,27,hold,smoothness,2,1.4889703475168845
D0,27,hold,smoothness,3,1.4904663607138355
D0,27,hold,smoothness,4,1.4939439573114242
D0,27,hold,smoothness,5,1.4963406266067996
D0,27,hold,smoothness,6,1.4964913486449818
D0,27,hold,smoothness,7,1.4970639890783917
D1,7,intercept,object,0,42.25653015925748
D1,7,intercept,object,1,41.85437340224751
D1,7,intercept,object,2,41.699003461868195
D1,7,intercept,object,3,41.569292578575535
D1,7,intercept,object,4,41.40800984791031
D1,7,intercept,object,5,41.19203298238739
D1,7,intercept,object,6,40.89446760007022
D1,7,intercept,object,7,40.48009267162517
D1,7,intercept,grasp,0,177.84100787907326
D1,7,intercept,grasp,1,175.21176631117555
D1,7,intercept,grasp,2,175.27757991851706
D1,7,intercept,grasp,3,176.24629954649907
D1,7,intercept,grasp,4,177.01803891563657
D1,7,intercept,grasp,5,177.4746053713513
D1,7,intercept,grasp,6,177.75717507126498
D1,7,intercept,grasp,7,177.97512286644988
D1,7,intercept,compression,0,0.03857961718282222
D1,7,intercept,compression,1,0.03868443036731166
D1,7,intercept,compression,2,0.038955542662321624
D1,7,intercept,compression,3,0.03923945440951219
D1,7,intercept,compression,4,0.039438617122176646
D1,7,intercept,compression,5,0.03955103537463663
D1,7,intercept,compression,6,0.03961366233686196
D1,7,intercept,compression,7,0.03964751575621709
D1,7,intercept,velocity,0,4.064817371481294
D1,7,intercept,velocity,1,3.4640907665557474
D1,7,intercept,velocity,2,2.683065090316908
D1,7,intercept,velocity,3,2.6492564089501855
D1,7,intercept,velocity,4,2.6594279665561396
D1,7,intercept,velocity,5,2.6769944373983026
D1,7,intercept,velocity,6,2.692855065153934
D1,7,intercept,velocity,7,2.6973193227360777
D1,7,intercept,smoothness,0,0.3999859118688957
D1,7,intercept,smoothness,1,0.4342378524271587
D1,7,intercept,smoothness,2,0.41828180324282543
D1,7,intercept,smoothness,3,0.3753686058141601
D1,7,intercept,smoothness,4,0.28518524656051397
D1,7,intercept,smoothness,5,0.2745378323431292
D1,7,intercept,smoothness,6,0.2684823555625819
D1,7,intercept,smoothness,7,0.2672534400963515
D1,7,pre_impact,object,0,40.445394420230784
D1,7,pre_impact,object,1,40.130273153868714
D1,7,pre_impact,object,2,39.88005815013055
D1,7,pre_impact,object,3,39.61384531578887
D1,7,pre_impact,object,4,39.2789424080031
D1,7,pre_impact,object,5,38.828689032833104
D1,7,pre_impact,object,6,38.20814778566948
D1,7,pre_impact,object,7,37.33993593889227
D1,7,pre_impact,grasp,0,154.0654614843118
D1,7,pre_impact,grasp,1,153.64768871011117
D1,7,pre_impact,grasp,2,152.71221288580944
D1,7,pre_impact,grasp,3,151.9877668611823
D1,7,pre_impact,grasp,4,151.6466423778164
D1,7,pre_impact,grasp,5,151.59775093322992
D1,7,pre_impact,grasp,6,151.65838259466736
D1,7,pre_impact,grasp,7,151.76126184140526
D1,7,pre_impact,compression,0,0.6994556004948099
D1,7,pre_impact,compression,1,0.6872579089134346
D1,7,pre_impact,compression,2,0.6749636582015169
D1,7,pre_impact,compression,3,0.6665565093391763
D1,7,pre_impact,compression,4,0.6623142770725388
D1,7,pre_impact,compression,5,0.6608524906742091
D1,7,pre_impact,compression,6,0.6606352896812326
D1,7,pre_impact,compression,7,0.6608916573549323
D1,7,pre_impact,velocity,0,4.693492857804867
D1,7,pre_impact,velocity,1,4.056961417533391
D1,7,pre_impact,velocity,2,2.5233736225237684
D1,7,pre_impact,velocity,3,2.35439733018312
D1,7,pre_impact,velocity,4,2.2253006382236356
D1,7,pre_impact,velocity,5,2.120950695502701
D1,7,pre_impact,velocity,6,2.0566289262051165
D1,7,pre_impact,velocity,7,1.9956875489505803
D1,7,pre_impact,smoothness,0,0.6200766190071173
D1,7,pre_impact,smoothness,1,0.5278586496293761
D1,7,pre_impact,smoothness,2,0.6293426161663616
D1,7,pre_impact,smoothness,3,0.5844934819556622
D1,7,pre_impact,smoothness,4,0.45924947525208004
D1,7,pre_impact,smoothness,5,0.3627920269085819
D1,7,pre_impact,smoothness,6,0.3074906079991311
D1,7,pre_impact,smoothness,7,0.2861442940593587
D1,7,capture,object,0,29.427748128167295
D1,7,capture,object,1,29.37925986252358
D1,7,capture,object,2,29.244616218664174
D1,7,capture,object,3,29.08682536782519
D1,7,capture,object,4,28.891056075359298
D1,7,capture,object,5,28.63148062947435
D1,7,capture,object,6,28.27945602647199
D1,7,capture,object,7,27.794820574165882
D1,7,capture,grasp,0,120.59319635542818
D1,7,capture,grasp,1,120.74253025312937
D1,7,capture,grasp,2,119.95695878184009
D1,7,capture,grasp,3,119.00767287865912
D1,7,capture,grasp,4,118.42895017298358
D1,7,capture,grasp,5,118.20571882983283
D1,7,capture,grasp,6,118.14397759350749
D1,7,capture,grasp,7,118.15551716956223
D1,7,capture,compression,0,17.32404302950879
D1,7,capture,compression,1,17.222369735811572
D1,7,capture,compression,2,17.127799773532658
D1,7,capture,compression,3,17.067286223957808
D1,7,capture,compression,4,17.039152666359374
D1,7,capture,compression,5,17.03026408377967
D1,7,capture,compression,6,17.029522993581484
D1,7,capture,compression,7,17.031736061559343
D1,7,capture,velocity,0,3.166401221944735
D1,7,capture,velocity,1,2.892378611443476
D1,7,capture,velocity,2,2.1436614414235424
D1,7,capture,velocity,3,1.990616019689856
D1,7,capture,velocity,4,1.8888637090563878
D1,7,capture,velocity,5,1.8059132990924216
D1,7,capture,velocity,6,1.7520211082670014
D1,7,capture,velocity,7,1.7018272852241243
D1,7,capture,smoothness,0,0.8204358890208548
D1,7,capture,smoothness,1,0.702082840609505
D1,7,capture,smoothness,2,0.8045211158072348
D1,7,capture,smoothness,3,0.7515732900445171
D1,7,capture,smoothness,4,0.6748313771992777
D1,7,capture,smoothness,5,0.5845604159757422
D1,7,capture,smoothness,6,0.5254706444371022
D1,7,capture,smoothness,7,0.5033805177516182
D1,7,hold,object,0,67.91485459970052
D1,7,hold,object,1,67.81579969272424
D1,7,hold,object,2,67.53180833963404
D1,7,hold,object,3,67.19230221926266
D1,7,hold,object,4,66.76788868518867
D1,7,hold,object,5,66.20578193537499
D1,7,hold,object,6,65.44874275689347
D1,7,hold,object,7,64.40979626522288
D1,7,hold,grasp,0,16.896020245141433
D1,7,hold,grasp,1,16.946288705851078
D1,7,hold,grasp,2,16.858567452386772
D1,7,hold,grasp,3,16.749219983301526
D1,7,hold,grasp,4,16.68012894520857
D1,7,hold,grasp,5,16.650956303882065
D1,7,hold,grasp,6,16.64077570885491
D1,7,hold,grasp,7,16.63892184758681
D1,7,hold,compression,0,49.36263000123413
D1,7,hold,compression,1,48.59834561486269
D1,7,hold,compression,2,47.78116241726249
D1,7,hold,compression,3,47.184946909531234
D1,7,hold,compression,4,46.85870673989633
D1,7,hold,compression,5,46.72568986245347
D1,7,hold,compression,6,46.685064930037
D1,7,hold,compression,7,46.683609197026215
D1,7,hold,velocity,0,2.742165748977612
D1,7,hold,velocity,1,2.4265746426977137
D1,7,hold,velocity,2,1.7477973012688057
D1,7,hold,velocity,3,1.6480755609456372
D1,7,hold,velocity,4,1.5657929294258186
D1,7,hold,velocity,5,1.4968668428132845
D1,7,hold,velocity,6,1.4527226286129955
D1,7,hold,velocity,7,1.4158377578400747
D1,7,hold,smoothness,0,1.9196678282180106
D1,7,hold,smoothness,1,1.5713678464546619
D1,7,hold,smoothness,2,1.9036820548738667
D1,7,hold,smoothness,3,1.826101490522045
D1,7,hold,smoothness,4,1.567976259846481
D1,7,hold,smoothness,5,1.3156140708930015
D1,7,hold,smoothness,6,1.158197102172059
D1,7,hold,smoothness,7,1.0895123502399322
D1,17,intercept,object,0,44.00634180520437
D1,17,intercept,object,1,43.98454193416826
D1,17,intercept,object,2,43.96760115959949
D1,17,intercept,object,3,43.95374844760096
D1,17,intercept,object,4,43.937412044841594
D1,17,intercept,object,5,43.91639159137231
D1,17,intercept,object,6,43.88952716071522
D1,17,intercept,object,7,43.85013576532067
D1,17,intercept,grasp,0,329.2747280198951
D1,17,intercept,grasp,1,314.9879701380839
D1,17,intercept,grasp,2,308.80936129796044
D1,17,intercept,grasp,3,304.4434735517045
D1,17,intercept,grasp,4,302.8016651329916
D1,17,intercept,grasp,5,301.55560655334455
D1,17,intercept,grasp,6,301.00966251919056
D1,17,intercept,grasp,7,301.10369006953573
D1,17,intercept,compression,0,0.03406286832980314
D1,17,intercept,compression,1,0.03392264993394742
D1,17,intercept,compression,2,0.03409767553540981
D1,17,intercept,compression,3,0.034286789800071694
D1,17,intercept,compression,4,0.03442956856447514
D1,17,intercept,compression,5,0.03445811035014433
D1,17,intercept,compression,6,0.03446301865402813
D1,17,intercept,compression,7,0.03446449635512473
D1,17,intercept,velocity,0,2.2959093047533283
D1,17,intercept,velocity,1,2.3038235465005847
D1,17,intercept,velocity,2,3.892920711416424
D1,17,intercept,velocity,3,4.074245705274248
D1,17,intercept,velocity,4,4.295181251086347
D1,17,intercept,velocity,5,4.737135767394172
D1,17,intercept,velocity,6,4.792681194865979
D1,17,intercept,velocity,7,4.704573795823995
D1,17,intercept,smoothness,0,0.22299954827911264
D1,17,intercept,smoothness,1,0.3145178800425467
D1,17,intercept,smoothness,2,0.3206928386746998
D1,17,intercept,smoothness,3,0.4876410400843372
D1,17,intercept,smoothness,4,0.284676306692909
D1,17,intercept,smoothness,5,0.2808466164997386
D1,17,intercept,smoothness,6,0.39826177654361167
D1,17,intercept,smoothness,7,0.41514688715683484
D1,17,pre_impact,object,0,43.15099466355531
D1,17,pre_impact,object,1,43.12884861893359
D1,17,pre_impact,object,2,43.11342648510948
D1,17,pre_impact,object,3,43.102567263821584
D1,17,pre_impact,object,4,43.090453777716704
D1,17,pre_impact,object,5,43.07584842965298
D1,17,pre_impact,object,6,43.05745931595117
D1,17,pre_impact,object,7,43.02578789732561
D1,17,pre_impact,grasp,0,330.55099156584663
D1,17,pre_impact,grasp,1,318.04023461099524
D1,17,pre_impact,grasp,2,312.74405852336093
D1,17,pre_impact,grasp,3,309.33206392098947
D1,17,pre_impact,grasp,4,308.0727495122118
D1,17,pre_impact,grasp,5,307.1187135147777
D1,17,pre_impact,grasp,6,306.70003461273467
D1,17,pre_impact,grasp,7,306.7831533979986
D1,17,pre_impact,compression,0,0.7014795833401698
D1,17,pre_impact,compression,1,0.6973826329630828
D1,17,pre_impact,compression,2,0.7001500942085539
D1,17,pre_impact,compression,3,0.7035021474629656
D1,17,pre_impact,compression,4,0.7062004135778923
D1,17,pre_impact,compression,5,0.7068454933199356
D1,17,pre_impact,compression,6,0.7069815383586768
D1,17,pre_impact,compression,7,0.7070471537665176
D1,17,pre_impact,velocity,0,1.9701778312970435
D1,17,pre_impact,velocity,1,2.036994803480446
D1,17,pre_impact,velocity,2,3.419660570162299
D1,17,pre_impact,velocity,3,3.5861194237432312
D1,17,pre_impact,velocity,4,3.7645893865411257
D1,17,pre_impact,velocity,5,4.090414290127379
D1,17,pre_impact,velocity,6,4.114631922607272
D1,17,pre_impact,velocity,7,4.041699816440188
D1,17,pre_impact,smoothness,0,0.26951739094138616
D1,17,pre_impact,smoothness,1,0.35329216675214054
D1,17,pre_impact,smoothness,2,0.3631654297230552
D1,17,pre_impact,smoothness,3,0.5496892313375618
D1,17,pre_impact,smoothness,4,0.3406799744904322
D1,17,pre_impact,smoothness,5,0.34021663042819084
D1,17,pre_impact,smoothness,6,0.47003295524599975
D1,17,pre_impact,smoothness,7,0.4899503484164046
D1,17,capture,object,0,14.931059344113319
D1,17,capture,object,1,14.786685146478096
D1,17,capture,object,2,14.727594047074675
D1,17,capture,object,3,14.688528045072136
D1,17,capture,object,4,14.664374471638462
D1,17,capture,object,5,14.644788446639861
D1,17,capture,object,6,14.627530453226157
D1,17,capture,object,7,14.612335337750409
D1,17,capture,grasp,0,202.79270227536207
D1,17,capture,grasp,1,215.48511677573381
D1,17,capture,grasp,2,225.8608229981108
D1,17,capture,grasp,3,232.4786521678456
D1,17,capture,grasp,4,234.1359750874395
D1,17,capture,grasp,5,234.95249592663808
D1,17,capture,grasp,6,235.1751271971781
D1,17,capture,grasp,7,234.99502540526635
D1,17,capture,compression,0,25.672821784648026
D1,17,capture,compression,1,25.64979361038492
D1,17,capture,compression,2,25.64293697799685
D1,17,capture,compression,3,25.641909500763294
D1,17,capture,compression,4,25.64131057459989
D1,17,capture,compression,5,25.64207843441441
D1,17,capture,compression,6,25.641557279848364
D1,17,capture,compression,7,25.64112116679211
D1,17,capture,velocity,0,2.3173214129421638
D1,17,capture,velocity,1,3.052682409939012
D1,17,capture,velocity,2,3.404736776413441
D1,17,capture,velocity,3,3.436874406268922
D1,17,capture,velocity,4,3.4347568154532633
D1,17,capture,velocity,5,3.395179930940394
D1,17,capture,velocity,6,3.2912727457002715
D1,17,capture,velocity,7,3.3590436873070493
D1,17,capture,smoothness,0,0.8854365199941712
D1,17,capture,smoothness,1,0.5633598692122714
D1,17,capture,smoothness,2,0.5441292777309255
D1,17,capture,smoothness,3,0.5657016226770856
D1,17,capture,smoothness,4,0.8206054101763581
D1,17,capture,smoothness,5,0.9132007563761604
D1,17,capture,smoothness,6,0.9135391461062297
D1,17,capture,smoothness,7,0.9093123339162429
D1,17,hold,object,0,45.8150902219081
D1,17,hold,object,1,45.6079877369221
D1,17,hold,object,2,45.52650066210517
D1,17,hold,object,3,45.47512131185539
D1,17,hold,object,4,45.436167208790536
D1,17,hold,object,5,45.404844970999555
D1,17,hold,object,6,45.37187542288036
D1,17,hold,object,7,45.32494114003742
D1,17,hold,grasp,0,23.14622629009216
D1,17,hold,grasp,1,24.029484063868352
D1,17,hold,grasp,2,25.12758830951628
D1,17,hold,grasp,3,26.06618065976471
D1,17,hold,grasp,4,26.345414764264333
D1,17,hold,grasp,5,26.517661916335285
D1,17,hold,grasp,6,26.584183859127617
D1,17,hold,grasp,7,26.583466372106994
D1,17,hold,compression,0,79.27474329289431
D1,17,hold,compression,1,78.98101587787514
D1,17,hold,compression,2,78.86306974201055
D1,17,hold,compression,3,78.80053417062969
D1,17,hold,compression,4,78.77556014581025
D1,17,hold,compression,5,78.77967946807449
D1,17,hold,compression,6,78.77205326929169
D1,17,hold,compression,7,78.76710282890102
D1,17,hold,velocity,0,1.9247214453573926
D1,17,hold,velocity,1,2.298562302233734
D1,17,hold,velocity,2,2.605122604392063
D1,17,hold,velocity,3,2.6340622993514082
D1,17,hold,velocity,4,2.637948702940049
D1,17,hold,velocity,5,2.5534802450692067
D1,17,hold,velocity,6,2.4048141678622375
D1,17,hold,velocity,7,2.4790625502636408
D1,17,hold,smoothness,0,1.8045997296420286
D1,17,hold,smoothness,1,1.3431630549899967
D1,17,hold,smoothness,2,1.2946881094629241
D1,17,hold,smoothness,3,1.244707387956022
D1,17,hold,smoothness,4,1.7195768965996154
D1,17,hold,smoothness,5,1.9096290513141427
D1,17,hold,smoothness,6,1.9413472963003533
D1,17,hold,smoothness,7,1.9395556690359488
D1,27,intercept,object,0,45.23573446820791
D1,27,intercept,object,1,44.978189884350634
D1,27,intercept,object,2,44.85615048948634
D1,27,intercept,object,3,44.78164401175205
D1,27,intercept,object,4,44.709463173320295
D1,27,intercept,object,5,44.61880867775491
D1,27,intercept,object,6,44.49327784128274
D1,27,intercept,object,7,44.328348957066936
D1,27,intercept,grasp,0,354.79534464037033
D1,27,intercept,grasp,1,350.988130601647
D1,27,intercept,grasp,2,350.4121711822721
D1,27,intercept,grasp,3,350.79213290103075
D1,27,intercept,grasp,4,351.3716077543712
D1,27,intercept,grasp,5,351.95154005330284
D1,27,intercept,grasp,6,352.4542230728013
D1,27,intercept,grasp,7,352.93050785940983
D1,27,intercept,compression,0,0.033448087724122826
D1,27,intercept,compression,1,0.03379304164309029
D1,27,intercept,compression,2,0.03386455504123818
D1,27,intercept,compression,3,0.03385370850060939
D1,27,intercept,compression,4,0.03382629442395501
D1,27,intercept,compression,5,0.03380057114024081
D1,27,intercept,compression,6,0.03378002629029046
D1,27,intercept,compression,7,0.033764892936877094
D1,27,intercept,velocity,0,1.987410319072879
D1,27,intercept,velocity,1,3.051790747733932
D1,27,intercept,velocity,2,5.329981724170806
D1,27,intercept,velocity,3,5.216991743255689
D1,27,intercept,velocity,4,5.013094540681927
D1,27,intercept,velocity,5,4.891079249299697
D1,27,intercept,velocity,6,4.743707020362403
D1,27,intercept,velocity,7,4.1350160440913335
D1,27,intercept,smoothness,0,0.5367153739723745
D1,27,intercept,smoothness,1,0.24360503095119743
D1,27,intercept,smoothness,2,0.462960704590219
D1,27,intercept,smoothness,3,0.5118025026018556
D1,27,intercept,smoothness,4,0.4247896232673372
D1,27,intercept,smoothness,5,0.2935574936076063
D1,27,intercept,smoothness,6,0.2732549870076467
D1,27,intercept,smoothness,7,0.2785235540815681
D1,27,pre_impact,object,0,46.15926449256033
D1,27,pre_impact,object,1,45.954595013578746
D1,27,pre_impact,object,2,45.85354863531494
D1,27,pre_impact,object,3,45.787560619471385
D1,27,pre_impact,object,4,45.72066176469818
D1,27,pre_impact,object,5,45.635725737416976
D1,27,pre_impact,object,6,45.518985594287955
D1,27,pre_impact,object,7,45.3603825088575
D1,27,pre_impact,grasp,0,355.15061627472153
D1,27,pre_impact,grasp,1,350.7383550458972
D1,27,pre_impact,grasp,2,350.11781420525904
D1,27,pre_impact,grasp,3,350.6071890087481
D1,27,pre_impact,grasp,4,351.326800353989
D1,27,pre_impact,grasp,5,352.04319028302206
D1,27,pre_impact,grasp,6,352.6578106328454
D1,27,pre_impact,grasp,7,353.2214151344954
D1,27,pre_impact,compression,0,0.5913714948371606
D1,27,pre_impact,compression,1,0.5977683496511672
D1,27,pre_impact,compression,2,0.5991461323271163
D1,27,pre_impact,compression,3,0.5990559005706965
D1,27,pre_impact,compression,4,0.5986580782750716
D1,27,pre_impact,compression,5,0.598272079382705
D1,27,pre_impact,compression,6,0.5979545194220586
D1,27,pre_impact,compression,7,0.5977111697669506
D1,27,pre_impact,velocity,0,1.5815306646904501
D1,27,pre_impact,velocity,1,2.346639043567216
D1,27,pre_impact,velocity,2,4.316328104751263
D1,27,pre_impact,velocity,3,4.29321005746894
D1,27,pre_impact,velocity,4,4.1442960584726505
D1,27,pre_impact,velocity,5,4.0497123692628945
D1,27,pre_impact,velocity,6,3.9223611308716575
D1,27,pre_impact,velocity,7,3.3714216981486396
D1,27,pre_impact,smoothness,0,0.6689597777824932
D1,27,pre_impact,smoothness,1,0.23911807949548464
D1,27,pre_impact,smoothness,2,0.519580628720822
D1,27,pre_impact,smoothness,3,0.572141093993927
D1,27,pre_impact,smoothness,4,0.4509864086045884
D1,27,pre_impact,smoothness,5,0.31165025719703965
D1,27,pre_impact,smoothness,6,0.29321318148133396
D1,27,pre_impact,smoothness,7,0.29942813384643635
D1,27,capture,object,0,33.65606780338072
D1,27,capture,object,1,33.510726962123115
D1,27,capture,object,2,33.44004936049435
D1,27,capture,object,3,33.394445553909655
D1,27,capture,object,4,33.34898417525018
D1,27,capture,object,5,33.29306963329481
D1,27,capture,object,6,33.22143182057501
D1,27,capture,object,7,33.12754667381652
D1,27,capture,grasp,0,209.36748155416458
D1,27,capture,grasp,1,206.10104758823746
D1,27,capture,grasp,2,205.70487541174893
D1,27,capture,grasp,3,206.11173650077825
D1,27,capture,grasp,4,206.67675405591783
D1,27,capture,grasp,5,207.23528479542114
D1,27,capture,grasp,6,207.71069281084277
D1,27,capture,grasp,7,208.13291483331884
D1,27,capture,compression,0,21.928720796411483
D1,27,capture,compression,1,22.026849929979807
D1,27,capture,compression,2,22.037912390538565
D1,27,capture,compression,3,22.023692870806258
D1,27,capture,compression,4,22.004390985670284
D1,27,capture,compression,5,21.986722055225673
D1,27,capture,compression,6,21.97277933143522
D1,27,capture,compression,7,21.96255312673685
D1,27,capture,velocity,0,1.396190862425938
D1,27,capture,velocity,1,1.7294683359720924
D1,27,capture,velocity,2,2.6234774368635665
D1,27,capture,velocity,3,2.668557674252913
D1,27,capture,velocity,4,2.5987868606724387
D1,27,capture,velocity,5,2.555565250187279
D1,27,capture,velocity,6,2.492168978805474
D1,27,capture,velocity,7,2.2219640731876433
D1,27,capture,smoothness,0,0.8950783580691297
D1,27,capture,smoothness,1,0.5457699413304735
D1,27,capture,smoothness,2,0.7682039602478901
D1,27,capture,smoothness,3,0.8115764613991749
D1,27,capture,smoothness,4,0.708940338508736
D1,27,capture,smoothness,5,0.6002039289331506
D1,27,capture,smoothness,6,0.581866685602071
D1,27,capture,smoothness,7,0.5853958739623997
D1,27,hold,object,0,83.75134992364431
D1,27,hold,object,1,83.10140007924213
D1,27,hold,object,2,82.7884907274003
D1,27,hold,object,3,82.58694724769082
D1,27,hold,object,4,82.39053346059632
D1,27,hold,object,5,82.15170126964297
D1,27,hold,object,6,81.83922817803162
D1,27,hold,object,7,81.44860629576225
D1,27,hold,grasp,0,27.332373429588383
D1,27,hold,grasp,1,26.851175424932837
D1,27,hold,grasp,2,26.756281348007846
D1,27,hold,grasp,3,26.770261806000583
D1,27,hold,grasp,4,26.811484130872337
D1,27,hold,grasp,5,26.858279593875853
D1,27,hold,grasp,6,26.901248052849223
D1,27,hold,grasp,7,26.942906542206575
D1,27,hold,compression,0,48.68985264265294
D1,27,hold,compression,1,49.02852861359661
D1,27,hold,compression,2,49.1278107038695
D1,27,hold,compression,3,49.15463917732365
D1,27,hold,compression,4,49.16639463947438
D1,27,hold,compression,5,49.17610503364941
D1,27,hold,compression,6,49.1836472870575
D1,27,hold,compression,7,49.18900401669488
D1,27,hold,velocity,0,1.1258695323374246
D1,27,hold,velocity,1,1.7101396208672184
D1,27,hold,velocity,2,2.4798833427614735
D1,27,hold,velocity,3,2.4163111382790845
D1,27,hold,velocity,4,2.3217573508272595
D1,27,hold,velocity,5,2.2722843532805417
D1,27,hold,velocity,6,2.219185602298349
D1,27,hold,velocity,7,2.022773237670693
D1,27,hold,smoothness,0,1.9415903967197192
D1,27,hold,smoothness,1,0.9378671048248592
D1,27,hold,smoothness,2,1.5969934150681913
D1,27,hold,smoothness,3,1.7620391391630328
D1,27,hold,smoothness,4,1.587436724842366
D1,27,hold,smoothness,5,1.2187088845051095
D1,27,hold,smoothness,6,1.1586951414111322
D1,27,hold,smoothness,7,1.1720146685096855
D2,7,intercept,object,0,125.47005278771874
D2,7,intercept,object,1,119.43949080175736
D2,7,intercept,object,2,117.52690425926849
D2,7,intercept,object,3,115.38783022459887
D2,7,intercept,object,4,112.36998414140719
D2,7,intercept,object,5,108.0497973582213
D2,7,intercept,object,6,101.67682138211251
D2,7,intercept,object,7,92.43802044650782
D2,7,intercept,grasp,0,378.7400105263153
D2,7,intercept,grasp,1,375.2770473650608
D2,7,intercept,grasp,2,384.0979745534852
D2,7,intercept,grasp,3,391.3166819427923
D2,7,intercept,grasp,4,396.11687598707584
D2,7,intercept,grasp,5,399.900875094349
D2,7,intercept,grasp,6,403.20215758089563
D2,7,intercept,grasp,7,406.8934017877598
D2,7,intercept,compression,0,0.04251180453813417
D2,7,intercept,compression,1,0.04193497092948951
D2,7,intercept,compression,2,0.04158310222924077
D2,7,intercept,compression,3,0.04118539950557515
D2,7,intercept,compression,4,0.04083853954408403
D2,7,intercept,compression,5,0.04056804441812026
D2,7,intercept,compression,6,0.04037533129375046
D2,7,intercept,compression,7,0.04024086163933355
D2,7,intercept,velocity,0,1.8007543639219719
D2,7,intercept,velocity,1,1.9905335538099598
D2,7,intercept,velocity,2,3.376735411600247
D2,7,intercept,velocity,3,4.1528454229886655
D2,7,intercept,velocity,4,4.117744530804623
D2,7,intercept,velocity,5,4.076867256278539
D2,7,intercept,velocity,6,3.901820496906038
D2,7,intercept,velocity,7,3.259016332103566
D2,7,intercept,smoothness,0,1.2197587215657113
D2,7,intercept,smoothness,1,0.4608047488886061
D2,7,intercept,smoothness,2,0.4137149818750082
D2,7,intercept,smoothness,3,0.2655463212152298
D2,7,intercept,smoothness,4,0.24219236281706216
D2,7,intercept,smoothness,5,0.22481838484306085
D2,7,intercept,smoothness,6,0.23164903058464476
D2,7,intercept,smoothness,7,0.2518511948114236
D2,7,pre_impact,object,0,100.09929735548067
D2,7,pre_impact,object,1,96.04123130066823
D2,7,pre_impact,object,2,94.58601853320532
D2,7,pre_impact,object,3,92.91748144103035
D2,7,pre_impact,object,4,90.57982928056761
D2,7,pre_impact,object,5,87.2595260975366
D2,7,pre_impact,object,6,82.47299596814881
D2,7,pre_impact,object,7,75.78003334355873
D2,7,pre_impact,grasp,0,338.9541229695217
D2,7,pre_impact,grasp,1,336.7118704020571
D2,7,pre_impact,grasp,2,343.20873352749413
D2,7,pre_impact,grasp,3,348.21214431327985
D2,7,pre_impact,grasp,4,351.3788615222942
D2,7,pre_impact,grasp,5,353.8167270174113
D2,7,pre_impact,grasp,6,355.9362559900643
D2,7,pre_impact,grasp,7,358.34659796882784
D2,7,pre_impact,compression,0,0.8837631378844654
D2,7,pre_impact,compression,1,0.8759357306812177
D2,7,pre_impact,compression,2,0.8708579693131935
D2,7,pre_impact,compression,3,0.8646328188619585
D2,7,pre_impact,compression,4,0.8591349923363399
D2,7,pre_impact,compression,5,0.8548114990097869
D2,7,pre_impact,compression,6,0.8517061939541841
D2,7,pre_impact,compression,7,0.8495192920384208
D2,7,pre_impact,velocity,0,1.6714679798589112
D2,7,pre_impact,velocity,1,1.792974327627109
D2,7,pre_impact,velocity,2,2.816940801930433
D2,7,pre_impact,velocity,3,3.396954170255799
D2,7,pre_impact,velocity,4,3.391730260722019
D2,7,pre_impact,velocity,5,3.3715828341717873
D2,7,pre_impact,velocity,6,3.254350232294404
D2,7,pre_impact,velocity,7,2.7979786992562437
D2,7,pre_impact,smoothness,0,0.9982616256930836
D2,7,pre_impact,smoothness,1,0.502189763802091
D2,7,pre_impact,smoothness,2,0.46737518183815624
D2,7,pre_impact,smoothness,3,0.313348138858643
D2,7,pre_impact,smoothness,4,0.29192835234578884
D2,7,pre_impact,smoothness,5,0.27622230218888655
D2,7,pre_impact,smoothness,6,0.2859536074656187
D2,7,pre_impact,smoothness,7,0.30839841265827
D2,7,capture,object,0,77.20777898345632
D2,7,capture,object,1,74.46970332246245
D2,7,capture,object,2,73.6454886107742
D2,7,capture,object,3,72.70209850615134
D2,7,capture,object,4,71.28649280590729
D2,7,capture,object,5,69.12603788855846
D2,7,capture,object,6,65.78829389855484
D2,7,capture,object,7,60.87696498402354
D2,7,capture,grasp,0,219.55585863813613
D2,7,capture,grasp,1,218.49968539808535
D2,7,capture,grasp,2,222.95076232419774
D2,7,capture,grasp,3,226.49369428406538
D2,7,capture,grasp,4,228.86042956239743
D2,7,capture,grasp,5,230.7002532359805
D2,7,capture,grasp,6,232.27124020025647
D2,7,capture,grasp,7,233.97624910733543
D2,7,capture,compression,0,23.259042842491272
D2,7,capture,compression,1,23.25111907657449
D2,7,capture,compression,2,23.22430232063591
D2,7,capture,compression,3,23.163928084519966
D2,7,capture,compression,4,23.09852227519043
D2,7,capture,compression,5,23.042020339509303
D2,7,capture,compression,6,22.997770330253413
D2,7,capture,compression,7,22.965733941589917
D2,7,capture,velocity,0,1.4067358209069591
D2,7,capture,velocity,1,1.4018980889023844
D2,7,capture,velocity,2,1.9809597863697264
D2,7,capture,velocity,3,2.3623318425260287
D2,7,capture,velocity,4,2.3783218445110865
D2,7,capture,velocity,5,2.3745053440284956
D2,7,capture,velocity,6,2.3099010981204766
D2,7,capture,velocity,7,2.052761751970024
D2,7,capture,smoothness,0,1.3796018604264622
D2,7,capture,smoothness,1,0.7410081765598191
D2,7,capture,smoothness,2,0.6883650518929084
D2,7,capture,smoothness,3,0.5082036611286319
D2,7,capture,smoothness,4,0.49000159970535895
D2,7,capture,smoothness,5,0.5324211800627434
D2,7,capture,smoothness,6,0.5493112827236428
D2,7,capture,smoothness,7,0.5684094584326959
D2,7,hold,object,0,98.94356363221613
D2,7,hold,object,1,97.29552498426266
D2,7,hold,object,2,96.35262006397541
D2,7,hold,object,3,95.09900686502657
D2,7,hold,object,4,93.32781865524113
D2,7,hold,object,5,90.88234709733317
D2,7,hold,object,6,87.65920582035345
D2,7,hold,object,7,83.70337104651804
D2,7,hold,grasp,0,22.857039657874868
D2,7,hold,grasp,1,22.921441731355454
D2,7,hold,grasp,2,23.126195644065447
D2,7,hold,grasp,3,23.26689550901214
D2,7,hold,grasp,4,23.34767942214766
D2,7,hold,grasp,5,23.404177955580387
D2,7,hold,grasp,6,23.449007031637272
D2,7,hold,grasp,7,23.495573687586244
D2,7,hold,compression,0,70.24329566130172
D2,7,hold,compression,1,70.05315226258033
D2,7,hold,compression,2,69.97546579971329
D2,7,hold,compression,3,69.7977121601792
D2,7,hold,compression,4,69.60019819232183
D2,7,hold,compression,5,69.43156088146196
D2,7,hold,compression,6,69.30393399338905
D2,7,hold,compression,7,69.21138385614624
D2,7,hold,velocity,0,1.4585715455601285
D2,7,hold,velocity,1,1.4507950810496302
D2,7,hold,velocity,2,1.7205115322235864
D2,7,hold,velocity,3,1.9496853961141702
D2,7,hold,velocity,4,1.9924606339804456
D2,7,hold,velocity,5,2.0051712678976763
D2,7,hold,velocity,6,1.9942972133293833
D2,7,hold,velocity,7,1.9208255994415935
D2,7,hold,smoothness,0,1.7912570374171668
D2,7,hold,smoothness,1,1.4060378975850556
D2,7,hold,smoothness,2,1.3748006026321242
D2,7,hold,smoothness,3,1.1498544408343192
D2,7,hold,smoothness,4,1.1179176719257442
D2,7,hold,smoothness,5,1.2570297858709898
D2,7,hold,smoothness,6,1.303117900238056
D2,7,hold,smoothness,7,1.3465259336272666
D2,17,intercept,object,0,292.471737379708
D2,17,intercept,object,1,161.72832199578863
D2,17,intercept,object,2,127.16156543715505
D2,17,intercept,object,3,105.13824739881348
D2,17,intercept,object,4,85.0979247450389
D2,17,intercept,object,5,67.76579060314623
D2,17,intercept,object,6,54.35796228933532
D2,17,intercept,object,7,44.662075922684565
D2,17,intercept,grasp,0,772.0906415333744
D2,17,intercept,grasp,1,722.2132442537587
D2,17,intercept,grasp,2,712.7382274844948
D2,17,intercept,grasp,3,707.5318666524455
D2,17,intercept,grasp,4,702.8929859139101
D2,17,intercept,grasp,5,699.267689666299
D2,17,intercept,grasp,6,696.8426597715293
D2,17,intercept,grasp,7,695.758864967369
D2,17,intercept,compression,0,0.13425535233618624
D2,17,intercept,compression,1,0.14068265399247645
D2,17,intercept,compression,2,0.14223487663276127
D2,17,intercept,compression,3,0.1431083751025024
D2,17,intercept,compression,4,0.14374594754515702
D2,17,intercept,compression,5,0.1442231353680055
D2,17,intercept,compression,6,0.14453539294039636
D2,17,intercept,compression,7,0.14470354129024726
D2,17,intercept,velocity,0,1.0712220593946475
D2,17,intercept,velocity,1,2.4436927948402034
D2,17,intercept,velocity,2,7.396319504044563
D2,17,intercept,velocity,3,11.631353344490462
D2,17,intercept,velocity,4,12.434168005512756
D2,17,intercept,velocity,5,12.494677080594126
D2,17,intercept,velocity,6,12.250443508334358
D2,17,intercept,velocity,7,11.145676634275663
D2,17,intercept,smoothness,0,0.1881269284562347
D2,17,intercept,smoothness,1,0.12700874147469285
D2,17,intercept,smoothness,2,0.21320189748761117
D2,17,intercept,smoothness,3,0.29940285681337203
D2,17,intercept,smoothness,4,0.5006212723646808
D2,17,intercept,smoothness,5,0.8477958783093327
D2,17,intercept,smoothness,6,0.9241630052184056
D2,17,intercept,smoothness,7,0.970220487800718
D2,17,pre_impact,object,0,223.46513450480185
D2,17,pre_impact,object,1,132.5285847036401
D2,17,pre_impact,object,2,108.47303116776638
D2,17,pre_impact,object,3,93.2817167086592
D2,17,pre_impact,object,4,78.61224538999983
D2,17,pre_impact,object,5,64.83658211434697
D2,17,pre_impact,object,6,53.40733004717309
D2,17,pre_impact,object,7,44.76600787489809
D2,17,pre_impact,grasp,0,697.0734170411422
D2,17,pre_impact,grasp,1,661.0919171648263
D2,17,pre_impact,grasp,2,655.4795100692007
D2,17,pre_impact,grasp,3,652.3753975139962
D2,17,pre_impact,grasp,4,649.4316246906592
D2,17,pre_impact,grasp,5,647.1064600292526
D2,17,pre_impact,grasp,6,645.558147524975
D2,17,pre_impact,grasp,7,644.9304116277533
D2,17,pre_impact,compression,0,2.067182807339114
D2,17,pre_impact,compression,1,2.152174939790974
D2,17,pre_impact,compression,2,2.173808751210566
D2,17,pre_impact,compression,3,2.1850873432122215
D2,17,pre_impact,compression,4,2.19301112575217
D2,17,pre_impact,compression,5,2.198899287061752
D2,17,pre_impact,compression,6,2.2027494434056387
D2,17,pre_impact,compression,7,2.2048128473732573
D2,17,pre_impact,velocity,0,0.9273126379898933
D2,17,pre_impact,velocity,1,2.146275045241544
D2,17,pre_impact,velocity,2,5.809985984219477
D2,17,pre_impact,velocity,3,8.877448335671426
D2,17,pre_impact,velocity,4,9.460251261925356
D2,17,pre_impact,velocity,5,9.505634576620432
D2,17,pre_impact,velocity,6,9.336384510530149
D2,17,pre_impact,velocity,7,8.568684052808738
D2,17,pre_impact,smoothness,0,0.23107799128405135
D2,17,pre_impact,smoothness,1,0.1531217765794967
D2,17,pre_impact,smoothness,2,0.2599825823599258
D2,17,pre_impact,smoothness,3,0.34599808208072735
D2,17,pre_impact,smoothness,4,0.5432194274737288
D2,17,pre_impact,smoothness,5,0.8874660650476432
D2,17,pre_impact,smoothness,6,0.9625597854327004
D2,17,pre_impact,smoothness,7,1.005048651025151
D2,17,capture,object,0,247.28174289061107
D2,17,capture,object,1,138.5032796441697
D2,17,capture,object,2,109.84412666069063
D2,17,capture,object,3,91.63054894843746
D2,17,capture,object,4,74.70807169691292
D2,17,capture,object,5,59.67015813209898
D2,17,capture,object,6,47.786894838850436
D2,17,capture,object,7,39.09128461071768
D2,17,capture,grasp,0,541.7173365103798
D2,17,capture,grasp,1,507.2424864897712
D2,17,capture,grasp,2,501.4567090811621
D2,17,capture,grasp,3,498.46243142112405
D2,17,capture,grasp,4,495.73162798234875
D2,17,capture,grasp,5,493.60146638825177
D2,17,capture,grasp,6,492.19896657256226
D2,17,capture,grasp,7,491.64661804053475
D2,17,capture,compression,0,49.67314772031225
D2,17,capture,compression,1,51.87539757266449
D2,17,capture,compression,2,52.38646126783682
D2,17,capture,compression,3,52.668027307793416
D2,17,capture,compression,4,52.870287708422126
D2,17,capture,compression,5,53.01997486786463
D2,17,capture,compression,6,53.11602480443302
D2,17,capture,compression,7,53.16482357389859
D2,17,capture,velocity,0,0.6427868139805594
D2,17,capture,velocity,1,1.540112460998352
D2,17,capture,velocity,2,4.453325461303369
D2,17,capture,velocity,3,6.912786089688797
D2,17,capture,velocity,4,7.388316603839823
D2,17,capture,velocity,5,7.422984504852085
D2,17,capture,velocity,6,7.276167781025017
D2,17,capture,velocity,7,6.62048926812841
D2,17,capture,smoothness,0,0.33638299427762697
D2,17,capture,smoothness,1,0.21298767911396776
D2,17,capture,smoothness,2,0.37007543499678663
D2,17,capture,smoothness,3,0.5076148405644639
D2,17,capture,smoothness,4,0.8199276355607938
D2,17,capture,smoothness,5,1.3592384872168688
D2,17,capture,smoothness,6,1.4781764348332103
D2,17,capture,smoothness,7,1.5492464412968296
D2,17,hold,object,0,432.08462225325786
D2,17,hold,object,1,255.17281651278816
D2,17,hold,object,2,206.14568765294152
D2,17,hold,object,3,174.00943097069512
D2,17,hold,object,4,143.93134566898098
D2,17,hold,object,5,117.25249193575193
D2,17,hold,object,6,96.11718074042068
D2,17,hold,object,7,80.47539579865827
D2,17,hold,grasp,0,76.14948423415028
D2,17,hold,grasp,1,71.37172774838308
D2,17,hold,grasp,2,70.5010305442135
D2,17,hold,grasp,3,70.02125981920932
D2,17,hold,grasp,4,69.58596289056268
D2,17,hold,grasp,5,69.24359988065945
D2,17,hold,grasp,6,69.01365588014791
D2,17,hold,grasp,7,68.91043920151368
D2,17,hold,compression,0,160.19727198448237
D2,17,hold,compression,1,167.46486813880762
D2,17,hold,compression,2,169.23054547126628
D2,17,hold,compression,3,170.2239819692003
D2,17,hold,compression,4,170.95808245132594
D2,17,hold,compression,5,171.5121536049763
D2,17,hold,compression,6,171.8782953900534
D2,17,hold,compression,7,172.08001754698262
D2,17,hold,velocity,0,0.5535423163873624
D2,17,hold,velocity,1,1.2806372003903899
D2,17,hold,velocity,2,3.558907611039905
D2,17,hold,velocity,3,5.400787559040601
D2,17,hold,velocity,4,5.746046720272568
D2,17,hold,velocity,5,5.774583327337113
D2,17,hold,velocity,6,5.675699597313804
D2,17,hold,velocity,7,5.218333584309675
D2,17,hold,smoothness,0,0.6907426264783934
D2,17,hold,smoothness,1,0.4924254289599106
D2,17,hold,smoothness,2,0.8148732069178608
D2,17,hold,smoothness,3,1.1108854340822165
D2,17,hold,smoothness,4,1.8133945907324616
D2,17,hold,smoothness,5,2.959765622721808
D2,17,hold,smoothness,6,3.2029991900339803
D2,17,hold,smoothness,7,3.3452522095980908
D2,27,intercept,object,0,3485.1450005406023
D2,27,intercept,object,1,2775.313249557241
D2,27,intercept,object,2,1589.4816749697034
D2,27,intercept,object,3,923.8133999919826
D2,27,intercept,object,4,601.5108710486078
D2,27,intercept,object,5,426.7381107891912
D2,27,intercept,object,6,317.87472973835924
D2,27,intercept,object,7,242.95917601103633
D2,27,intercept,grasp,0,238.81123409008916
D2,27,intercept,grasp,1,183.162863786198
D2,27,intercept,grasp,2,166.32013877222485
D2,27,intercept,grasp,3,158.3350877545272
D2,27,intercept,grasp,4,154.41945511980578
D2,27,intercept,grasp,5,152.82615602574103
D2,27,intercept,grasp,6,152.29683603338302
D2,27,intercept,grasp,7,152.66605111603695
D2,27,intercept,compression,0,0.01732488092518438
D2,27,intercept,compression,1,0.01734588625251427
D2,27,intercept,compression,2,0.017380931033919977
D2,27,intercept,compression,3,0.017410486652759488
D2,27,intercept,compression,4,0.017448428182116053
D2,27,intercept,compression,5,0.017479316090686477
D2,27,intercept,compression,6,0.017503634922631545
D2,27,intercept,compression,7,0.017526139345540103
D2,27,intercept,velocity,0,1.4580708146761112
D2,27,intercept,velocity,1,3.1148255762770383
D2,27,intercept,velocity,2,5.411304650211596
D2,27,intercept,velocity,3,4.573795670799079
D2,27,intercept,velocity,4,3.8925454620999873
D2,27,intercept,velocity,5,2.60736645483407
D2,27,intercept,velocity,6,2.194341361772183
D2,27,intercept,velocity,7,1.7965088273488263
D2,27,intercept,smoothness,0,0.10830226765606643
D2,27,intercept,smoothness,1,0.49151008872152596
D2,27,intercept,smoothness,2,0.8322380621190277
D2,27,intercept,smoothness,3,1.3309124439327094
D2,27,intercept,smoothness,4,0.9507173728486283
D2,27,intercept,smoothness,5,0.28661902023113117
D2,27,intercept,smoothness,6,0.18465799340990954
D2,27,intercept,smoothness,7,0.19895813075976257
D2,27,pre_impact,object,0,2040.8021154832593
D2,27,pre_impact,object,1,1664.2992449130588
D2,27,pre_impact,object,2,1016.8957927408856
D2,27,pre_impact,object,3,638.2507465205392
D2,27,pre_impact,object,4,448.3717916772146
D2,27,pre_impact,object,5,339.74498824280477
D2,27,pre_impact,object,6,266.42434546362193
D2,27,pre_impact,object,7,211.30981942584668
D2,27,pre_impact,grasp,0,242.42553607748084
D2,27,pre_impact,grasp,1,188.09636953066044
D2,27,pre_impact,grasp,2,171.33265174413776
D2,27,pre_impact,grasp,3,163.2983691945626
D2,27,pre_impact,grasp,4,159.31814135130884
D2,27,pre_impact,grasp,5,157.664200549708
D2,27,pre_impact,grasp,6,157.0849507779834
D2,27,pre_impact,grasp,7,157.41707758694295
D2,27,pre_impact,compression,0,0.3414789978166343
D2,27,pre_impact,compression,1,0.34161115496152916
D2,27,pre_impact,compression,2,0.3420553838715227
D2,27,pre_impact,compression,3,0.34243621557136683
D2,27,pre_impact,compression,4,0.3430327857141806
D2,27,pre_impact,compression,5,0.3435561069564645
D2,27,pre_impact,compression,6,0.34399994410730367
D2,27,pre_impact,compression,7,0.34443630642600254
D2,27,pre_impact,velocity,0,1.3392047114132566
D2,27,pre_impact,velocity,1,2.6559823934200164
D2,27,pre_impact,velocity,2,4.335702264308764
D2,27,pre_impact,velocity,3,3.7579606660288776
D2,27,pre_impact,velocity,4,3.2761447306612133
D2,27,pre_impact,velocity,5,2.255527720325353
D2,27,pre_impact,velocity,6,1.895116505668626
D2,27,pre_impact,velocity,7,1.5529332316616689
D2,27,pre_impact,smoothness,0,0.14415394792238467
D2,27,pre_impact,smoothness,1,0.5400279701709987
D2,27,pre_impact,smoothness,2,0.8649014731142307
D2,27,pre_impact,smoothness,3,1.2988884990102059
D2,27,pre_impact,smoothness,4,0.9565394791265297
D2,27,pre_impact,smoothness,5,0.33544095388086703
D2,27,pre_impact,smoothness,6,0.2237205053832863
D2,27,pre_impact,smoothness,7,0.24027176182612944
D2,27,capture,object,0,1672.3062375960562
D2,27,capture,object,1,1332.2480054041114
D2,27,capture,object,2,729.2927930199618
D2,27,capture,object,3,401.0450920760817
D2,27,capture,object,4,256.2923270178166
D2,27,capture,object,5,185.9940096161109
D2,27,capture,object,6,144.94958025544628
D2,27,capture,object,7,116.91075423464449
D2,27,capture,grasp,0,163.37946164165396
D2,27,capture,grasp,1,137.76216553457513
D2,27,capture,grasp,2,129.34188782100657
D2,27,capture,grasp,3,125.19622520428055
D2,27,capture,grasp,4,123.11769453659946
D2,27,capture,grasp,5,122.27067020179136
D2,27,capture,grasp,6,122.00237435491796
D2,27,capture,grasp,7,122.219722506748
D2,27,capture,compression,0,8.237438725863178
D2,27,capture,compression,1,8.224578751360447
D2,27,capture,compression,2,8.223111827218858
D2,27,capture,compression,3,8.223601357209896
D2,27,capture,compression,4,8.231659236075917
D2,27,capture,compression,5,8.240928912746766
D2,27,capture,compression,6,8.250449438566067
D2,27,capture,compression,7,8.260640039776668
D2,27,capture,velocity,0,1.1639929769013393
D2,27,capture,velocity,1,1.8456351641278843
D2,27,capture,velocity,2,2.7091335551073583
D2,27,capture,velocity,3,2.446381225383231
D2,27,capture,velocity,4,2.229111216901448
D2,27,capture,velocity,5,1.7568474009228285
D2,27,capture,velocity,6,1.5614672890225483
D2,27,capture,velocity,7,1.3528158030913846
D2,27,capture,smoothness,0,0.27659595337254306
D2,27,capture,smoothness,1,0.8768554439342379
D2,27,capture,smoothness,2,1.4188378576698233
D2,27,capture,smoothness,3,1.9506721623595091
D2,27,capture,smoothness,4,1.4142789595347873
D2,27,capture,smoothness,5,0.5496220742671426
D2,27,capture,smoothness,6,0.38991706377080754
D2,27,capture,smoothness,7,0.4156428037668097
D2,27,hold,object,0,4611.119610114762
D2,27,hold,object,1,3748.329331451813
D2,27,hold,object,2,2148.1934224539423
D2,27,hold,object,3,1215.5070833538573
D2,27,hold,object,4,766.4889222542535
D2,27,hold,object,5,536.858672433749
D2,27,hold,object,6,402.3759347880937
D2,27,hold,object,7,314.01687183980204
D2,27,hold,grasp,0,20.98075613308172
D2,27,hold,grasp,1,16.96994334976771
D2,27,hold,grasp,2,15.715079110337005
D2,27,hold,grasp,3,15.1068777112883
D2,27,hold,grasp,4,14.80142265515386
D2,27,hold,grasp,5,14.668304679038773
D2,27,hold,grasp,6,14.614826399391491
D2,27,hold,grasp,7,14.631127930642705
D2,27,hold,compression,0,25.47616622447809
D2,27,hold,compression,1,25.49229170470925
D2,27,hold,compression,2,25.522825362426808
D2,27,hold,compression,3,25.548268605350756
D2,27,hold,compression,4,25.587556927976795
D2,27,hold,compression,5,25.62231790022613
D2,27,hold,compression,6,25.651327476797306
D2,27,hold,compression,7,25.679359218818007
D2,27,hold,velocity,0,0.8773221858330223
D2,27,hold,velocity,1,1.6507725961717947
D2,27,hold,velocity,2,2.60131832548255
D2,27,hold,velocity,3,2.2305383078012233
D2,27,hold,velocity,4,1.9121804465654932
D2,27,hold,velocity,5,1.3474132234743117
D2,27,hold,velocity,6,1.1654143152709748
D2,27,hold,velocity,7,0.9950337160655529
D2,27,hold,smoothness,0,0.5128859118328283
D2,27,hold,smoothness,1,1.717655398027081
D2,27,hold,smoothness,2,2.739531572926416
D2,27,hold,smoothness,3,4.001775611886149
D2,27,hold,smoothness,4,2.9576649664581707
D2,27,hold,smoothness,5,1.1020654600550888
D2,27,hold,smoothness,6,0.7673991575175084
D2,27,hold,smoothness,7,0.819164301212448
D3,7,intercept,object,0,365.9850301160908
D3,7,intercept,object,1,290.3568296238955
D3,7,intercept,object,2,243.4829062069622
D3,7,intercept,object,3,200.90867428789687
D3,7,intercept,object,4,156.8834425233457
D3,7,intercept,object,5,117.4865255081387
D3,7,intercept,object,6,87.95058478234056
D3,7,intercept,object,7,67.77753388243843
D3,7,intercept,grasp,0,204.87428018111277
D3,7,intercept,grasp,1,224.3107299374338
D3,7,intercept,grasp,2,222.67490463394327
D3,7,intercept,grasp,3,219.40566981679353
D3,7,intercept,grasp,4,216.64875068183497
D3,7,intercept,grasp,5,214.52298533197938
D3,7,intercept,grasp,6,213.05658686624054
D3,7,intercept,grasp,7,212.175713922664
D3,7,intercept,compression,0,0.07397108572731739
D3,7,intercept,compression,1,0.07642441871393212
D3,7,intercept,compression,2,0.07671904477171003
D3,7,intercept,compression,3,0.07648186866313025
D3,7,intercept,compression,4,0.07612529831840895
D3,7,intercept,compression,5,0.07579518496826881
D3,7,intercept,compression,6,0.07553899056205357
D3,7,intercept,compression,7,0.07535220960066001
D3,7,intercept,velocity,0,2.0250831267447613
D3,7,intercept,velocity,1,1.7582462494455684
D3,7,intercept,velocity,2,2.6769966398728138
D3,7,intercept,velocity,3,4.0309101071713505
D3,7,intercept,velocity,4,4.337919527642552
D3,7,intercept,velocity,5,4.33046450581411
D3,7,intercept,velocity,6,4.2878914400450485
D3,7,intercept,velocity,7,4.342614346132994
D3,7,intercept,smoothness,0,1.051715592557233
D3,7,intercept,smoothness,1,0.22993457003214707
D3,7,intercept,smoothness,2,0.29189984641830335
D3,7,intercept,smoothness,3,0.2574155772731326
D3,7,intercept,smoothness,4,0.3455251490780638
D3,7,intercept,smoothness,5,0.4649925068200197
D3,7,intercept,smoothness,6,0.47369629780005584
D3,7,intercept,smoothness,7,0.4648423183263389
D3,7,pre_impact,object,0,192.91484895845926
D3,7,pre_impact,object,1,155.16539024095155
D3,7,pre_impact,object,2,132.86673774010873
D3,7,pre_impact,object,3,112.91113783408933
D3,7,pre_impact,object,4,92.53590259907125
D3,7,pre_impact,object,5,74.2078660805879
D3,7,pre_impact,object,6,60.15444932706337
D3,7,pre_impact,object,7,50.26200789009338
D3,7,pre_impact,grasp,0,208.18115289274255
D3,7,pre_impact,grasp,1,213.58328658921175
D3,7,pre_impact,grasp,2,212.66379811195554
D3,7,pre_impact,grasp,3,210.9039010128221
D3,7,pre_impact,grasp,4,209.580932284181
D3,7,pre_impact,grasp,5,208.64007291887984
D3,7,pre_impact,grasp,6,208.01889488277587
D3,7,pre_impact,grasp,7,207.67961158361643
D3,7,pre_impact,compression,0,1.2009102896768737
D3,7,pre_impact,compression,1,1.1939292527691896
D3,7,pre_impact,compression,2,1.188904931761431
D3,7,pre_impact,compression,3,1.1859563873793602
D3,7,pre_impact,compression,4,1.1831670724016496
D3,7,pre_impact,compression,5,1.180652755453424
D3,7,pre_impact,compression,6,1.1786709426679407
D3,7,pre_impact,compression,7,1.177172376506841
D3,7,pre_impact,velocity,0,2.6686985825625715
D3,7,pre_impact,velocity,1,2.445896298773583
D3,7,pre_impact,velocity,2,2.667125226739721
D3,7,pre_impact,velocity,3,3.0854277169731756
D3,7,pre_impact,velocity,4,3.144391590842854
D3,7,pre_impact,velocity,5,3.1213883443470634
D3,7,pre_impact,velocity,6,3.0999750248074904
D3,7,pre_impact,velocity,7,3.112067304779222
D3,7,pre_impact,smoothness,0,0.7237094670426703
D3,7,pre_impact,smoothness,1,0.414478403891207
D3,7,pre_impact,smoothness,2,0.42492864166155947
D3,7,pre_impact,smoothness,3,0.35792215507653524
D3,7,pre_impact,smoothness,4,0.4226113007390744
D3,7,pre_impact,smoothness,5,0.44951913081441275
D3,7,pre_impact,smoothness,6,0.44129754124119946
D3,7,pre_impact,smoothness,7,0.43716913069720875
D3,7,capture,object,0,131.80107767525755
D3,7,capture,object,1,112.14443249392558
D3,7,capture,object,2,99.686751249355
D3,7,capture,object,3,88.09607385417733
D3,7,capture,object,4,75.32530679964947
D3,7,capture,object,5,62.76903026079081
D3,7,capture,object,6,52.27133685389809
D3,7,capture,object,7,44.30299927042512
D3,7,capture,grasp,0,145.49478300250564
D3,7,capture,grasp,1,152.01337003490505
D3,7,capture,grasp,2,151.47516462344316
D3,7,capture,grasp,3,149.89519595047489
D3,7,capture,grasp,4,148.59271368049187
D3,7,capture,grasp,5,147.6153262965982
D3,7,capture,grasp,6,146.94938159161123
D3,7,capture,grasp,7,146.55559355813986
D3,7,capture,compression,0,43.1150474192735
D3,7,capture,compression,1,44.33769531983416
D3,7,capture,compression,2,44.37786131512108
D3,7,capture,compression,3,44.3033577208487
D3,7,capture,compression,4,44.202450228521414
D3,7,capture,compression,5,44.1036060269422
D3,7,capture,compression,6,44.02304294003379
D3,7,capture,compression,7,43.95952890182022
D3,7,capture,velocity,0,1.6240067728276586
D3,7,capture,velocity,1,1.4772381677788935
D3,7,capture,velocity,2,1.9830623784816648
D3,7,capture,velocity,3,2.605503216575678
D3,7,capture,velocity,4,2.6965786736330593
D3,7,capture,velocity,5,2.6875233111798966
D3,7,capture,velocity,6,2.673967404406456
D3,7,capture,velocity,7,2.693837944359242
D3,7,capture,smoothness,0,0.9763351704915796
D3,7,capture,smoothness,1,0.5600833122605995
D3,7,capture,smoothness,2,0.506417687700937
D3,7,capture,smoothness,3,0.47369963214243743
D3,7,capture,smoothness,4,0.7078305797157852
D3,7,capture,smoothness,5,0.9252551564976702
D3,7,capture,smoothness,6,0.9156842568639891
D3,7,capture,smoothness,7,0.9036538649426422
D3,7,hold,object,0,136.11752949697015
D3,7,hold,object,1,123.73412374436153
D3,7,hold,object,2,115.70143370254794
D3,7,hold,object,3,107.94590974287992
D3,7,hold,object,4,98.90955353264718
D3,7,hold,object,5,89.46628759509971
D3,7,hold,object,6,81.07810395859254
D3,7,hold,object,7,74.36602884391232
D3,7,hold,grasp,0,19.78168237464854
D3,7,hold,grasp,1,19.749057835873526
D3,7,hold,grasp,2,19.704398557113223
D3,7,hold,grasp,3,19.631628871397474
D3,7,hold,grasp,4,19.57290885919178
D3,7,hold,grasp,5,19.528662827848287
D3,7,hold,grasp,6,19.49692069672147
D3,7,hold,grasp,7,19.473224786376434
D3,7,hold,compression,0,83.77437757677563
D3,7,hold,compression,1,83.39130955706007
D3,7,hold,compression,2,83.05692147012068
D3,7,hold,compression,3,82.82971284977181
D3,7,hold,compression,4,82.61428456039889
D3,7,hold,compression,5,82.42095232683275
D3,7,hold,compression,6,82.26919928347158
D3,7,hold,compression,7,82.1558892847793
D3,7,hold,velocity,0,1.7717397630755514
D3,7,hold,velocity,1,1.7457844931767705
D3,7,hold,velocity,2,1.8928454686579839
D3,7,hold,velocity,3,2.0454754613692914
D3,7,hold,velocity,4,2.0347239342063066
D3,7,hold,velocity,5,2.0209814393537635
D3,7,hold,velocity,6,2.0172891403571858
D3,7,hold,velocity,7,2.045690112822012
D3,7,hold,smoothness,0,1.5702228800853206
D3,7,hold,smoothness,1,1.4032975972623056
D3,7,hold,smoothness,2,1.3991026900117445
D3,7,hold,smoothness,3,1.2720066907611214
D3,7,hold,smoothness,4,1.495188441924147
D3,7,hold,smoothness,5,1.6033371725419006
D3,7,hold,smoothness,6,1.5681228012489596
D3,7,hold,smoothness,7,1.5495058877701953
D3,17,intercept,object,0,161.90350095618712
D3,17,intercept,object,1,81.96722591093678
D3,17,intercept,object,2,58.17608626153322
D3,17,intercept,object,3,47.616312842940424
D3,17,intercept,object,4,40.64050275181867
D3,17,intercept,object,5,34.81325637032557
D3,17,intercept,object,6,30.33716661565685
D3,17,intercept,object,7,27.525379223647434
D3,17,intercept,grasp,0,1530.2310190443052
D3,17,intercept,grasp,1,1261.6955113655429
D3,17,intercept,grasp,2,1163.5156684209414
D3,17,intercept,grasp,3,1102.5227001955197
D3,17,intercept,grasp,4,1057.4706701446964
D3,17,intercept,grasp,5,1020.2789687587481
D3,17,intercept,grasp,6,995.1568930181182
D3,17,intercept,grasp,7,981.530213747722
D3,17,intercept,compression,0,0.17140984799802808
D3,17,intercept,compression,1,0.17336687109992555
D3,17,intercept,compression,2,0.17145494308245948
D3,17,intercept,compression,3,0.16881905881446868
D3,17,intercept,compression,4,0.16673567039844628
D3,17,intercept,compression,5,0.16542217850171193
D3,17,intercept,compression,6,0.1644661888943103
D3,17,intercept,compression,7,0.16392756849570841
D3,17,intercept,velocity,0,1.6518859843206537
D3,17,intercept,velocity,1,6.662651788379588
D3,17,intercept,velocity,2,12.78582310033375
D3,17,intercept,velocity,3,16.88795671679845
D3,17,intercept,velocity,4,19.740697281355
D3,17,intercept,velocity,5,16.149817202174717
D3,17,intercept,velocity,6,13.902161505929021
D3,17,intercept,velocity,7,11.262627741302145
D3,17,intercept,smoothness,0,0.4373481237821151
D3,17,intercept,smoothness,1,0.20074340103127752
D3,17,intercept,smoothness,2,0.31959010914419295
D3,17,intercept,smoothness,3,0.3583076988354908
D3,17,intercept,smoothness,4,0.4904192953290076
D3,17,intercept,smoothness,5,0.697982706177875
D3,17,intercept,smoothness,6,1.342759286026669
D3,17,intercept,smoothness,7,1.1167483674976473
D3,17,pre_impact,object,0,146.2580256935425
D3,17,pre_impact,object,1,67.81116064340841
D3,17,pre_impact,object,2,44.801866823276086
D3,17,pre_impact,object,3,34.66883235647404
D3,17,pre_impact,object,4,27.903723082514727
D3,17,pre_impact,object,5,22.206680776667877
D3,17,pre_impact,object,6,17.79690549736844
D3,17,pre_impact,object,7,14.952779578262975
D3,17,pre_impact,grasp,0,1623.232640737931
D3,17,pre_impact,grasp,1,1348.2619287216044
D3,17,pre_impact,grasp,2,1251.5474139925777
D3,17,pre_impact,grasp,3,1189.376388971631
D3,17,pre_impact,grasp,4,1141.658702902971
D3,17,pre_impact,grasp,5,1101.4378823065888
D3,17,pre_impact,grasp,6,1073.923986722878
D3,17,pre_impact,grasp,7,1058.6311584283849
D3,17,pre_impact,compression,0,3.8826862226184575
D3,17,pre_impact,compression,1,3.9129137146662147
D3,17,pre_impact,compression,2,3.8648489510547814
D3,17,pre_impact,compression,3,3.8028393011843575
D3,17,pre_impact,compression,4,3.7518583484972265
D3,17,pre_impact,compression,5,3.7175031038867403
D3,17,pre_impact,compression,6,3.6916192020974643
D3,17,pre_impact,compression,7,3.6764938984701496
D3,17,pre_impact,velocity,0,1.345637654863112
D3,17,pre_impact,velocity,1,5.942543557134675
D3,17,pre_impact,velocity,2,11.637700186525963
D3,17,pre_impact,velocity,3,15.403614732856708
D3,17,pre_impact,velocity,4,18.097173248107868
D3,17,pre_impact,velocity,5,14.889566655192374
D3,17,pre_impact,velocity,6,12.86043992678724
D3,17,pre_impact,velocity,7,10.55587607204875
D3,17,pre_impact,smoothness,0,0.514187829559127
D3,17,pre_impact,smoothness,1,0.20475734839920398
D3,17,pre_impact,smoothness,2,0.3045173442166934
D3,17,pre_impact,smoothness,3,0.392248051440704
D3,17,pre_impact,smoothness,4,0.5945497160865427
D3,17,pre_impact,smoothness,5,0.8827504536900063
D3,17,pre_impact,smoothness,6,1.80538704870895
D3,17,pre_impact,smoothness,7,1.4609666784116258
D3,17,capture,object,0,90.82082532429378
D3,17,capture,object,1,47.643719636244676
D3,17,capture,object,2,34.463456246850825
D3,17,capture,object,3,28.51589894936252
D3,17,capture,object,4,24.509779812107887
D3,17,capture,object,5,21.138664655033846
D3,17,capture,object,6,18.563136016602353
D3,17,capture,object,7,16.988944158853236
D3,17,capture,grasp,0,1088.3472643346447
D3,17,capture,grasp,1,940.9977258280104
D3,17,capture,grasp,2,898.2036375645108
D3,17,capture,grasp,3,864.1018614213644
D3,17,capture,grasp,4,832.9557946794886
D3,17,capture,grasp,5,804.4162600042462
D3,17,capture,grasp,6,783.851861563139
D3,17,capture,grasp,7,771.455408790751
D3,17,capture,compression,0,83.46153512830969
D3,17,capture,compression,1,82.00514731875779
D3,17,capture,compression,2,80.16382666966116
D3,17,capture,compression,3,78.4866677292608
D3,17,capture,compression,4,77.02345291850523
D3,17,capture,compression,5,75.88270117868659
D3,17,capture,compression,6,74.96556864930758
D3,17,capture,compression,7,74.39966380207767
D3,17,capture,velocity,0,1.1895173741206257
D3,17,capture,velocity,1,4.8644239343659414
D3,17,capture,velocity,2,9.443983756725471
D3,17,capture,velocity,3,11.982297989170569
D3,17,capture,velocity,4,14.015119032998044
D3,17,capture,velocity,5,11.769145787634274
D3,17,capture,velocity,6,10.27882233569173
D3,17,capture,velocity,7,8.930683427965366
D3,17,capture,smoothness,0,0.7298695690625601
D3,17,capture,smoothness,1,0.36707931164785207
D3,17,capture,smoothness,2,0.49250845801878157
D3,17,capture,smoothness,3,0.5468347880481182
D3,17,capture,smoothness,4,0.8637371808707457
D3,17,capture,smoothness,5,1.3707752915018505
D3,17,capture,smoothness,6,3.467267583258143
D3,17,capture,smoothness,7,2.359939932946328
D3,17,hold,object,0,144.83159331240776
D3,17,hold,object,1,85.53061335876585
D3,17,hold,object,2,65.31301415894085
D3,17,hold,object,3,55.5154923713815
D3,17,hold,object,4,48.39209184511742
D3,17,hold,object,5,41.89028726893255
D3,17,hold,object,6,36.39915438077653
D3,17,hold,object,7,32.51207702400091
D3,17,hold,grasp,0,124.45540825863533
D3,17,hold,grasp,1,106.79151488260987
D3,17,hold,grasp,2,100.9541180797235
D3,17,hold,grasp,3,96.7388398089213
D3,17,hold,grasp,4,93.22427618773018
D3,17,hold,grasp,5,90.11656417795956
D3,17,hold,grasp,6,87.90883886593873
D3,17,hold,grasp,7,86.6245865003293
D3,17,hold,compression,0,239.06317490309527
D3,17,hold,compression,1,235.63098201063048
D3,17,hold,compression,2,230.53655392938188
D3,17,hold,compression,3,225.9329575393447
D3,17,hold,compression,4,222.2068169452221
D3,17,hold,compression,5,219.49860406122042
D3,17,hold,compression,6,217.3747639860893
D3,17,hold,compression,7,216.09470808299352
D3,17,hold,velocity,0,0.9521014607269365
D3,17,hold,velocity,1,3.3552733310086795
D3,17,hold,velocity,2,5.888517497643064
D3,17,hold,velocity,3,7.252455027757081
D3,17,hold,velocity,4,8.235118503395368
D3,17,hold,velocity,5,7.015341051377359
D3,17,hold,velocity,6,6.1928403734053745
D3,17,hold,velocity,7,5.398475568874668
D3,17,hold,smoothness,0,1.5628421643001333
D3,17,hold,smoothness,1,0.7226847973652382
D3,17,hold,smoothness,2,0.9781926604215517
D3,17,hold,smoothness,3,1.1965103857792057
D3,17,hold,smoothness,4,1.8091098897833442
D3,17,hold,smoothness,5,2.6825826412805407
D3,17,hold,smoothness,6,5.726869161596776
D3,17,hold,smoothness,7,4.174852656738119
D3,27,intercept,object,0,140.5975302914635
D3,27,intercept,object,1,97.95035818664603
D3,27,intercept,object,2,81.30833505478682
D3,27,intercept,object,3,67.19351906792906
D3,27,intercept,object,4,53.97339355238215
D3,27,intercept,object,5,43.47589142458903
D3,27,intercept,object,6,35.94874641370917
D3,27,intercept,object,7,30.665120071214147
D3,27,intercept,grasp,0,3002.0476677619004
D3,27,intercept,grasp,1,1685.393874089779
D3,27,intercept,grasp,2,1587.7448118902714
D3,27,intercept,grasp,3,1567.4155165899438
D3,27,intercept,grasp,4,1547.9097868597507
D3,27,intercept,grasp,5,1531.0929224119607
D3,27,intercept,grasp,6,1519.3390103618162
D3,27,intercept,grasp,7,1514.4225847054508
D3,27,intercept,compression,0,0.06343216008753594
D3,27,intercept,compression,1,0.06602653937290957
D3,27,intercept,compression,2,0.0667011447748756
D3,27,intercept,compression,3,0.06660409098370222
D3,27,intercept,compression,4,0.06636679197788918
D3,27,intercept,compression,5,0.06616508101326078
D3,27,intercept,compression,6,0.06602317579860775
D3,27,intercept,compression,7,0.0659245091319439
D3,27,intercept,velocity,0,1.4683731037116448
D3,27,intercept,velocity,1,4.760391309414251
D3,27,intercept,velocity,2,10.738853052153718
D3,27,intercept,velocity,3,13.539766166830805
D3,27,intercept,velocity,4,13.972410127650482
D3,27,intercept,velocity,5,13.958297146795708
D3,27,intercept,velocity,6,13.431044155384871
D3,27,intercept,velocity,7,10.833536331172539
D3,27,intercept,smoothness,0,0.20933678145128176
D3,27,intercept,smoothness,1,0.23821662841123936
D3,27,intercept,smoothness,2,0.501089490037898
D3,27,intercept,smoothness,3,0.4458439482223705
D3,27,intercept,smoothness,4,0.6325434942594563
D3,27,intercept,smoothness,5,0.7321210138597999
D3,27,intercept,smoothness,6,0.6590210418877195
D3,27,intercept,smoothness,7,0.6932126369625277
D3,27,pre_impact,object,0,86.0267996940533
D3,27,pre_impact,object,1,64.88938471603097
D3,27,pre_impact,object,2,56.59838292549084
D3,27,pre_impact,object,3,49.511467802669756
D3,27,pre_impact,object,4,42.592574771472236
D3,27,pre_impact,object,5,36.739935423416846
D3,27,pre_impact,object,6,32.2438279985019
D3,27,pre_impact,object,7,28.88343321383007
D3,27,pre_impact,grasp,0,1800.8895547953807
D3,27,pre_impact,grasp,1,1128.635790153282
D3,27,pre_impact,grasp,2,1078.7993327735098
D3,27,pre_impact,grasp,3,1068.7248236538771
D3,27,pre_impact,grasp,4,1058.2282097189573
D3,27,pre_impact,grasp,5,1048.8231280188866
D3,27,pre_impact,grasp,6,1042.0425786566855
D3,27,pre_impact,grasp,7,1038.9065498033403
D3,27,pre_impact,compression,0,1.1821887820966086
D3,27,pre_impact,compression,1,1.2186283390462562
D3,27,pre_impact,compression,2,1.2268298289765391
D3,27,pre_impact,compression,3,1.225199126177761
D3,27,pre_impact,compression,4,1.2219441561184357
D3,27,pre_impact,compression,5,1.2190929265228059
D3,27,pre_impact,compression,6,1.2169881465173378
D3,27,pre_impact,compression,7,1.2154680132690217
D3,27,pre_impact,velocity,0,1.5390052192397734
D3,27,pre_impact,velocity,1,3.756922025353008
D3,27,pre_impact,velocity,2,7.275118557773308
D3,27,pre_impact,velocity,3,9.297364378840568
D3,27,pre_impact,velocity,4,9.633691376950157
D3,27,pre_impact,velocity,5,9.61994794606046
D3,27,pre_impact,velocity,6,9.320515382652545
D3,27,pre_impact,velocity,7,7.8608952120384155
D3,27,pre_impact,smoothness,0,0.31676420184544546
D3,27,pre_impact,smoothness,1,0.27599197810895637
D3,27,pre_impact,smoothness,2,0.4998312693965998
D3,27,pre_impact,smoothness,3,0.44839983027077573
D3,27,pre_impact,smoothness,4,0.6035944625977112
D3,27,pre_impact,smoothness,5,0.7619188933416006
D3,27,pre_impact,smoothness,6,0.7216518452393575
D3,27,pre_impact,smoothness,7,0.7481698177863756
D3,27,capture,object,0,20.83339139235175
D3,27,capture,object,1,20.459973247272966
D3,27,capture,object,2,20.410771305716306
D3,27,capture,object,3,20.471980185062172
D3,27,capture,object,4,20.718886900774592
D3,27,capture,object,5,21.192058749289025
D3,27,capture,object,6,21.837306285832014
D3,27,capture,object,7,22.57618319096668
D3,27,capture,grasp,0,171.25587280999716
D3,27,capture,grasp,1,165.92594333145004
D3,27,capture,grasp,2,166.11439996973473
D3,27,capture,grasp,3,166.30517803505845
D3,27,capture,grasp,4,166.3483189393657
D3,27,capture,grasp,5,166.33529869981123
D3,27,capture,grasp,6,166.3020401161917
D3,27,capture,grasp,7,166.2583530829787
D3,27,capture,compression,0,26.48503788585505
D3,27,capture,compression,1,26.623443376325916
D3,27,capture,compression,2,26.649972543433176
D3,27,capture,compression,3,26.65371485466419
D3,27,capture,compression,4,26.657689761629314
D3,27,capture,compression,5,26.659973883823323
D3,27,capture,compression,6,26.660303673994274
D3,27,capture,compression,7,26.659558875302576
D3,27,capture,velocity,0,5.671166501224483
D3,27,capture,velocity,1,2.3038367700660296
D3,27,capture,velocity,2,2.2669242960489595
D3,27,capture,velocity,3,2.484814598179005
D3,27,capture,velocity,4,2.525336253587597
D3,27,capture,velocity,5,2.5272088135076904
D3,27,capture,velocity,6,2.5271992413813407
D3,27,capture,velocity,7,2.5345696771997472
D3,27,capture,smoothness,0,1.1256322422764302
D3,27,capture,smoothness,1,0.9331640977343278
D3,27,capture,smoothness,2,0.6227866559055936
D3,27,capture,smoothness,3,0.6301540514343887
D3,27,capture,smoothness,4,0.6685920156634734
D3,27,capture,smoothness,5,0.7915590816957617
D3,27,capture,smoothness,6,0.8049380967770159
D3,27,capture,smoothness,7,0.7984193336018844
D3,27,hold,object,0,61.80484401071923
D3,27,hold,object,1,60.18905188916771
D3,27,hold,object,2,59.59688959864937
D3,27,hold,object,3,59.09271113958106
D3,27,hold,object,4,58.61973484482232
D3,27,hold,object,5,58.2402444179191
D3,27,hold,object,6,57.95319103823923
D3,27,hold,object,7,57.75133477608056
D3,27,hold,grasp,0,30.205337738488097
D3,27,hold,grasp,1,27.825569972577203
D3,27,hold,grasp,2,27.745719761668756
D3,27,hold,grasp,3,27.770878821680764
D3,27,hold,grasp,4,27.765410531289366
D3,27,hold,grasp,5,27.750049339933692
D3,27,hold,grasp,6,27.73520012058938
D3,27,hold,grasp,7,27.726006929949925
D3,27,hold,compression,0,68.00487447946487
D3,27,hold,compression,1,68.68849920110289
D3,27,hold,compression,2,68.78458721009068
D3,27,hold,compression,3,68.68015126495847
D3,27,hold,compression,4,68.53985750182063
D3,27,hold,compression,5,68.41045208272831
D3,27,hold,compression,6,68.30953094636678
D3,27,hold,compression,7,68.23645895866763
D3,27,hold,velocity,0,1.9725139725206275
D3,27,hold,velocity,1,1.8966659164602198
D3,27,hold,velocity,2,2.143022756245892
D3,27,hold,velocity,3,2.3946776209979483
D3,27,hold,velocity,4,2.452972818706052
D3,27,hold,velocity,5,2.467584279652423
D3,27,hold,velocity,6,2.4674931386632695
D3,27,hold,velocity,7,2.4277616364932473
D3,27,hold,smoothness,0,1.6471964322914692
D3,27,hold,smoothness,1,1.3409571754792045
D3,27,hold,smoothness,2,1.3825288743745938
D3,27,hold,smoothness,3,1.351620877557361
D3,27,hold,smoothness,4,1.4856978797654528
D3,27,hold,smoothness,5,1.7104911901134203
D3,27,hold,smoothness,6,1.727399568823317
D3,27,hold,smoothness,7,1.7423703244836881
M0,7,intercept,object,0,1703.7612012958127
M0,7,intercept,object,1,1356.8536882259214
M0,7,intercept,object,2,1129.995038182729
M0,7,intercept,object,3,821.2500754051704
M0,7,intercept,object,4,458.7251372742653
M0,7,intercept,object,5,236.6976758037533
M0,7,intercept,object,6,137.3005550580814
M0,7,intercept,object,7,91.45182177846993
M0,7,intercept,grasp,0,414.31833222633526
M0,7,intercept,grasp,1,342.30619797807304
M0,7,intercept,grasp,2,319.4811184976502
M0,7,intercept,grasp,3,307.21816867672504
M0,7,intercept,grasp,4,298.83682847891873
M0,7,intercept,grasp,5,292.7493517071362
M0,7,intercept,grasp,6,288.70102524734637
M0,7,intercept,grasp,7,286.327189313579
M0,7,intercept,compression,0,0.07235640434918404
M0,7,intercept,compression,1,0.0721192791517153
M0,7,intercept,compression,2,0.0725471753770907
M0,7,intercept,compression,3,0.07317383162875267
M0,7,intercept,compression,4,0.07377984215984613
M0,7,intercept,compression,5,0.07426277447180657
M0,7,intercept,compression,6,0.07461291062625434
M0,7,intercept,compression,7,0.07484038730026993
M0,7,intercept,velocity,0,2.978057341855313
M0,7,intercept,velocity,1,3.3253713748759552
M0,7,intercept,velocity,2,7.035127654914349
M0,7,intercept,velocity,3,6.752164536356446
M0,7,intercept,velocity,4,6.551802169654245
M0,7,intercept,velocity,5,6.727138782334244
M0,7,intercept,velocity,6,6.695187823415895
M0,7,intercept,velocity,7,5.920616071611437
M0,7,intercept,smoothness,0,1.1746104873692387
M0,7,intercept,smoothness,1,0.3505522558272689
M0,7,intercept,smoothness,2,0.4141507045505516
M0,7,intercept,smoothness,3,0.3286752999065662
M0,7,intercept,smoothness,4,0.3397986960885167
M0,7,intercept,smoothness,5,0.42014327481682784
M0,7,intercept,smoothness,6,0.39259624676526117
M0,7,intercept,smoothness,7,0.39675349734946846
M0,7,pre_impact,object,0,1550.5264510912828
M0,7,pre_impact,object,1,1284.7278933066525
M0,7,pre_impact,object,2,1098.1888716959413
M0,7,pre_impact,object,3,821.3187461872778
M0,7,pre_impact,object,4,485.5524788469157
M0,7,pre_impact,object,5,266.2769421568877
M0,7,pre_impact,object,6,160.86570546295988
M0,7,pre_impact,object,7,109.37697717951679
M0,7,pre_impact,grasp,0,82.27277130971736
M0,7,pre_impact,grasp,1,82.8754744427275
M0,7,pre_impact,grasp,2,84.12432476768168
M0,7,pre_impact,grasp,3,84.95493639404881
M0,7,pre_impact,grasp,4,85.3866989805472
M0,7,pre_impact,grasp,5,85.6735868908396
M0,7,pre_impact,grasp,6,85.85936120032234
M0,7,pre_impact,grasp,7,85.92897633654299
M0,7,pre_impact,compression,0,0.6291703004663731
M0,7,pre_impact,compression,1,0.6244025769135118
M0,7,pre_impact,compression,2,0.6199320356803298
M0,7,pre_impact,compression,3,0.6138365124447434
M0,7,pre_impact,compression,4,0.607769983570164
M0,7,pre_impact,compression,5,0.60280053508616
M0,7,pre_impact,compression,6,0.5991033493596796
M0,7,pre_impact,compression,7,0.5964174469656299
M0,7,pre_impact,velocity,0,2.6245259441928033
M0,7,pre_impact,velocity,1,1.5844704481241485
M0,7,pre_impact,velocity,2,1.1746844115747077
M0,7,pre_impact,velocity,3,1.195136254220427
M0,7,pre_impact,velocity,4,1.2535824399438757
M0,7,pre_impact,velocity,5,1.2651323178306353
M0,7,pre_impact,velocity,6,1.2760647919665749
M0,7,pre_impact,velocity,7,1.377234551768642
M0,7,pre_impact,smoothness,0,1.5900726312848834
M0,7,pre_impact,smoothness,1,0.39815474787712873
M0,7,pre_impact,smoothness,2,0.46501111311631477
M0,7,pre_impact,smoothness,3,0.30571187078482454
M0,7,pre_impact,smoothness,4,0.23183936415673173
M0,7,pre_impact,smoothness,5,0.22417635915128797
M0,7,pre_impact,smoothness,6,0.23028572418929952
M0,7,pre_impact,smoothness,7,0.2169163769568754
M0,7,capture,object,0,301.93501700077104
M0,7,capture,object,1,251.0216022917166
M0,7,capture,object,2,226.28906056647617
M0,7,capture,object,3,189.41118855971317
M0,7,capture,object,4,130.40050054368157
M0,7,capture,object,5,85.61483207749784
M0,7,capture,object,6,60.68387754463098
M0,7,capture,object,7,46.523578762094154
M0,7,capture,grasp,0,322.30158851409647
M0,7,capture,grasp,1,257.36660539051104
M0,7,capture,grasp,2,236.65252844756478
M0,7,capture,grasp,3,225.13823947853538
M0,7,capture,grasp,4,217.1872203967505
M0,7,capture,grasp,5,211.40809703332837
M0,7,capture,grasp,6,207.55743873667572
M0,7,capture,grasp,7,205.28332377427887
M0,7,capture,compression,0,295.1135610080906
M0,7,capture,compression,1,295.57141215475
M0,7,capture,compression,2,300.617460975138
M0,7,capture,compression,3,307.65836664496084
M0,7,capture,compression,4,314.4230934116565
M0,7,capture,compression,5,319.7849274431978
M0,7,capture,compression,6,323.68562697595155
M0,7,capture,compression,7,326.28966734014153
M0,7,capture,velocity,0,1.88951636970256
M0,7,capture,velocity,1,3.9615963587645333
M0,7,capture,velocity,2,12.632443315743824
M0,7,capture,velocity,3,11.889982130857902
M0,7,capture,velocity,4,11.404326568598673
M0,7,capture,velocity,5,11.963282902476264
M0,7,capture,velocity,6,11.94089793095577
M0,7,capture,velocity,7,9.90980534088421
M0,7,capture,smoothness,0,1.416103654283002
M0,7,capture,smoothness,1,0.6300857919331572
M0,7,capture,smoothness,2,1.0142520491442844
M0,7,capture,smoothness,3,1.0578979694079693
M0,7,capture,smoothness,4,1.7353484677728928
M0,7,capture,smoothness,5,3.086706463695069
M0,7,capture,smoothness,6,2.588901841414487
M0,7,capture,smoothness,7,2.790460646851022
M0,7,hold,object,0,869.8040459991753
M0,7,hold,object,1,818.5639924491999
M0,7,hold,object,2,796.877229541782
M0,7,hold,object,3,679.3768247245125
M0,7,hold,object,4,464.9053959918174
M0,7,hold,object,5,297.23051170823794
M0,7,hold,object,6,204.3903230724644
M0,7,hold,object,7,153.60631042225535
M0,7,hold,grasp,0,10.89812336753615
M0,7,hold,grasp,1,11.27592822755223
M0,7,hold,grasp,2,11.541447217678206
M0,7,hold,grasp,3,11.714269492776676
M0,7,hold,grasp,4,11.820840763549217
M0,7,hold,grasp,5,11.896543720068506
M0,7,hold,grasp,6,11.94602020067661
M0,7,hold,grasp,7,11.965665445578946
M0,7,hold,compression,0,47.253219019206675
M0,7,hold,compression,1,46.99721244353399
M0,7,hold,compression,2,46.70851976429994
M0,7,hold,compression,3,46.33625417495645
M0,7,hold,compression,4,45.974222984864454
M0,7,hold,compression,5,45.67774991974893
M0,7,hold,compression,6,45.456623395109396
M0,7,hold,compression,7,45.29523672343582
M0,7,hold,velocity,0,1.7045579593822102
M0,7,hold,velocity,1,1.122327627561078
M0,7,hold,velocity,2,0.9294773832466079
M0,7,hold,velocity,3,0.9554221414251008
M0,7,hold,velocity,4,0.9870225150524738
M0,7,hold,velocity,5,0.9927131239728192
M0,7,hold,velocity,6,0.999544877870837
M0,7,hold,velocity,7,1.059874050713365
M0,7,hold,smoothness,0,3.561650600651276
M0,7,hold,smoothness,1,1.2462414155712216
M0,7,hold,smoothness,2,1.3684617966378503
M0,7,hold,smoothness,3,1.018885234157221
M0,7,hold,smoothness,4,0.861126428890706
M0,7,hold,smoothness,5,0.8681921057955211
M0,7,hold,smoothness,6,0.8872827409099946
M0,7,hold,smoothness,7,0.8518923875092459
M0,17,intercept,object,0,353.16463229624446
M0,17,intercept,object,1,235.73794219430903
M0,17,intercept,object,2,200.0258660512679
M0,17,intercept,object,3,150.86607066187173
M0,17,intercept,object,4,123.31895130384817
M0,17,intercept,object,5,102.38927831274962
M0,17,intercept,object,6,86.00232577838442
M0,17,intercept,object,7,73.1185938464883
M0,17,intercept,grasp,0,322.1964977311984
M0,17,intercept,grasp,1,369.8869084557537
M0,17,intercept,grasp,2,336.0164947730171
M0,17,intercept,grasp,3,281.7402775218693
M0,17,intercept,grasp,4,269.512470153096
M0,17,intercept,grasp,5,267.41534148382345
M0,17,intercept,grasp,6,266.4069031054338
M0,17,intercept,grasp,7,265.8680346675103
M0,17,intercept,compression,0,0.11773165783604264
M0,17,intercept,compression,1,0.14991811289086052
M0,17,intercept,compression,2,0.3779326513771978
M0,17,intercept,compression,3,0.3557664353463415
M0,17,intercept,compression,4,0.3604510012594735
M0,17,intercept,compression,5,0.36474901892079165
M0,17,intercept,compression,6,0.3675116494469625
M0,17,intercept,compression,7,0.36946091179956403
M0,17,intercept,velocity,0,1.9125996621573451
M0,17,intercept,velocity,1,1.5211626738966746
M0,17,intercept,velocity,2,1.1672956132762378
M0,17,intercept,velocity,3,2.326342312911171
M0,17,intercept,velocity,4,9.279501994443576
M0,17,intercept,velocity,5,8.720612028448713
M0,17,intercept,velocity,6,9.143898363370532
M0,17,intercept,velocity,7,9.365830566821465
M0,17,intercept,smoothness,0,0.2135335919224063
M0,17,intercept,smoothness,1,2.7745659607224864
M0,17,intercept,smoothness,2,1.4746110593447588
M0,17,intercept,smoothness,3,0.30836805291702724
M0,17,intercept,smoothness,4,0.18803198333170648
M0,17,intercept,smoothness,5,0.18302677461185213
M0,17,intercept,smoothness,6,0.6022362120762055
M0,17,intercept,smoothness,7,0.8276570850770761
M0,17,pre_impact,object,0,275.4104785203705
M0,17,pre_impact,object,1,189.90483184276619
M0,17,pre_impact,object,2,163.009295981402
M0,17,pre_impact,object,3,125.5427616099968
M0,17,pre_impact,object,4,104.25961080983566
M0,17,pre_impact,object,5,87.99896914332918
M0,17,pre_impact,object,6,75.19748348851152
M0,17,pre_impact,object,7,65.0982880960799
M0,17,pre_impact,grasp,0,301.4124399025626
M0,17,pre_impact,grasp,1,339.4178585441642
M0,17,pre_impact,grasp,2,308.7448816978358
M0,17,pre_impact,grasp,3,264.9475986770943
M0,17,pre_impact,grasp,4,254.8319370994533
M0,17,pre_impact,grasp,5,253.07370231428933
M0,17,pre_impact,grasp,6,252.22682757526553
M0,17,pre_impact,grasp,7,251.7752006413085
M0,17,pre_impact,compression,0,1.9430965037169219
M0,17,pre_impact,compression,1,2.3992986095642324
M0,17,pre_impact,compression,2,5.648135996141888
M0,17,pre_impact,compression,3,5.435460887797888
M0,17,pre_impact,compression,4,5.513548918354932
M0,17,pre_impact,compression,5,5.579160425232261
M0,17,pre_impact,compression,6,5.621568918616635
M0,17,pre_impact,compression,7,5.651680020704475
M0,17,pre_impact,velocity,0,1.751182461372669
M0,17,pre_impact,velocity,1,1.4436962670899658
M0,17,pre_impact,velocity,2,1.0890289608233834
M0,17,pre_impact,velocity,3,2.0881147248769576
M0,17,pre_impact,velocity,4,7.2244170106700265
M0,17,pre_impact,velocity,5,6.7834157171169345
M0,17,pre_impact,velocity,6,7.085473262271475
M0,17,pre_impact,velocity,7,7.249873713973753
M0,17,pre_impact,smoothness,0,0.2724617114096364
M0,17,pre_impact,smoothness,1,2.6055881476171425
M0,17,pre_impact,smoothness,2,1.494698645423137
M0,17,pre_impact,smoothness,3,0.3461455683183411
M0,17,pre_impact,smoothness,4,0.23804659837199338
M0,17,pre_impact,smoothness,5,0.2329712045622751
M0,17,pre_impact,smoothness,6,0.6567900208040527
M0,17,pre_impact,smoothness,7,0.8722719019925852
M0,17,capture,object,0,88.85804113233444
M0,17,capture,object,1,69.36726498497893
M0,17,capture,object,2,62.875582643505325
M0,17,capture,object,3,52.55042449257079
M0,17,capture,object,4,46.3548159294958
M0,17,capture,object,5,41.75146265890889
M0,17,capture,object,6,38.26767823172589
M0,17,capture,object,7,35.57600837150913
M0,17,capture,grasp,0,173.74987660951592
M0,17,capture,grasp,1,181.3955307245379
M0,17,capture,grasp,2,171.27665502025383
M0,17,capture,grasp,3,161.5801884723031
M0,17,capture,grasp,4,159.3718711446917
M0,17,capture,grasp,5,158.94985882543017
M0,17,capture,grasp,6,158.72495625340113
M0,17,capture,grasp,7,158.5837414772008
M0,17,capture,compression,0,30.47062981821925
M0,17,capture,compression,1,35.13837546694001
M0,17,capture,compression,2,61.63938983007451
M0,17,capture,compression,3,59.08660470367491
M0,17,capture,compression,4,59.59857010424397
M0,17,capture,compression,5,60.04263557172606
M0,17,capture,compression,6,60.31474060714371
M0,17,capture,compression,7,60.500517255316446
M0,17,capture,velocity,0,2.1939624002066362
M0,17,capture,velocity,1,2.2283890318142747
M0,17,capture,velocity,2,2.2104567043624637
M0,17,capture,velocity,3,2.3725769655509086
M0,17,capture,velocity,4,3.898917332130983
M0,17,capture,velocity,5,3.659338300334412
M0,17,capture,velocity,6,3.7558662271879535
M0,17,capture,velocity,7,3.8391316590716267
M0,17,capture,smoothness,0,0.5863916846515834
M0,17,capture,smoothness,1,2.0158945835201774
M0,17,capture,smoothness,2,1.467343545909331
M0,17,capture,smoothness,3,0.6236702043265062
M0,17,capture,smoothness,4,0.5777158825622474
M0,17,capture,smoothness,5,0.5942854068326346
M0,17,capture,smoothness,6,0.8279246313229403
M0,17,capture,smoothness,7,0.9601213078261935
M0,17,hold,object,0,186.33339481257534
M0,17,hold,object,1,152.0884704718081
M0,17,hold,object,2,139.38876108015862
M0,17,hold,object,3,122.03516933340094
M0,17,hold,object,4,111.68640012641275
M0,17,hold,object,5,103.32307521293346
M0,17,hold,object,6,96.29310859363304
M0,17,hold,object,7,90.2518935816415
M0,17,hold,grasp,0,22.278463046169843
M0,17,hold,grasp,1,23.608424845093406
M0,17,hold,grasp,2,22.657852919929216
M0,17,hold,grasp,3,21.239273226722947
M0,17,hold,grasp,4,20.833809740632045
M0,17,hold,grasp,5,20.772824072854036
M0,17,hold,grasp,6,20.746871216640002
M0,17,hold,grasp,7,20.734547129349064
M0,17,hold,compression,0,91.97115595204622
M0,17,hold,compression,1,102.51095333276426
M0,17,hold,compression,2,161.92300635582984
M0,17,hold,compression,3,159.96644331280234
M0,17,hold,compression,4,161.4595542382635
M0,17,hold,compression,5,162.5788734320608
M0,17,hold,compression,6,163.28829661551228
M0,17,hold,compression,7,163.78456224462636
M0,17,hold,velocity,0,1.414506107150126
M0,17,hold,velocity,1,1.2566617221711291
M0,17,hold,velocity,2,1.1142159242706031
M0,17,hold,velocity,3,1.474013872488597
M0,17,hold,velocity,4,2.7502153840551418
M0,17,hold,velocity,5,2.690718361953241
M0,17,hold,velocity,6,2.7646056190618045
M0,17,hold,velocity,7,2.8048911873484297
M0,17,hold,smoothness,0,1.0999767933417433
M0,17,hold,smoothness,1,3.997998654513638
M0,17,hold,smoothness,2,3.181692279847202
M0,17,hold,smoothness,3,1.3104916851310022
M0,17,hold,smoothness,4,1.0013424399117417
M0,17,hold,smoothness,5,0.9828701529520444
M0,17,hold,smoothness,6,1.6826411157501557
M0,17,hold,smoothness,7,1.965337778963859
M0,27,intercept,object,0,398.0740247148637
M0,27,intercept,object,1,233.96272634340602
M0,27,intercept,object,2,180.3336187338091
M0,27,intercept,object,3,162.75164624369805
M0,27,intercept,object,4,147.0732369187459
M0,27,intercept,object,5,128.25604579845822
M0,27,intercept,object,6,109.82134327710133
M0,27,intercept,object,7,93.9736980710395
M0,27,intercept,grasp,0,243.83751463343785
M0,27,intercept,grasp,1,253.4219900431035
M0,27,intercept,grasp,2,262.7598365709632
M0,27,intercept,grasp,3,264.0286684581181
M0,27,intercept,grasp,4,263.12675238448617
M0,27,intercept,grasp,5,261.72161787235177
M0,27,intercept,grasp,6,260.32125995245127
M0,27,intercept,grasp,7,258.8985348345781
M0,27,intercept,compression,0,0.11833407378414713
M0,27,intercept,compression,1,0.1299954179704023
M0,27,intercept,compression,2,0.13721274838005051
M0,27,intercept,compression,3,0.13919150406814512
M0,27,intercept,compression,4,0.13957834715071737
M0,27,intercept,compression,5,0.1395640140860651
M0,27,intercept,compression,6,0.13945309649589357
M0,27,intercept,compression,7,0.13933203269379152
M0,27,intercept,velocity,0,1.311800346617655
M0,27,intercept,velocity,1,1.4244102737250972
M0,27,intercept,velocity,2,3.9202250446089124
M0,27,intercept,velocity,3,6.311279363294099
M0,27,intercept,velocity,4,6.891413723508897
M0,27,intercept,velocity,5,7.096968360869436
M0,27,intercept,velocity,6,7.275484334550696
M0,27,intercept,velocity,7,7.8930032510055375
M0,27,intercept,smoothness,0,0.2217689344689662
M0,27,intercept,smoothness,1,0.2857129355844852
M0,27,intercept,smoothness,2,0.23911840207883017
M0,27,intercept,smoothness,3,0.31486113401398513
M0,27,intercept,smoothness,4,0.3907912151277334
M0,27,intercept,smoothness,5,0.6771958443120257
M0,27,intercept,smoothness,6,0.793752786525775
M0,27,intercept,smoothness,7,0.8006725885753834
M0,27,pre_impact,object,0,131.59156044974424
M0,27,pre_impact,object,1,90.46298575482052
M0,27,pre_impact,object,2,76.70999745944036
M0,27,pre_impact,object,3,72.34318895816435
M0,27,pre_impact,object,4,68.55779891458297
M0,27,pre_impact,object,5,63.753047190365066
M0,27,pre_impact,object,6,58.651675921650764
M0,27,pre_impact,object,7,53.91575319470872
M0,27,pre_impact,grasp,0,245.67111884764918
M0,27,pre_impact,grasp,1,243.73676408356317
M0,27,pre_impact,grasp,2,245.15629075375196
M0,27,pre_impact,grasp,3,245.43295615909526
M0,27,pre_impact,grasp,4,245.28098663049244
M0,27,pre_impact,grasp,5,245.05585427088096
M0,27,pre_impact,grasp,6,244.83908285513854
M0,27,pre_impact,grasp,7,244.62893819575245
M0,27,pre_impact,compression,0,0.9506346345131277
M0,27,pre_impact,compression,1,0.9683690428347488
M0,27,pre_impact,compression,2,0.9795840436846541
M0,27,pre_impact,compression,3,0.9841902598488455
M0,27,pre_impact,compression,4,0.9866416859273249
M0,27,pre_impact,compression,5,0.988273512874716
M0,27,pre_impact,compression,6,0.98936265183144
M0,27,pre_impact,compression,7,0.990064166123417
M0,27,pre_impact,velocity,0,4.8739406033279185
M0,27,pre_impact,velocity,1,3.7436745996122003
M0,27,pre_impact,velocity,2,3.2071560763710196
M0,27,pre_impact,velocity,3,3.854448279452193
M0,27,pre_impact,velocity,4,4.012643045919094
M0,27,pre_impact,velocity,5,4.062975137855931
M0,27,pre_impact,velocity,6,4.107123897435448
M0,27,pre_impact,velocity,7,4.25680135666053
M0,27,pre_impact,smoothness,0,0.5340264380336353
M0,27,pre_impact,smoothness,1,0.4611046093583835
M0,27,pre_impact,smoothness,2,0.45559754819375187
M0,27,pre_impact,smoothness,3,0.41654325410058485
M0,27,pre_impact,smoothness,4,0.43632491438864507
M0,27,pre_impact,smoothness,5,0.513394674056872
M0,27,pre_impact,smoothness,6,0.542959194811379
M0,27,pre_impact,smoothness,7,0.5451684085892236
M0,27,capture,object,0,21.43877067153423
M0,27,capture,object,1,20.732113874273672
M0,27,capture,object,2,20.60280238044708
M0,27,capture,object,3,20.559834645710357
M0,27,capture,object,4,20.55980051001133
M0,27,capture,object,5,20.62944114505789
M0,27,capture,object,6,20.774512912904044
M0,27,capture,object,7,20.963075343113076
M0,27,capture,grasp,0,150.1973568186588
M0,27,capture,grasp,1,149.86501183298384
M0,27,capture,grasp,2,149.13066880114164
M0,27,capture,grasp,3,149.51771417644392
M0,27,capture,grasp,4,150.0766560079145
M0,27,capture,grasp,5,150.5846427287775
M0,27,capture,grasp,6,150.9869639099025
M0,27,capture,grasp,7,151.30063847408772
M0,27,capture,compression,0,28.58483448024754
M0,27,capture,compression,1,28.759674214184585
M0,27,capture,compression,2,28.694580766133942
M0,27,capture,compression,3,28.628624790963734
M0,27,capture,compression,4,28.590182629790107
M0,27,capture,compression,5,28.564594820970694
M0,27,capture,compression,6,28.54798871034324
M0,27,capture,compression,7,28.540063139567458
M0,27,capture,velocity,0,3.7596821234593936
M0,27,capture,velocity,1,3.5479877677291154
M0,27,capture,velocity,2,2.4868285436754154
M0,27,capture,velocity,3,2.2271700087277866
M0,27,capture,velocity,4,2.1560190447394487
M0,27,capture,velocity,5,2.1350068152280266
M0,27,capture,velocity,6,2.1245799745133542
M0,27,capture,velocity,7,2.1055878955850917
M0,27,capture,smoothness,0,1.0903365639757705
M0,27,capture,smoothness,1,0.8316231771795689
M0,27,capture,smoothness,2,0.9306489186437292
M0,27,capture,smoothness,3,0.8473403204027217
M0,27,capture,smoothness,4,0.8215144099247216
M0,27,capture,smoothness,5,0.7699615429323607
M0,27,capture,smoothness,6,0.745971480974249
M0,27,capture,smoothness,7,0.7469029610199894
M0,27,hold,object,0,147.39785351618522
M0,27,hold,object,1,126.82333774413927
M0,27,hold,object,2,119.51212654534307
M0,27,hold,object,3,117.61386359285079
M0,27,hold,object,4,116.45152354481219
M0,27,hold,object,5,114.55748165917106
M0,27,hold,object,6,111.4942896320381
M0,27,hold,object,7,107.39106655465682
M0,27,hold,grasp,0,20.271310132498098
M0,27,hold,grasp,1,20.17877400088634
M0,27,hold,grasp,2,20.33139899497894
M0,27,hold,grasp,3,20.340855906369676
M0,27,hold,grasp,4,20.311088193069153
M0,27,hold,grasp,5,20.277384208855285
M0,27,hold,grasp,6,20.247108853544365
M0,27,hold,grasp,7,20.219598821513422
M0,27,hold,compression,0,78.49443098742276
M0,27,hold,compression,1,81.129311123103
M0,27,hold,compression,2,82.56400119880522
M0,27,hold,compression,3,83.03609302395355
M0,27,hold,compression,4,83.25454531337986
M0,27,hold,compression,5,83.39559867814442
M0,27,hold,compression,6,83.48901258917739
M0,27,hold,compression,7,83.55171127116566
M0,27,hold,velocity,0,1.2994674646485747
M0,27,hold,velocity,1,1.3176012611502652
M0,27,hold,velocity,2,1.8647635263350193
M0,27,hold,velocity,3,2.1931675357237577
M0,27,hold,velocity,4,2.247140065546615
M0,27,hold,velocity,5,2.260261046022995
M0,27,hold,velocity,6,2.2726846466068826
M0,27,hold,velocity,7,2.3043620385243115
M0,27,hold,smoothness,0,1.3280780232031053
M0,27,hold,smoothness,1,1.298782388061855
M0,27,hold,smoothness,2,1.191725211996035
M0,27,hold,smoothness,3,1.2433112009529976
M0,27,hold,smoothness,4,1.3775637124256834
M0,27,hold,smoothness,5,1.6291725145401286
M0,27,hold,smoothness,6,1.6874361397665232
M0,27,hold,smoothness,7,1.700224882687463
